word,stem
beereed,beer
beeray,beer
beero,beer
beerid,beer
beeraya,beer
beerashada,beer
beeraha,beer
beeridda,beer
beerood,beer
beerku,beer
beeryarada,beer
beeraayo,beer
beerto,beer
beerka,beer
beerabuurid,beer
beerabuuris,beer
beerabuur,beer
beeraley,beer
beerrey,beer
beerasho,beer
beercaddaad,beer
beercaddaansho,beer
beercaddow,beer
beerdulacsad,beer
beerdulucsasho,beer
beerdulacsasho,beer
beerdulacsi,beer
beerdulacso,beer
beerdulucso,beer
beerdul,beer
beerdulucsi,beer
beerfal,beer
beerfalid,beer
beerfalasho,beer
beerta,beer
beerfalis,beer
beerfalow,beer
beerfarriije,beer
beerfuur,beer
beergooyo,beer
beergooye,beer
beeralay,beer
beeryo,beer
beergoys,beer
beeri,beer
beeris,beer
beerin,beer
beerjilcan,beer
beerjilcanaan,beer
beerjilcanaansho,beer
beerjileec,beer
beerkurus,beer
beerkutaal,beer
beerkutaallo,beer
beerlaag,beer
beerlamaane,beer
beerlaxawsad,beer
beerlaxawsasho,beer
beerlaxawso,beer
beerlaxawsi,beer
beermid,beer
beernaan,beer
beernaansho,beer
beernugeyl,beer
beernuglaan,beer
beernugul,beer
beernuglanaansho,beer
beernuglow,beer
beerqaadid,beer
beersaarid,beer
beersaaro,beer
beertacab,beer
beerxaw,beer
beerma,beer
beera,beer
beerfur,beer
beerkutaasha,beer
beernaa,beer
beertii,beer
beerlammaa,beer
beerdulucsanayo,beer
beeraleyda,beer
beernayn,beer
beerkii,beer
beertana,beer
beereedka,beer
beermo,beer
beeryaraduna,beeryoro
beerahana,beer
beerkisa,beer
beeraa,beer
beerdhigeddeeda,beer
beertiisa,beer
beerayey,beer
beertooda,beer
beerista,beer
beeralaydu,beer
foofid,foof
foofaya,foof
fooftay,foof
foofi,foof
foofin,foof
foofis,foof
foofiye,foof
foofsad,foof
foofsasho,foof
foofso,foof
foofsi,foof
foofaha,foof
Maydhax,Maydhax
aabayeelid,aabayeel
aabburay,aabbur
aabburmay,aabbur
aabburanyahay,aabbur
aabburid,aabbur
aabburmid,aabbur
aabburnaan,aabbur
aabburnaansho,aabbur
aabburo,aabbur
aabburkii,aabbur
aabburanyahay,aabburan
aaddaan,aaddaan
aaddanyihiin,aaddan
aaddanyahay,aaddan
aaddanaan,aaddan
aaddanaansho,aaddan
aaddanaa,aaddan
aagaanta,aagaan
aagaanka,aagaan
ąamminso,ąammin
ąamminaad,ąammin
ąamminid,ąammin
ąamminbax,ąammin
ąamminbixid,ąammin
ąammindarreysad,ąammin
ąammindarreysasho,ąammin
ąammindarreysi,ąammin
ąammindarreyso,ąammin
ąammindarro,ąammin
ąamminnimo,ąammin
ąamminsan,ąammin
ąamminsanaan,ąammin
ąamminsanaansho,ąammin
ąamminsanow,ąammin
ąamminsii,ąammin
ąamminsiin,ąammin
aammusdarnaan,aammus
aammusid,aammus
aammusan,aammus
aammusdaran,aammus
aammusaynin,aammus
aammusdarnaansho,aammus
aammusi,aammus
aammusin,aammus
aammusis,aammus
aammusnaan,aammus
aammusnaansho,aammus
aammusiiyo,aammus
abaadi,abaad
abaadsii,abaad
abaadid,abaad
abaadin,abaad
abaadsiin,abaad
abaaday,abaad
aasaasay,aasaas
aasaaska,aasaas
aasaasiga,aasaas
aasaasi,aasaas
aasaasid,aasaas
aasaasmid,aasaas
aasaasnaan,aasaas
aasaasnaansho,aasaas
aasaasmeen,aasaas
aasaasta,aasaas
asaasid,asaas
asaasi,asaas
asaasmid,asaas
asaasnaan,asaas
asaasiga,asaas
asaasnaansho,asaas
asaasmin,asaas
asaasay,asaas
asaasasho,asaas
aasantay,aasan
aawilid,aawil
awaalid,awaal
awaalay,awaal
awaalo,awaal
awaalka,awaal
awaaley,awaal
aayodhiin,aayo
aayon,aayo
aayoonayn,aayo
aayoonka,aayo
aayoonaynta,aayo
aayooneed,aayo
abaabid,abaab
abaabi,abaab
abaabis,abaab
abaabin,abaab
abaabulid,abaab
abaabulan,abaab
abaabulay,abaab
abaabule,abaab
abaabulnaan,abaab
abaabulnaansho,abaab
ababid,abab
ababi,abab
ababin,abab
ababis,abab
abaabulid,abaabul
abaabulan,abaabul
abaabulay,abaabul
abaabule,abaabul
abaabulnaan,abaabul
abaabulnaansho,abaabul
abaahiyid,abaahi
abaahin,abaahi
abaahiqab,abaahi
abaahis,abaahi
abaahidoon,abaahi
abaahiyay,abaahi
abaahiyo,abaahi
abaahisiin,abaahi
abaahida,abaahi
abaahiyaan,abaahi
abaahinaya,abaahi
abaajiyid,abaaji
abaaldhaca,abaaldhac
abaalgudid,abaalgud
abaqaalid,abaqaal
abqaalid,abqaal
abqaal,abqaal
abasaxi,abasax
abasaxan,abasax
abasaxsan,abasax
abasaxnaan,abasax
abasaxsanaan,abasax
abasaxnaansho,abasax
abasaxsanaansho,abasax
abbaarid,abbaar
abbaartiisu,abbaar
abbaare,abbaar
abbaaraha,abbaar
abbaarmid,abbaar
abbaarnaan,abbaar
abbaarnaansho,abbaar
abbaarqaadasho,abbaar
abbaarqaado,abbaar
abbaarsii,abbaar
abbaarsiin,abbaar
abbaarasho,abbaar
abbaaray,abbaar
abbaaridda,abbaar
abbaarmaan,abbaar
abbaaraa,abbaar
abbaareen,abbaar
abbaaro,abbaar
abbaarka,abbaar
cambuulee,cambuul
cambuulo,cambuul
cambuuleyn,cambuul
cambuuleeyey,cambuul
abnaqid,abnaq
abnaqyada,abnaq
aboornimo,aboor
aboorka,aboor
abraarid,abraar
abraarsii,abraar
abraarsiin,abraar
abraarsiis,abraar
abuuri,abuur
abuurid,abuur
abuuraan,abuur
abuuray,abuur
abuuris,abuur
abuurcas,abuur
abuure,abuur
abuuraya,abuur
abuuritaan,abuur
abuurmid,abuur
abuurnaan,abuur
abuurnaansho,abuur
abuuranyahay,abuur
abuurma,abuur
abuurka,abuur
abuurmo,abuur
abuurtaa,abuur
abuurista,abuur
abuuraa,abuur
abuura,abuur
abuurta,abuur
abuurmay,abuur
abuuro,abuur
abuurad,abuur
abuursasho,abuur
abuurasho,abuur
abuursad,abuur
abuuranto,abuur
abuurayo,abuur
abuurmaan,abuur
abuurin,abuur
abuurto,abuur
abuurmeen,abuur
abuurku,abuur
abuurkii,abuur
abuuranyahay,abuuran
abuuranto,abuuran
abyanaha,abyan
abyane,abyan
abyanka,abyan
abyanku,abyan
adable,adab
adablaha,adab
adaddaahid,adaddaah
addeecid,addeec
addeecis,addeec
addeecsan,addeec
addeecay,addeec
addeecsanaan,addeec
addeecsanaansho,addeec
addeecin,addeec
addeeci,addeec
addeeciddiisa,addeec
addinku,addin
addinmaal,addin
addinle,addin
addinka,addin
addinba,addin
addinl,addin
addinleyda,addin
addoonnimo,addoon
addoonsad,addoon
addoonsasho,addoon
addoonso,addoon
addoonsi,addoon
addoonsada,addoon
adeegsiga,adeeg
adeegsado,adeeg
adeegsaday,adeeg
adeegsadee,adeeg
adeegsad,adeeg
adeegsi,adeeg
adeegsigiisu,adeeg
adeegsato,adeeg
adeegsadaan,adeeg
adeegsanin,adeeg
adeegsan,adeeg
adeegsadana,adeeg
adeegto,adeeg
adeegsigo,adeeg
adeegsa,adeeg
adeegsasho,adeeg
adeegsanaayo,adeeg
adeegasho,adeeg
adeego,adeeg
adeege,adeeg
adeega,adeeg
adeegid,adeeg
adeegso,adeeg
adeegsadaa,adeeg
adeegsanayo,adeeg
adeegyo,adeeg
adeegay,adeeg
adeegasado,adeeg
adeegsada,adeeg
adeegga,adeeg
adeegsata,adeeg
adeegsigiisa,adeeg
adeegtaan,adeeg
adeegsigoodu,adeeg
adkaysiinyo,adkaysi
adkaysin,adkaysi
adkaysiga,adkaysi
afarqaadid,afarqaad
afarqaadis,afarqaad
afarqaadlays,afarqaad
afarqaadle,afarqaad
afarqaadleyn,afarqaad
afarranaan,afarran
afarranaansho,afarran
afbeelid,afbeel
afbuurid,afbuur
afdhabaandhabid,afdhabaandhab
afduubid,afduub
afduuban,afduub
afduubay,afduub
afduube,afduub
afduubnaan,afduub
afduubnaansho,afduub
affurid,affur
affurka,affur
affuran,affur
affuri,affur
affuro,affur
affursii,affur
affurin,affur
affursiin,affur
affurnaan,affur
affurnaansho,affur
afuran,afur
afursan,afur
afurid,afur
afurnaan,afur
afurnaansho,afur
afursanaan,afur
afuri,afur
afursii,afur
afurin,afur
afursiin,afur
afursanaansho,afur
afuro,afur
afgammuurid,afgammuur
afgammuurmid,afgammuur
afgammuurnaan,afgammuur
afgammuurnaansho,afgammuur
afgammuuxid,afgammuux
afgammuuxmid,afgammuux
afgammuuxnaan,afgammuux
afgammuuxnaansho,afgammuux
afgembiyid,afgembi
afgembin,afgembi
afgembiyay,afgembi
afgembiyey,afgembi
afjaaqid,afjaaq
fekerka,feker
fekera,feker
fekersan,feker
fekersanaan,feker
fekersii,feker
fekersiin,feker
fekerid,feker
fekeraya,feker
fekersa,feker
fekersanaansho,feker
fekerin,feker
fekerayo,feker
fekero,feker
aflaxaad,aflax
afmeerid,afmeer
afmeeran,afmeer
afmeernaan,afmeer
afmeernaansho,afmeer
afnaqdo,afnaq
afnaqo,afnaq
afnaqid,afnaq
afrogid,afrog
afrogan,afrog
afrogay,afrog
afrognaan,afrog
afrognaansho,afrog
afruugid,afruug
aftirasho,aftir
aftiro,aftir
aftirid,aftir
aftuurid,aftuur
afxirid,afxir
afxiran,afxir
afxiray,afxir
afxirasho,afxir
afxiro,afxir
afxirnaan,afxir
afxirnaansho,afxir
afuufid,afuuf
afuufay,afuuf
afuufmid,afuuf
afuufnaan,afuuf
afuufnaansho,afuuf
afuufo,afuuf
afuufaan,afuuf
afuufaa,afuuf
afuugid,afuug
agaasinnaan,agaasin
agaasinnaansho,agaasin
agaasinkeeda,agaasin
agabsad,agab
agabsasho,agab
agabso,agab
agabar,agab
agabarasho,agab
agabbarid,agabbarid
agloolid,aglool
agloolan,aglool
agloolay,aglool
agloolnaan,aglool
agloolnaansho,aglool
agloolo,aglool
agmari,agmar
agmarid,agmar
agmarin,agmar
agoonoobid,agoon
agoontoobid,agoon
agoontow,agoon
agoonnimo,agoon
agoonobid,agoon
agoonow,agoon
aguugid,aguug
aguugay,aguug
aguugmid,aguug
aguugnaan,aguug
aguugnaansho,aguug
ajalo,ajal
ajalid,ajal
ajarid,ajar
ajaraysasho,ajar
ajarsasho,ajar
ajarayso,ajar
ajarso,ajar
ajarmid,ajar
ajarnaan,ajar
ajarnaansho,ajar
ajarro,ajar
ajarsad,ajar
ajarsi,ajar
ajiibid,ajiib
ijaarna,ijaar
ijaaran,ijaar
ijaaratay,ijaar
ijaarasho,ijaar
ijaarid,ijaar
ijaarnaan,ijaar
ijaarnaansho,ijaar
alabbasid,alabbas
alabbaslays,alabbas
alabbasleyn,alabbas
alabbaslee,alabbas
alabbasmays,alabbas
alabbasmeyn,alabbas
alalaasid,alalaas
alaladid,alalad
alaladi,alalad
alaladsii,alalad
alaladin,alalad
alaladsiin,alalad
alanle,alan
alanka,alan
alanlaha,alan
alanllaha,alan
alanle,alan
alanlennimadii,alan
albaaban,albaab
albaabay,albaab
albaabid,albaab
albaabjooge,albaab
albaabnaan,albaab
albaabnaansho,albaab
albaabyada,albaab
albaabka,albaab
albaabbada,albaab
albaabada,albaab
albaabo,albaab
albaabadu,albaab
aleeggadid,aleeggad
aleelatuurid,aleelatuur
alkunmid,alkun
alkunnaan,alkun
alkunnaansho,alkun
allabbariyid,allabbari
allifid,allif
allifaad,allif
allife,allif
allifay,allif
aloosantay,aloosan
aloosanyahay,aloosan
alxanmid,alxan
alxannaan,alxan
alxannaansho,alxan
amaamudid,amaamud
amaamudan,amaamud
amaamuday,amaamud
amaamude,amaamud
amaamudnaan,amaamud
amaamudnaansho,amaamud
amakaagid,amakaag
amakaagsan,amakaag
amakaagsanaan,amakaag
amakaagsanaansho,amakaag
amankaagid,amankaag
amankaagsan,amankaag
amankaagsanaan,amankaag
amankaagsanaansh,amankaag
amankaagsanaansho,amankaag
amarka,amar
amareed,amar
amarku,amar
amarkooda,amar
amarkoodu,amar
amarbixin,amar
amarsiin,amar
amardiiddo,amar
amardiidmo,amar
amarkutaaglayn,amar
amarkutaagle,amar
amarkutaagleeye,amar
amarkutaaglee,amar
amarti,amar
amarweynaan,amar
amarweyni,amar
amarkeeda,amar
ambaqaadi,amba
ambaal,amba
ambabbixid,amba
ambabbaxsan,amba
ambabbaxay,amba
ambabbaxsanaan,amba
ambabbaxsanaansho,amba
ambabbixi,amba
ambabbixin,amba
ambabbixis,amba
ambad,amba
ambasho,amba
ambalaas,amba
ambaqaadid,amba
ambaqaadayo,amba
ambabixid,amba
ambado,amba
ambabixinta,amba
ambabixiyo,amba
ambabbaxsan,ambabbax
ambabbaxay,ambabbax
ambabbaxsanaan,ambabbax
ambabbaxsanaansho,ambabbax
ambaqaadi,ambaqaad
ambaqaadid,ambaqaad
ambaqaadayo,ambaqaad
ammaanduul,ammaan
ammaanduule,ammaan
ammaana,ammaan
ammaanan,ammaan
ammaanay,ammaan
ammaanayn,ammaan
ammaanee,ammaan
ammaanaysan,ammaan
ammaanaystay,ammaan
ammaanaysasho,ammaan
ammaanayso,ammaan
ammaanaysii,ammaan
ammaano,ammaan
ammaanaysnaan,ammaan
ammaanaysnaansho,ammaan
ammaangeli,ammaan
ammaangelin,ammaan
ammaanid,ammaan
ammaannaan,ammaan
ammaannaansho,ammaan
ammaansasho,ammaan
ammaanso,ammaan
ammaansi,ammaan
ammaaneysasho,ammaan
ammaanaysiiyo,ammaan
ammaanaysiin,ammaan
ammaanka,ammaan
ammaanta,ammaan
ammaanayo,ammaan
amminka,ammin
amminkiisuna,ammin
amminla,ammin
amminta,ammin
ammineed,ammin
amminsanyahay,ammin
amminsan,ammin
amminkaba,ammin
amminsanaa,ammin
ammink,ammin
amminku,ammin
ammuurayn,ammuur
ammuuree,ammuur
ammuuraysan,ammuur
ammuuraysnaan,ammuur
ammuuraysnaansho,ammuur
ammuureysan,ammuur
ammuureysnaan,ammuur
ammuureysnaansho,ammuur
anaakici,anaa
anaani,anaa
anaaninnimo,anaa
anaaniyad,anaa
anaaniyo,anaa
anaanufid,anaa
anaan,anaa
anaanufid,anaanuf
unuunufid,unuunuf
andaqaadid,andaqaad
anfaco,anfac
anfaca,anfac
anfariirid,anfariir
anfariiri,anfariir
anfariirin,anfariir
anfariirsan,anfariir
anfariirsanaan,anfariir
anfariirsanaansho,anfariir
angarid,angar
angaray,angar
angarmid,angar
angarnaan,angar
angarnaansho,angar
annagoo,anna
annaga,anna
annaaniyad,anna
annagu,anna
ansaxin,ansax
antaradhaafid,antaradhaaf
antaradhaafi,antaradhaaf
antaradhaafin,antaradhaaf
aqalgalkiisa,aqalgal
aqalgalkeeda,aqalgal
aqbalka,aqbal
aqbalo,aqbal
aqbalid,aqbal
aqbalsii,aqbal
aqbalsiin,aqbal
aqbalsanyahay,aqbal
aqoolid,aqool
aqoolan,aqool
aqoolay,aqool
aqoolnaan,aqool
aqoolnaansho,aqool
aqoolxumaan,aqool
aqoolxun,aqool
aqoolxumaansho,aqool
aqoolxumi,aqool
aqoolxumo,aqool
aqoolxun ,aqool
aqoolo,aqool
aqyaarayn,aqyaar
aqyaaree,aqyaar
aqyaarnimo,aqyaar
ikhyaarayn,ikhyaar
ikhyaaree,ikhyaar
ikhyaarnimo,ikhyaar
araasiyid,araasi
aragnay,arag
aragtida,arag
aragnimo,arag
aragtay,arag
aragbeelid,arag
aragga,arag
aragti,arag
aragtiinka,arag
aragxumaan,arag
aragxun,arag
aragxumaansho,arag
aragxumi,arag
aragxumo,arag
aragtidoodu,arag
aragto,arag
araggooda,arag
aragtiyeed,arag
aragtidheer,arag
araggu,arag
aragtiyo,arag
araggiisu,arag
aragnimada,arag
aragtiya,arag
aragtideeda,arag
aragtidooda,arag
araggiisa,arag
araggeeda,arag
aragoostaga,arag
aragtayga,arag
aragtayda,arag
aragbeelid,aragbeel
arahid,arah
arahdoonid,arah
arahdoonad,arah
arahdoonasho,arah
arahdoono,arah
araha,arah
arahdoonid,arahdoon
arahdoonad,arahdoon
arahdoonasho,arahdoon
arahdoono,arahdoon
arbucuunaansho,arbucuun
arbucuunaan,arbucuun
arbucuunan,arbucuun
arbucuunid,arbucuun
arbucuunis,arbucuun
arbushid,arbush
arbushaad,arbush
arbushay,arbush
arbushmid,arbush
arbushnaan,arbush
arbushnaansho,arbush
ardaadhigid,ardaadhig
argaggixid,argag
argaggaxsan,argag
argaggaxay,argag
argaggaxsanaan,argag
argaggaxsanaansho,argag
argaggixi,argag
argaggixin,argag
argaggixis,argag
argaggixisannimo,argag
argaggixiso,argag
argagid,argag
argagsan,argag
argagsanaan,argag
argagsanaansho,argag
argaggexid,argag
argaggaxa,argag
argagax,argag
argagixid,argag
argaggaxo,argag
argagaxo,argag
argagaxid,argag
irkigid,irkig
irkigsan,irkig
irkigsanaan,irkig
irkigsanaansho,irkig
argaggaxsan,argaggax
argaggaxay,argaggax
argaggaxsanaan,argaggax
argaggaxsanaansho,argaggax
argaggaxa,argaggax
argaggaxo,argaggax
aroorsan,aroor
arooryo,aroor
aroorid,aroor
aroore,aroor
aroori,aroor
aroorin,aroor
arooris,aroor
aroornimo,aroor
aroorsanaan,aroor
aroorsanaansho,aroor
arooryohoraad,aroor
aroorhoraad,aroor
arooryada,aroor
aroorro,aroor
aroorta,aroor
arooro,aroor
aroorayaasha,aroor
aroortii,aroor
aroorrada,aroor
aroora,aroor
aroorto,aroor
arooriye,aroor
aroorka,aroor
arooska,aroos
aroosad,aroos
aroosi,aroos
aroosgelid,aroos
aroosin,aroos
aroosid,aroos
aroosgeli,aroos
aroosgelin,aroos
aroosyada,aroos
aroosay,aroos
arooso,aroos
arradid,arrad
arradan,arrad
arradbixid,arrad
arradka,arrad
arradbaxsan,arrad
arradbaxay,arrad
arradbaxsanaan,arrad
arradbaxsanaansho,arrad
arradbixi,arrad
arradbixin,arrad
arradi,arrad
arradin,arrad
arradnaan,arrad
arradnaansho,arrad
arradsan,arrad
arradsanaan,arrad
arradsanaansho,arrad
arradsnaansho,arrad
arradbaxsan,arradbax
arradbaxay,arradbax
arradbaxsanaan,arradbax
arradbaxsanaansho,arradbax
arratirid,arratir
arratiran,arratir
arratirasho,arratir
arratirnaan,arratir
arratiro,arratir
arratirsiin,arratir
arratiray,arratir
arratirnaansho,arratir
arrunnaan,arrun
arrunnansho,arrun
arsaaqad,arsaaq
irsaaqad,irsaaq
irsaaqid,irsaaq
aruuri,aruur
aruurid,aruur
aruuris,aruur
aruursan,aruur
aruursanaan,aruur
aruursanaansho,aruur
aruursasho,aruur
aruurso,aruur
aruurmid,aruur
aruuriyo,aruur
aruursamay,aruur
arwaaxi,arwaax
arwaaxid,arwaax
arwaaxin,arwaax
arwaaxsan,arwaax
arwaaxay,arwaax
arwaaxsanaan,arwaax
arwaaxsanaansho,arwaax
asaaysaarid,asaaysaar
asalka,asal
asali,asal
asalmadoorshe,asal
asalmadoorshaha,asal
asalkiisa,asal
asalkiisu,asal
asalkoodu,asal
asalkoodi,asal
asalkeeda,asal
asalk,asal
asaraarid,asaraar
asaraartamid,asaraar
asaraara,asaraar
asaruurid,asaruur
asaruurmid,asaruur
asaruurnaan,asaruur
asaruurnaansho,asaruur
sababihii,sabab
sababta,sabab
sababeen,sabab
sababaha,sabab
sababna,sabab
sababa,sabab
sababley,sabab
sababay,sabab
sababo,sabab
sababto,sabab
sababtay,sabab
sababaan,sabab
sababtiisa,sabab
sababtoo,sabab
sababtaa,sabab
sababtu,sabab
sababtaas,sabab
sababaysnayn,sabab
sababid,sabab
sababana,sabab
sababeeye,sabab
sababeed,sabab
ashqaraarid,ashqaraar
ashqaraari,ashqaraar
ashqaraarin,ashqaraar
askunmay,askun
aslaaxid,aslaax
aslaaxi,aslaax
aslaaxin,aslaax
aslaaxsan,aslaax
aslaaxsanaan,aslaax
aslaaxsanaansho,aslaax
aslanaan,aslan
aslanaansho,aslan
asoolid,asool
asoollan,asool
asoollanaan,asool
asoollanansho,asool
asoollanaansho,asool
asoolli,asool
asoolliyid,asool
asoollin,asool
astaanta,astaan
astaantaas,astaan
astaanteeda,astaan
asturid,astur
asturay,astur
asturmid,astur
asturnaan,astur
asturnaansho,astur
asturneyn,astur
asturnayn,astur
awaajiyid,awaaji
aweytiyid,aweyti
weligay,weli
weligii,weli
weligiis,weli
weliba,weli
welina,weli
welise,weli
weligeed,weli
weligiiba,weli
weligi,weli
weligood,weli
weligeeda,weli
weligeedba,weli
welinnimo,weli
awooddaran,awood
awooddarnaan,awood
awooddarnaansho,awood
awooddarri,awood
awooddarro,awood
awoode,awood
awoodid,awood
awoodla,awood
awoodli,awood
awoodsii,awood
awoodsiin,awood
awoodsiis,awood
awoodin,awood
awoodsheegasho,awood
awoodda,awood
awooddiisa,awood
awoodeed,awood
awooda,awood
awoodd,awood
awooddeeda,awood
awdhaw,awdhaw
axadeysasho,axad
axadeyso,axad
axadeysi,axad
axadhid,axad
axadda,axad
axadhid,axadh
axalo,axal
axgabid,axgab
xaaladihii,xaal
xaaladda,xaal
xaalad,xaal
xaali,xaal
xaalado,xaal
xaaladdooda,xaal
xaaladdeeda,xaal
xaaladdaasu,xaal
xaalufay,xaal
xaalada,xaal
xaalmarin,xaal
xaaladdiisa,xaal
xaaladaha,xaal
xaaladdiisu,xaal
xaaladdii,xaal
xaaladood,xaal
xaalladdii,xaal
xaalka,xaal
xaaladdeedu,xaal
xaaladdee,xaal
xaaladduun,xaal
xaalayn,xaal
xaalee,xaal
xaalid,xaal
xaalmari,xaal
xaalo,xaal
xaalufi,xaal
xaalufid,xaal
xaalufin,xaal
xaaluq,xaal
ayaana,ayaan
ayaanli,ayaan
ayaandaran,ayaan
ayaandarnaan,ayaan
ayaandarnaansho,ayaan
ayaandarri,ayaan
ayaandarro,ayaan
ayaanla,ayaan
ayaanlaawe,ayaan
ayaanle,ayaan
ayaansasho,ayaan
ayaanso,ayaan
ayaantirin,ayaan
ayaanwanaag,ayaan
ayaanxumaan,ayaan
ayaanxun,ayaan
ayaanxumaansho,ayaan
ayaanxumi,ayaan
ayaanxumo,ayaan
ayaanteeda,ayaan
ayaano,ayaan
ayaandhalad,ayaan
aynabid,aynab
aynfaadid,aynfaad
aynshaadid,aynshaad
baadka,baad
baadhitaan,baad
baadidii,baad
baaderiyaasha,baad
baadari,baad
baaderi,baad
baaddad,baad
baaddil,baad
baaddilnimo,baad
baaddiye,baad
baadi,baad
baadibixiye,baad
baadida,baad
baadibooliye,baad
baadicarar,baad
baadid,baad
baadiddon,baad
baadiddoonid,baad
baadiddoonis,baad
baadifad,baad
baadifur,baad
baadiggefid,baad
baadiggoobid,baad
baadiggoobis,baad
baadinnimo,baad
baadiqaris,baad
baadisoocid,baad
baadiyayn,baad
baadiyee,baad
baadiyaysan,baad
baadiyeeyey,baad
baadiyaysnaan,baad
baadiyaysnaansho,baad
baadiyoobid,baad
baadiyow,baad
baadba,baad
baadidoon,baad
baaday,baad
baadha,baad
baadiyeyn,baad
baadiyoobay,baad
baadhis,baad
baadiyo,baad
baadigoobkiisana,baad
baadigoobayo,baad
bąadid,bąad
baadiddon,baadiddon
baadiddoonid,baadiddoon
baadiddoonis,baadiddoon
baadiggoobid,baadiggoob
baadiggoobis,baadiggoob
baadiggefid,baadiggef
baadisoocid,baadisooc
baahnaa,baah
baahannay,baah
baahnayn,baah
baahan,baah
baahanyahay,baah
baahantahay,baah
baahasho,baah
baahdo,baah
baahinta,baah
baahid,baah
baahawadaag,baah
baahayn,baah
baahee,baah
baahato,baah
baahillaawe,baah
baahin,baah
baahis,baah
baahirsaaf,baah
baahitirid,baah
baahnaan,baah
baahnaansho,baah
baahnow,baah
baahnaado,baah
baahiyay,baah
baahnaato,baah
baahidiisa,baah
baahanayd,baah
baahnayd,baah
baahanayn,baah
baahneyd,baah
baahibeelo,baah
baahiya,baah
baahneyn,baah
baahanyahy,baah
baahdaan,baah
baahaan,baah
baaha,baah
baahdana,baah
baahidooda,baah
baahani,baah
baahaya,baah
baahiyayaasha,baah
baahay,baah
baahiyo,baah
baahinayo,baah
baahanyihiin,baah
baahiyosooik,baah
baahisa,baah
baahna,baah
baahinta,baahi
baahid,baahi
baahillaawe,baahi
baahin,baahi
baahis,baahi
baahirsaaf,baahi
baahitirid,baahi
baahiyay,baahi
baahidiisa,baahi
baahibeelo,baahi
baahiya,baahi
baahidooda,baahi
baahiyayaasha,baahi
baahiyo,baahi
baahinayo,baahi
baahiyosooik,baahi
baahisa,baahi
baahitirid,baahitir
baalkeeda,baal
baalal,baal
baalasha,baal
baali,baal
baaldhiig,baal
baalcas,baal
baalalley,baal
baalashee,baal
baalasheyn,baal
baalashid,baal
baalbaal,baal
baalka,baal
baaldacar,baal
baaldi,baal
baaldillaacsad,baal
baald,baal
baaldillaacsasho,baal
baaldillaacso,baal
baaldillaacsi,baal
baalentoloji,baal
baalfallaar,baal
baalgorayo,baal
baalgub,baal
baaliyoobid,baal
baaliyow,baal
baallacad,baal
baallayn,baal
baallee,baal
baalley,baal
baalleybarro,baal
baalquraanle,baal
baaltaagid,baal
baaluqad,baal
baaluqid,baal
baaluqnimo,baal
baaluqo,baal
baaluqnimada,baal
baalxaaf,baal
baalleybaro,baal
baallanbaajin,baal
baalinnimo,baal
baaluqday,baal
baalashana,baal
baaluqin,baal
baallalley,baal
baallaysa,baal
baaldacarka,baal
baalo,baal
baalle,baal
baalasheeda,baal
baala,baal
baalid,baal
baaldhabasho,baal
baalamin,baal
baalalna,baal
baaliyosoyigga,baal
baalqaadki,baal
baalasha,baalash
baalashee,baalash
baalasheyn,baalash
baalashid,baalash
baalashana,baalash
baalasheeda,baalash
bąalidid,bąali
bąalin,bąali
bąalis,bąali
bąaliyoobid,bąali
bąaliyow,bąali
bąalidid,bąalid
baaltaagid,baaltaag
baaluqad,baaluq
baaluqid,baaluq
baaluqnimo,baaluq
baaluqo,baaluq
baaluqnimada,baaluq
baaluqday,baaluq
baaluqin,baaluq
baanasho,baan
baano,baan
baandhayn,baan
baandhee,baan
baandhays,baan
baandho,baan
baane,baan
baanise,baan
baangad,baan
baani,baan
baanid,baan
baanis,baan
baanin,baan
baaniso,baan
baaniyaal,baan
baanjiyid,baan
baankariis,baan
baankariyeed,baan
baansad,baan
baansasho,baan
baansi,baan
baansiin,baan
baansiino,baan
baantiisimaada,baan
baantookh,baan
baantookhid,baan
baantow,baan
baantoy,baan
baaniyo,baan
baanii,baan
baansiinka,baan
baanta,baan
baanse,baan
baanjiyid,baanji
baaqid,baaq
baaqad,baaq
baaqasho,baaq
baaqo,baaq
baaqbaaq,baaq
baaqbaaqid,baaq
baaqe,baaq
baaqaya,baaq
baaqi,baaq
baaqimo,baaq
baaqday,baaq
baaqsad,baaq
baaqsasho,baaq
baaqso,baaq
baaqsi,baaq
baaquli,baaq
baaqda,baaq
baaqdeen,baaq
baaqdo,baaq
baaqayo,baaq
baaqa,baaq
baaqnaansho,baaq
baaqsan,baaq
baarto,baar
baartay,baar
baarista,baar
baara,baar
baarayo,baar
baaraandegid,baar
baaraabuf,baar
baarey,baar
baaraabuq,baar
baaraan,baar
baarad,baar
baarasho,baar
baaranooya,baar
baarashuud,baar
baarax,baar
baarbitureyt,baar
baare,baar
baarfuran,baar
baariyid,baar
baaritaan,baar
baariyam,baar
baaryid,baar
baarlammaan,baar
baarqab,baar
baarkiisa,baar
baarramid,baar
baarri,baar
baarrimasho,baar
baarrimo,baar
baarrinnimo,baar
baarrog,baar
baarroho,baar
baarug,baar
baarugid,baar
baaruud,baar
baaryoomid,baar
baaryoon,baar
baarka,baar
baarlammaanka,baar
baarlamaan,baar
baarafiin,baar
baarta,baar
baaridda,baar
baarsasho,baar
baarku,baar
baarankiima,baar
baarankayma,baar
baariga,baar
baaruudda,baar
baarandegid,baar
baararka,baar
baarnaansho,baar
baaraanndegid,baar
baarkeeda,baar
baarsad,baar
baaraandegga,baar
baaraandeggid,baar
baaraandegin,baar
baaratifo,baar
baaratiifay,baar
baaritaanka,baar
baaruudi,baar
baarbiyeeri,baar
baarane,baar
baarnaan,baar
baarafiinnada,baar
baarsanaansho,baar
baaryo,baar
baaraandegid,baaraandeg
baaraandegga,baaraandeg
baaraandeggid,baaraandeg
baaraandegin,baaraandeg
baarista,baari
baariyid,baari
baaritaan,baari
baariyam,baari
baaridda,baari
baariga,baari
baaritaanka,baari
baaridda,baarid
baarista,baaris
baase,baas
baasiino,baas
baasay,baas
baasaboor,baas
baasaboorto,baas
baasarac,baas
baasarce,baas
baasaysad,baas
baasaysasho,baas
baasayso,baas
baasaysi,baas
baash,baas
baashi,baas
baashaalid,baas
baashaali,baas
baashaalin,baas
baashaar,baas
baashad,baas
baashee,baas
baasheyn,baas
baashir,baas
baashirid,baas
baasid,baas
baasiin,baas
baasilas,baas
baaskiil,baas
baasto,baas
baastoolad,baas
baaseeysto,baas
baasiinka,baas
baastaa,baas
baaseysto,baas
baashada,baas
baasaysto,baas
baastada,baas
baastadii,baas
baashiga,baas
baashaalid,baashaal
baashaali,baashaal
baashaalin,baashaal
baatulid,baatul
baatulay,baatul
baatulmid,baatul
baatulnaan,baatul
baatulnaansho,baatul
baaxaaddegan,baaxaaddeg
baaxaaddegid,baaxaaddeg
baaxaaddegnaan,baaxaaddeg
baaxaaddegnaansho,baaxaaddeg
baaxaadegan,baaxaadeg
baaxaadegid,baaxaadeg
baaxaadegnaan,baaxaadeg
baaxaadegnaansh,baaxaadeg
baaxaadegnaansho,baaxaadeg
baayacid,baayac
baayacad,baayac
baayacasho,baayac
baayacmushtari,baayac
baayacmushtarid,baayac
baayaco,baayac
baayactamid,baayac
baayacmushtari,baayacmushtar
baayacmushtarid,baayacmushtar
baayirid,baayir
baayirnimo,baayir
babacdhigid,babac
babactamid,babac
babacdhigid,babacdhig
bacranaan,bacran
bacranaansho,bacran
bacriminta,bacrimin
bacrimintu,bacrimin
badani,badan
badanyihiin,badan
badanyahay,badan
badanaa,badan
badanna,badan
badankoodu,badan
badane,badan
badankiisa,badan
badanaana,badan
badantahay,badan
badanaaba,badan
badanoo,badan
badankooda,badan
badankii,badan
badanleydo,badan
badanahaansho,badan
badankeeda,badan
badanleyda,badan
badanley,badan
badanaya,badan
badanka,badan
badankood,badan
badankoodana,badan
badanin,badan
badanse,badan
badantahayna,badan
badantahahy,badan
badanya,badan
badanku,badan
badankiisu,badan
badankuudu,badan
baddalaad,baddal
baddalasho,baddal
baddalid,baddal
baddalmid,baddal
baddalnaan,baddal
baddalnaansho,baddal
baddalo,baddal
beddelanta,beddelan
beddelanto,beddelan
beddelanayaan,beddelan
badhiwale,badhi
badhiisa,badhi
bariido,bari
bariidin,bari
bariyay,bari
barid,bari
bariis,bari
bariiska,bari
bariidka,bari
barixume,bari
baricadde,bari
baris,bari
baritan,bari
baridhawr,bari
bariggo,bari
bariggoo,bari
bariggooyo,bari
bariggoyn,bari
barii,bari
bariisii,bari
bariid,bari
bariidi,bari
bariidis,bari
bariin,bari
bariisiin,bari
bariiq,bari
bariir,bari
bariisasho,bari
barijab,bari
barida,bari
barijugle,bari
barijugleyn,bari
barijuglee,bari
barijugley,bari
barimarsi,bari
bariweyne,bari
bariday,bari
bariisiyey,bari
bariga,bari
bariyood,bari
barin,bari
barina,bari
badiyi,badi
badin,badi
badii,badi
badidoodu,badi
badid,badi
badiil,badi
badiyey,badi
badiyid,badi
badis,badi
badinaysa,badi
badisa,badi
badiyo,badi
badiso,badi
badisay,badi
badiyaan,badi
badiyay,badi
badweynta,badweyn
badweynada,badweyn
badweynnada,badweyn
badweyneyaasha,badweyn
baqalye,baqal
baqalyo,baqal
baqalka,baqal
bahaldile,bahal
bahaldileen,bahal
bahalhiglo,bahal
bahalahiglo,bahal
bahalhoosaad,bahal
bahalhoose,bahal
bahalnimo,bahal
bahaloobid,bahal
bahalladda,bahal
bahallada,bahal
bahalaad,bahal
bahalladuna,bahal
bahallaha,bahal
bahalaha,bahal
bahallo,bahal
bahala,bahal
bahalla,bahal
bahalladu,bahal
bahardaaci,bahardaac
bahardaacid,bahardaac
bahardaacin,bahardaac
bahardaacis,bahardaac
bahowday,bahow
bakhaylad,bakhayl
bakhaylid,bakhayl
bakhaylnimo,bakhayl
bakhaylay,bakhayl
bakhaylo,bakhayl
bakhiilid,bakhiil
bakhiilnimo,bakhiil
bakhtifuul,bakhti
bakhtiggowracid,bakhti
bakhtii,bakhti
bakhtiiji,bakhti
bakhtiijin,bakhti
bakhtiijis,bakhti
bakhtiin,bakhti
bakhtiis,bakhti
bakhtijiidid,bakhti
bakhtijiidis,bakhti
bakhtiga,bakhti
bakhtiqufid,bakhti
bakhtiwareemid,bakhti
bakhtiyaanasiib,bakhti
bakhtiyid,bakhti
bakhtiijiin,bakhti
bakhtin,bakhti
bakhtiyey,bakhti
baqtifuul,baqti
baqtiggowracid,baqti
baqtii,baqti
baqtiin,baqti
baqtijiidid,baqti
baqtiqufid,baqti
baqtiwareemid,baqti
baqtiyaanasiib,baqti
baqtiyid,baqti
baqtiiji,baqti
baqtiijin,baqti
baqtiijis,baqti
baqtiijiin,baqti
baqtiis,baqti
baqtijiidis,baqti
baqtiwareeid,baqti
baqtin,baqti
bakhtiggowracid,bakhtiggowrac
baqtiggowracid,baqtiggowrac
bakhtijiidid,bakhtijiid
bakhtijiidis,bakhtijiid
baqtijiidid,baqtijiid
baqtijiidis,baqtijiid
bakhtiqufid,bakhtiquf
baqtiqufid,baqtiquf
balaambalid,balaambal
balambalid,balambal
balacsad,balac
balacsasho,balac
balacsan,balac
balacsanaan,balac
balacsanaansho,balac
balacso,balac
balacsi,balac
balagga,balag
balaggeedu,balag
balaqid,balaq
balaqoobid,balaq
balaqow,balaq
balaqsad,balaq
balaqsasho,balaq
balaqsan,balaq
balaqsanaan,balaq
balaqsanaansho,balaq
balaqso,balaq
balaqsi,balaq
ballanqaadid,ballanqaad
ballanqaadis,ballanqaad
ballanqaadka,ballanqaad
ballanbaaji,ballan
ballanbaajin,ballan
ballanbaajis,ballan
ballandaran,ballan
ballandarnaan,ballan
ballandarnaansho,ballan
ballandarri,ballan
ballandarro,ballan
ballandhigad,ballan
ballandhigasho,ballan
ballandhigo,ballan
ballanfurid,ballan
ballanfuryo,ballan
ballangelid,ballan
ballanqaadid,ballan
ballangaal,ballan
ballanteeda,ballan
ballanqaadis,ballan
ballansan,ballan
ballansanaan,ballan
ballansanaansho,ballan
ballannada,ballan
ballansasho,ballan
ballanqaadka,ballan
ballanfurid,ballanfur
ballanfuryo,ballanfur
ballangaal,ballangaal
ballaqay,ballaq
ballaqid,ballaq
ballaqmid,ballaq
ballaqnaan,ballaq
ballaqnaansho,ballaq
ballaqsasho,ballaq
banaaxiyid,banaaxi
banaaxin,banaaxi
bunaaxin,bunaaxi
bunaaxis,bunaaxi
bunaaxiyid,bunaaxi
bandhigayno,bandhig
bandhigaynaa,bandhig
bandhigno,bandhig
bandhigto,bandhig
bandhigay,bandhig
bandhigid,bandhig
bandhigan,bandhig
bandhignaan,bandhig
bandhignaansho,bandhig
bandhigasho,bandhig
bandhigo,bandhig
bandhigin,bandhig
bandhiggi,bandhig
bandhigayo,bandhig
bankarroori,bankarroor
bankarroorid,bankarroor
bankarroorin,bankarroor
bankarroorsan,bankarroor
bankarroorsanaan,bankarroor
bankarroorsanaansho,bankarroor
banmarid,banmar
banmari,banmar
banmarin,banmar
banmaris,banmar
bannaanaan,bannaan
bannaanaansho,bannaan
bannaanow,bannaan
bannaanayn,bannaan
bannaanee,bannaan
bannaanka,bannaan
bannaanada,bannaan
bannaanbixid,bannaan
bannaani,bannaan
bannaanbixin,bannaan
bannaanno,bannaan
bantarid,bantar
baqacararid,baqacarar
baqoorad,baqo
baqoolid,baqo
baqoole,baqo
baqooli,baqo
baqoolsii,baqo
baqoolin,baqo
baqoolis,baqo
baqoolsiin,baqo
baqoolsi,baqo
baqoolsiis,baqo
baqoolid,baqool
baqoole,baqool
baqooli,baqool
baqoolsii,baqool
baqoolin,baqool
baqoolis,baqool
baqoolsiin,baqool
baqoolsi,baqool
baqoolsiis,baqool
boqooli,boqool
boqoolsii,boqool
boqoole,boqool
boqoolid,boqool
boqoolin,boqool
boqoolis,boqool
boqoolsiin,boqool
boqoolsiis,boqool
baqshiishid,baqshiish
baraare,baraar
baraaraysan,baraar
baraaraysnaan,baraar
baraaraysnaansho,baraar
baraaro,baraar
baraari,baraar
baraarid,baraar
baraar ,baraar
baraarin,baraar
baraaris,baraar
baraarnimo,baraar
baraarshishiyid,baraar
baraarugid,baraar
baraarugsan,baraar
baraarugay,baraar
baraarugsanaan,baraar
baraarugsanaansho,baraar
baraaruji,baraar
baraarujin,baraar
baraarujis,baraar
baraarujsanaan,baraar
baraarugsanayn,baraar
baraarugin,baraar
baraarugo,baraar
baraarugsanaanta,baraar
baraaruga,baraar
baraarshishiyid,baraarshishi
baraarugid,baraarug
baraarugsan,baraarug
baraarugay,baraarug
baraarugsanaan,baraarug
baraarugsanaansho,baraarug
baraarugsanayn,baraarug
baraarugin,baraarug
baraarugo,baraarug
baraarugsanaanta,baraarug
baraaruga,baraarug
barani,baran
baranbaro,baran
barandi,baran
barannimo,baran
baranugul,baran
baranaya,baran
barariya,barar
bararan,barar
bararay,barar
barari,barar
bararid,barar
bararin,barar
bararis,barar
barariso,barar
bararnaan,barar
bararnaansho,barar
bararsan,barar
bararsanaan,barar
bararsanaansho,barar
bararshe,barar
bararka,barar
bararisa,barar
barara,barar
barartay,barar
bararaan,barar
bararta,barar
bararaa,barar
baratansii,baratan
baratansiin,baratan
baratansiis,baratan
bedertansii,bedertan
bedertansiin,bedertan
bedertansiis,bedertan
baraxume,barax
barbaarin,barbaar
barbaari,barbaar
barbaarid,barbaar
barbaaris,barbaar
barbaariye,barbaar
barbaarinta,barbaar
barbaarnimo,barbaar
barbaaray,barbaar
barbaarku,barbaar
barbaarsasho,barbaar
barbaro,barbar
barbarro,barbar
barbarooleyaal,barbar
barbararto,barbar
barbarafow,barbar
barbaran,barbar
barbarda,barbar
barbardhicid,barbar
barbarkadhac,barbar
barbarkadhicid,barbar
barbardhig,barbar
barbardhigid,barbar
barbardi,barbar
barbarid,barbar
barbarnaan,barbar
barbarnaansho,barbar
barbarradhicid,barbar
barbarrayn,barbar
barbarree,barbar
barbartamid,barbar
barbarar,barbar
barbararo,barbar
barbarra,barbar
barbardhigo,barbar
barbardhigtid,barbar
barbarrada,barbar
barbarsocda,barbar
berberid,berber
berbermid,berber
berbernaan,berber
berbernaansho,berber
bardadid,bardad
bardadsan,bardad
bardaday,bardad
bardadsanaan,bardad
bardadsanaansho,bardad
barkadid,barkad
barkadsan,barkad
barkadsanaan,barkad
barkadsanaansho,barkad
barkadaan,barkad
barkadhicid,barkad
barkadley,barkad
barkado,barkad
barkagid,barkag
barkagsan,barkag
barkagsanaan,barkag
barkagsanaansho,barkag
berdedid,berded
berdedsan,berded
berdedsanaan,berded
berdedsanaansho,berded
berkegid,berkeg
berkegsan,berkeg
berkegsanaan,berkeg
berkegsanaansho,berkeg
bardoodan,bardoodan
bareerid,bareer
bareero,bareer
bareer,bareer
bareera,bareer
barkinta,barkin
barkindhicid,barkin
barkinwaraabe,barkin
baroodid,baro
baroole,baro
barooq,baro
baroorad,baro
baroorasho,baro
baroordiiqid,baro
baroori,baro
baroorsii,baro
baroorin,baro
baroorsiin,baro
baroorsasho,baro
baroorso,baro
baroorsi,baro
barobaro,baro
baroosinku,baro
baroodid,barood
karoodid,karood
baroorad,baroor
baroorasho,baroor
baroordiiqid,baroor
baroori,baroor
baroorsii,baroor
baroorin,baroor
baroorsiin,baroor
baroorsasho,baroor
baroorso,baroor
baroorsi,baroor
baroordiiqid,baroordiiq
barqammaalid,barqammaal
barraahid,barraah
barraahsad,barraah
barraahsasho,barraah
barraahso,barraah
barraahsi,barraah
barraahsatay,barraah
barxanaan,barxan
barxanaansho,barxan
baryaqaadid,baryaqaad
basaaso,basaas
basaasan,basaas
basaasay,basaas
basaasid,basaas
basaasnaan,basaas
basaasnaansho,basaas
basaasnimo,basaas
basanbaasi,basanbaas
basanbaasid,basanbaas
basanbaasin,basanbaas
basarikibir,basar
basarin,basar
basarlow,basar
basarxumaan,basar
basarxun,basar
basarxumaansho,basar
basarxumi,basar
basarxumo,basar
basarxumow,basar
basarikibir,basari
basarin,basari
bashaash,bash
bashaashad,bash
bashaashnimo,bash
bashaqle,bash
bashbash,bash
bashiic,bash
bashiican,bash
bashiiciyey,bash
bashiici,bash
bashiicin,bash
bashiicmid,bash
bashiicsan,bash
bashiicsanaan,bash
bashiicsanaansho,bash
bashiishad,bash
bashiishasho,bash
bashiisho,bash
bashiishirad,bash
bashiishirasho,bash
bashiishiro,bash
basho,bash
bashuuqsad,bash
bashuuqsasho,bash
bashuuqso,bash
bashuuqsi,bash
bashiicsanan,bash
bashadiisu,bash
bashtay,bash
batraannimo,batraan
bawisid,bawis
baxsanaansho,baxsanaan
baydadid,baydad
baydadi,baydad
baydadin,baydad
baydadaya,baydad
baydadkiisa,baydad
beydad,beydad
beygagi,beygag
beygagid,beygag
beygagin,beygag
bayhoofid,bayhoof
bayhoofsan,bayhoof
bayhooftay,bayhoof
bayhoofsanaan,bayhoof
bayhoofsanaansho,bayhoof
bayhoofay,bayhoof
baylah,bayl
baylahayn,bayl
baylihin,bayl
baylehee,bayl
baylihi,bayl
bayli,bayl
baylid,bayl
baylin,bayl
baylis,bayl
baylohoobid,bayl
baylohow,bayl
baylihid,bayl
baylahoobid,bayl
baylahda,bayl
baylahin,bayl
baylax,bayl
bayruufig,bayr
bayrbayriyid,bayr
bayrabayre,bayr
bayrid,bayr
bayrac,bayr
bayraq,bayr
bayrbayrid,bayr
bayri,bayr
bayrin,bayr
bayruufeyt,bayr
bayroolusayt,bayr
bayrimidiin,bayr
bayramadiin,bayr
bayrbayriyid,bayrbayr
bayrbayrid,bayrbayr
baytammaalid,baytammaal
beytummaalid,beytummaal
baytimmaali,baytimmaal
baytimmaalid,baytimmaal
baytimmaalin,baytimmaal
baytimmaalis,baytimmaal
beytimmaali,beytimmaal
beytimmaalid,beytimmaal
beytimmaalin,beytimmaal
beytimmaalis,beytimmaal
beddelin,beddel
beddelo,beddel
beddelid,beddel
beddelaya,beddel
beddelaan,beddel
beddelasho,beddel
beddelmid,beddel
beddelnaan,beddel
beddelaa,beddel
beddeley,beddel
beddelanta,beddel
beddelay,beddel
beddelaad,beddel
beddelnaansho,beddel
beddela,beddel
beddelmi,beddel
beddeleen,beddel
beddelayo,beddel
beddelkood,beddel
beddelkooda,beddel
beddelmaan,beddel
beddelmo,beddel
beddelen,beddel
beddeli,beddel
beddelesho,beddel
beddelka,beddel
beddelanto,beddel
beddelmay,beddel
beddelanayaan,beddel
beddelidda,beddel
bedertami,beder
bedertamid,beder
bedertamin,beder
bedertansii,beder
bedertansiin,beder
bedertansiis,beder
beretansii,beretan
beretansiin,beretan
beretansiis,beretan
beecmushtari,beecmushtar
beecmushtarid,beecmushtar
beedalan,beedal
beedalid,beedal
beedalnaan,beedal
beedalnaansho,beedal
beeddalan,beeddal
beeddalid,beeddal
beeddalnaan,beeddal
beeddalnaasho,beeddal
beeddalnaansho,beeddal
beegnaan,beeg
beegnaanta,beeg
beegid,beeg
beege,beeg
beegga,beeg
beeggeeduna,beeg
beegal,beeg
beegmo,beeg
beegaal,beeg
beegay,beeg
beegasho,beeg
beego,beeg
beegmid,beeg
beeg,beeg
beegnaansho,beeg
beegsad,beeg
beegsasho,beeg
beegso,beeg
beegsi,beeg
beegantahay,beeg
beegaha,beeg
beegaalka,beeg
beegma,beeg
beegto,beeg
beeggaal,beeg
beegantahay,beegan
beekhaansad,beekhaan
beekhaansasho,beekhaan
beekhaansan,beekhaan
beekhaansanaan,beekhaan
beekhaansanaansho,beekhaan
beekhaanso,beekhaan
beekhaansi,beekhaan
beelbeel,beel
beelay,beel
beelaay,beel
beelaysan,beel
beeleeyey,beel
beelaysasho,beel
beelayso,beel
beelaysi,beel
beelaysnaan,beel
beelaysnaansho,beel
beeldaaje,beel
beelid,beel
beeloobid,beel
beelow,beel
beelyo,beel
beeleed,beel
beelo,beel
beelaha,beel
beelidda,beel
beelosheeg,beel
beeldaaji,beel
beelood,beel
beenguurid,beenguur
beenguuris,beenguur
beeqbaaqid,beeqbaaq
aqoonyahannadii,aqoon
aqoonta,aqoon
aqoonyahannada,aqoon
aqoonyahanno,aqoon
aqoonyah,aqoon
aqoonsi,aqoon
aqoonsanaan,aqoon
aqooneed,aqoon
aqoonsana,aqoon
aqoonsanyahay,aqoon
aqoonsasho,aqoon
aqoonsho,aqoon
aqoonbaaris,aqoon
aqoondaran,aqoon
aqoondarnaan,aqoon
aqoondarnaansho,aqoon
aqoondarri,aqoon
aqoondarro,aqoon
aqoondhaaf,aqoon
aqoontada,aqoon
aqoonla,aqoon
aqoonli,aqoon
aqoonni,aqoon
aqoonnin,aqoon
aqoonsad,aqoon
aqoonsan,aqoon
aqoonsanaansho,aqoon
aqoonso,aqoon
aqoonsii,aqoon
aqoonsiin,aqoon
aqoonxumaan,aqoon
aqoonxun,aqoon
aqoonxumaansho,aqoon
aqoonxumi,aqoon
aqoonxumo,aqoon
aqoonyahan,aqoon
aqoontiisa,aqoon
aqoonyahannimo,aqoon
aqoonin,aqoon
aqoonsado,aqoon
aqoonnimo,aqoon
aqoonsiga,aqoon
aqoonsadaa,aqoon
aqoonyahankii,aqoon
aqoonsaday,aqoon
aqoontu,aqoon
aqoonyankii,aqoon
aqoonsanyihiin,aqoon
aqoonkororsi,aqoon
aqoonbarid,aqoon
aqoonteeda,aqoon
beerqaadid,beerqaad
beersaarid,beersaar
beersaaro,beersaar
belbelid,belbel
belbeli,belbel
belbelin,belbel
belbelis,belbel
beleli,belel
belelid,belel
belelin,belel
belelis,belel
bensiinka,bensiin
beriberi,beri
beridhax,beri
beridhaxmo,beri
berisabool,beri
berisamaad,beri
beritalsis,beri
beriyid,beri
beriga,beri
beriyo,beri
berriga,berri
berrito,berri
berribiyood,berri
berridambe,berri
berrin,berri
berriyeed,berri
berrigaba,berri
berrigu,berri
berribiyoodka,berri
bidaarle,bidaar
bidaarre,bidaar
bidaarhoraad,bidaar
bidaarloobid,bidaar
bidaarlow,bidaar
bidaarroobid,bidaar
bidaarrow,bidaar
bidhaansad,bidhaan
bidhaansasho,bidhaan
bidhaanso,bidhaan
bidhaansi,bidhaan
bidhaantooda,bidhaan
biicmushtari,biicmushtar
biicmushtarid,biicmushtar
biifid,biif
biifane,biif
biifayn,biif
biifee,biif
biifin,biif
biilasho,biil
biilo,biil
biilid,biil
biilirubiin,biil
biiliferdin,biil
biilirubiinka,biil
biiqid,biiq
biiray,biir
biire,biir
biiri,biir
biirid,biir
biirin,biir
biiriqaate,biir
biirjeex,biir
biirjeexnimo,biir
biiro,biir
biiroo,biir
biirooday,biir
biiroobid,biir
biirow,biir
biirood,biir
biiroodo,biir
biirqoolan,biir
biirqoolay,biir
biirqoolid,biir
biirqoolnaan,biir
biirqoolnaansho,biir
biirsad,biir
biirsasho,biir
biirsamid,biir
biirsanaan,biir
biirsanaansho,biir
biirso,biir
biirsi,biir
biirijeexnimo,biir
biirinayo,biir
biirsanayo,biir
biirisa,biir
biiriyey,biir
biirsamay,biir
biirisa,biiris
biirqoolan,biirqool
biirqoolay,biirqool
biirqoolid,biirqool
biirqoolnaan,biirqool
biirqoolnaansho,biirqool
biirsanaan,biirsan
biirsanaansho,biirsan
biirsanayo,biirsan
bikilay,bikil
bikilid,bikil
bikilmid,bikil
bikilnaan,bikil
bikilnaansho,bikil
bilbilay,bilbil
bilbilid,bilbil
bilbilan,bilbil
bilbilasho,bilbil
bilbilnaan,bilbil
bilbilnaansho,bilbil
billowgiisa,billow
billowga,billow
billowgii,billow
bilowday,bilow
bilowdaan,bilow
bilowga,bilow
bilowda,bilow
bilowdo,bilow
bilowdey,bilow
bilowgiisa,bilow
bilowdaa,bilow
birdhigid,birdhig
birikinnaasid,birikinnaas
birsolid,birsol
bishilid,bishil
bishkilid,bishkil
bitijor,biti
bitin,biti
bitiyo,biti
bitiwitariga,biti
bixtin,bixtin
biyabbaxo,biyabbax
biyabbeelid,biyabbeel
biyaddiidid,biyaddiid
biyadhaceen,biyadhac
biyadhaca,biyadhac
biyadhigid,biyadhig
biyood,biyo
biyoodka,biyo
biyodiid,biyo
biyooba,biyo
biyobax,biyo
biyodhac,biyo
biyogal,biyo
biyoobid,biyo
biyoole,biyo
biyokunool,biyo
biyoyarood,biyo
biyosaarka,biyo
biyoolayda,biyo
biyodarid,biyo
biyooleyda,biyo
biyomareen,biyo
biyoodku,biyo
biyobixidda,biyo
biyoobo,biyo
biyonicid,biyo
bocorta,bocor
bocorka,bocor
bogdooxid,bogdoox
boholatusid,boholatus
bololid,bolol
bololiya,bolol
bololaan,bolol
booba,boob
boobka,boob
boobayo,boob
boobid,boob
boobas,boob
boobe,boob
boobsii,boob
boobsiin,boob
boobsiis,boob
boobo,boob
boobayaasha,boob
boobaa,boob
boobayd,boob
boocaar,booc
boocda,booc
booca,booc
boodo,bood
boodh,bood
boodi,bood
boodaami,bood
boodaamin,bood
boodaan,bood
boodal,bood
boodayn,bood
boodee,bood
boodbooda,bood
boodhar,bood
boodid,bood
boodsii,bood
boodsiin,bood
boodsiis,bood
boodsol,bood
boodaanta,bood
boodboodid,bood
boodda,bood
boodaantana,bood
booda,bood
boodbood,bood
boodhka,bood
boodhsidayaal,bood
boodboodda,bood
booday,bood
boodidda,bood
boodboodka,bood
boodbootiyo,bood
boodbootin,bood
boogcalooleed,boogcalooleed
booliis,booli
boolixooftayn,booli
boolixooftee,booli
boolixoofto,booli
boolibabtaydh,booli
boolicun,booli
boolicune,booli
booliquute,booli
booliiska,booli
booliska,booli
boolida,booli
boolimeer,booli
boolisakaraydhyo,booli
boolis,booli
boonbiyeed,boon
boondhow,boon
boongeli,boon
boongelin,boon
boongelis,boon
boonas,boon
booranaha,boor
boorayn,boor
booree,boor
booraysad,boor
boorid,boor
booraan,boor
booraandawaco,boor
booran,boor
booray,boor
boorane,boor
booranji,boor
booraysasho,boor
boorayso,boor
booraysi,boor
boore,boor
boorimee,boor
boorimeyn,boor
boorimo,boor
boorjiif,boor
boornaan,boor
boornaansho,boor
booron,boor
boorri,boor
boorrin,boor
boorso,boor
booraandawoco,boor
boorin,boor
boorka,boor
booryley,boor
boorifeera,boor
boorriya,boor
boorsooyinka,boor
boosay,boos
booshool,boos
booso,boos
boostaale,boos
boostada,boos
boosto,boos
booska,boos
booscelis,boos
booyin,booy
booyaamid,booy
booyad,booy
booyid,booy
booyaad,booy
booyaal,booy
booyo,booy
boqongoo,boqon
boqongooyo,boqon
boqongoyn,boqon
boqonta,boqon
boqondhebid,boqon
boqonka,boqon
boqonteeda,boqon
boqortooyada,boqor
boqortooyadan,boqor
boqorrada,boqor
boqorka,boqor
boqornimo,boqor
boqorad,boqor
boqortiirshe,boqor
boqortooyo,boqor
boqorraday,boqor
boqorradii,boqor
boqoradi,boqor
boqorkii,boqor
boqoradda,boqor
boqoraddeedu,boqor
budaddaran,budaddar
budaddarid,budaddar
budaddarnaan,budaddar
budaddarnaansho,budaddar
dhigaayay,dhig
dhiga,dhig
dhigo,dhig
dhigaa,dhig
dhigaalkood,dhig
dhigaya,dhig
dhigma,dhig
dhignay,dhig
dhigay,dhig
dhigaan,dhig
dhigmid,dhig
dhigid,dhig
dhigasho,dhig
dhigata,dhig
dhigto,dhig
dhigta,dhig
dhigtay,dhig
dhigaha,dhig
dhigmo,dhig
dhigiddana,dhig
dhigayo,dhig
dhigasaho,dhig
dhiganta,dhig
dhigdhig,dhig
dhige,dhig
dhigin,dhig
dhigidda,dhig
dhigantaa,dhig
dhigashada,dhig
dhig ,dhig
dhigaali,dhig
dhigaalin,dhig
dhigaalis,dhig
dhigad,dhig
dhigayn,dhig
dhigee,dhig
dhigaysan,dhig
dhigaysnaan,dhig
dhigaysnaansho,dhig
dhigdhexo,dhig
dhigdhigsii,dhig
dhigdhigsiisay,dhig
dhigdhigsiin,dhig
dhigdhiko,dhig
dhigdhikoo,dhig
dhigdhikood,dhig
dhigis,dhig
dhigniin,dhig
dhignaan,dhig
dhignaansho,dhig
dhigdhebid,dhig
dhigmaa,dhig
dhigayay,dhig
dhigmaan,dhig
dhigi,dhig
dhigeyaasha,dhig
dhigayaan,dhig
dhigeed,dhig
dhigga,dhig
dhigeeyo,dhig
dhigdhigid,dhig
dhigtaan,dhig
dhigaasho,dhig
bulaalid,bulaal
bulaali,bulaal
bulaalin,bulaal
buldiyid,buldi
bunnaahin,bunnaahi
bunnaahis,bunnaahi
bunnaahiyid,bunnaahi
buraamburid,buraambur
buraashid,buraash
buraashad,buraash
buraashan,buraash
buraashnaan,buraash
buraashnaansho,buraash
buraasheeyo,buraash
burobahalaad,buro
burocaanood,buro
burotoon,buro
burburiyo,burbur
burburin,burbur
burburka,burbur
burbura,burbur
burburiya,burbur
burburi,burbur
burburid,burbur
burburis,burbur
burbursad,burbur
burbursasho,burbur
burburiyey,burbur
burbursanaan,burbur
burbursanaansho,burbur
burburso,burbur
burbursi,burbur
burburiyeen,burbur
burburiyaan,burbur
burburo,burbur
burburku,burbur
burburay,burbur
burburinayo,burbur
burburiyay,burbur
burburtay,burbur
burburaan,burbur
burburisa,burbur
burburinta,burbur
burburaya,burbur
bururi,burur
bururid,burur
bururin,burur
bururis,burur
burursan,burur
burursanaan,burur
burursanaansho,burur
burursad,burur
burursasho,burur
bururso,burur
bururay,burur
burbursanaan,burbursan
burbursanaansho,burbursan
burcadnimo,burcad
burcadka,burcad
burshintuurid,burshintuur
bushintuurid,bushintuur
burtuurid,burtuur
burtuuris,burtuur
burtuursan,burtuur
burtuursanaan,burtuur
burtuursanaansho,burtuur
buruudshiilid,buruudshiil
buseelid,buseel
bushimaha,bushi
bushin,bushi
bushintuurid,bushi
bushinta,bushi
buubid,buub
buubaalid,buub
buubi,buub
buubin,buub
buubis,buub
buubsad,buub
buubsasho,buub
buubso,buub
buubuunsan,buub
buubiso,buub
buubaalid,buubaal
buudhin,buudhi
buudhis,buudhi
buufsan,buuf
buuftuu,buuf
buufbuuf,buuf
buufi,buuf
buufimo,buuf
buufis,buuf
buufiye,buuf
buuflayn,buuf
buuflee,buuf
buufsima,buuf
buufiyo,buuf
buuqid,buuq
buurta,buur
buuran,buur
buuro,buur
buurato,buur
buurasho,buur
buuraha,buur
buuryada,buur
buuryaggoys,buur
buuryo,buur
buuryaaqab,buur
buuraleyda,buur
buurar,buur
buurbuur,buur
buure,buur
buurid,buur
buurin,buur
buuriyahan,buur
buurnaan,buur
buurnaansho,buur
buurni,buur
buurqaaf,buur
buuriyo,buur
buureed,buur
buuruhu,buur
buurt,buur
buuriga,buur
buuryadu,buur
buuraley,buur
buuraysasho,buur
buursasho,buur
buurso,buur
buurbuuran,buur
buuralayda,buur
buuraysi,buur
buuralay,buur
buuraleydu,buur
buurran,buur
buuredka,buur
buuradeed,buur
buurahaas,buur
buurid,buuri
buurin,buuri
buuriyahan,buuri
buuriyo,buuri
buuriga,buuri
buuxin,buux
buuxsamay,buux
buuxiye,buux
buuxa,buux
buuxiyo,buux
buuxo,buux
buuxsaday,buux
buuxshay,buux
buuxsamin,buux
buuxid,buux
buuxdhaafid,buux
buuxdhaafin,buux
buuxdhaafis,buux
buuxi,buux
buuxis,buux
buuxsamid,buux
buuxiyey,buux
buuxiyay,buux
buuxsanaan,buux
buuxsanaansho,buux
buuxsasho,buux
buuxso,buux
buuxaan,buux
buuxdo,buux
buuxsameen,buux
buuxisa,buux
buuxda,buux
buuxsin,buux
buuxsho,buux
buuxiya,buux
buuxsamidda,buux
buuxsamo,buux
buuxidda,buux
buuxsamaya,buux
buuxdhaafay,buux
buuxiyeen,buux
buuxisaa,buux
buuxeen,buux
buuxinaysa,buux
buuxdhaafid,buuxdhaaf
buuxdhaafin,buuxdhaaf
buuxdhaafis,buuxdhaaf
buuxdhaafay,buuxdhaaf
buuxdhaafid,buuxdhaafi
buuxdhaafin,buuxdhaafi
buuxdhaafis,buuxdhaafi
buuxsanaan,buuxsan
buuxsanaansho,buuxsan
caabaqid,caabaq
caabuqa,caabuq
caabuqid,caabuq
caabuqtire,caabuq
caabbiyid,caabbi
caabbirka,caabbi
caabbiri,caabbi
caabbis,caabbi
caabbiye,caabbi
caabbitaanka,caabbi
caabbiga,caabbi
caabbinaya,caabbi
caabbiyo,caabbi
caabbido,caabbi
caabbinaya,caabbin
caabida,caabid
caabidid,caabid
caabidnimo,caabid
caabudid,caabud
caabudnimo,caabud
caabudaan,caabud
caabuda,caabud
caabudo,caabud
caabudayo,caabud
caadi,caad
caadiga,caad
caada,caad
caado,caad
caadbixid,caad
caadaysasho,caad
caadooyinka,caad
caadaqaatannimo,caad
caadaqaate,caad
caadaysad,caad
caadayso,caad
caadaysi,caad
caaddifad,caad
caaddifo,caad
caaddifi,caad
caaddil,caad
caaddilnimo,caad
caadgoror,caad
caadka,caad
caadiyaal,caad
caadyaal,caad
caadla,caad
caadadu,caad
caadada,caad
caadoxanuun,caad
caadyaalnimo,caad
caadadiska,caad
caadaystay,caad
caadeystay,caad
caadooyin,caad
caadadiisa,caad
caadeystey,caad
caadaysto,caad
caadifad,caad
caadsan,caad
caadsanaan,caad
caadifiyadda,caad
caadifadi,caad
caadda,caad
caadaqaatayaashii,caad
caadeeysasho,caad
caadifi,caad
caadiyan,caad
caadyaalka,caad
caadaley,caad
caafimaadka,caafimaad
caafimaadin,caafimaad
caafimaaday,caafimaad
caafimaaddarro,caafimaad
caafimaadi,caafimaad
caafimaadid,caafimaad
caafimaadqabid,caafimaad
caafimaadsan,caafimaad
caafimaadsanaan,caafimaad
caafimaadsanaansho,caafimaad
caafimaadkooda,caafimaad
caafimaadkiisu,caafimaad
caafimaadkiisa,caafimaad
caafimaadqabid,caafimaadqab
caaggan,caag
caagganaan,caag
caagga,caag
caagganaansho,caag
caagid,caag
caago,caag
caajisnimo,caajis
caajisad,caajis
caajisan,caajis
caajisi,caajis
caajisid,caajis
caajisin,caajis
caajisnaan,caajis
caajisnaansho,caajis
cajisad,cajis
cajisan,cajis
cajisi,cajis
cajisid,cajis
cajisin,cajis
cajisnaan,cajis
cajisnaansho,cajis
cajisnimo,cajis
cajislow,cajis
caalamiga,caal
caalamka,caal
caaliriya,caal
caalirid,caal
caalir,caal
caalami,caal
caalam,caal
caalan,caal
caalaminnimo,caal
caalgab,caal
caalgabid,caal
caalhel,caal
caalhelid,caal
caali,caal
caalid,caal
caalim,caal
caallannimo,caal
caalle,caal
caallirid,caal
caallirsan,caal
caallirsanaan,caal
caallirsanaansho,caal
caalqaadad,caal
caalqaadasho,caal
caalqaado,caal
caalsaarree,caal
caalsaaree,caal
caalsaarad,caal
caalsaarasho,caal
caalsaaro,caal
caalsaarayn,caal
caalsaarays,caal
caalsaare,caal
caalsaarid,caal
caalwaayid,caal
caalliray,caal
caalamku,caal
caallirasan,caal
caallirin,caal
caaliridda,caal
caaliro,caal
caalamigu,caal
caallirid,caallir
caallirsan,caallir
caallirsanaan,caallir
caallirsanaansho,caallir
caalliray,caallir
caallirasan,caallir
caallirin,caallir
caalsaarree,caalsaar
caalsaaree,caalsaar
caalsaarad,caalsaar
caalsaarasho,caalsaar
caalsaaro,caalsaar
caalsaarayn,caalsaar
caalsaarays,caalsaar
caalsaare,caalsaar
caalsaarid,caalsaar
caalwaayid,caalwaa
caanaddiidid,caanaddiid
caanadiidid,caanadiid
caanadiid,caanadiid
caanaddiiqid,caanaddiiq
caanaddiiqis,caanaddiiq
caanateelley,caanateel
caanateelid,caanateel
caanateelis,caanateel
caarada,caarad
caaraddiisa,caarad
caaradkooda,caarad
caaraddooda,caarad
caaradiisa,caarad
caaradda,caarad
caaraddoodu,caarad
caarif,caari
caarin,caari
caariyeysad,caari
caariyeysasho,caari
caariyeyso,caari
caariyeysi,caari
caariyo,caari
caariif,caari
caarada,caar
caar,caar
caarif,caar
caarin,caar
caaryid,caar
caariyeysad,caar
caariyeysasho,caar
caariyeyso,caar
caariyeysi,caar
caariyo,caar
caaro,caar
caaroo,caar
caarow,caar
caaroobid,caar
caarootiyid,caar
caarran,caar
caarranaan,caar
caarranaansho,caar
caarsii,caar
caarsiin,caar
caaryaysad,caar
caaryaysasho,caar
caaryeyso,caar
caaryeysi,caar
caaryaysi,caar
caaryayso,caar
caaryo,caar
caarcooriyid,caar
caarka,caar
caaraddiisa,caar
caaradkooda,caar
caaraddooda,caar
caariif,caar
caaryey,caar
caaradiisa,caar
caarasho,caar
caaradda,caar
caaraddoodu,caar
caarootiyid,caarooti
caashaqid,caashaq
caashaqan,caashaq
caashaqay,caashaq
caashaqasho,caashaq
caashaqo,caashaq
caashaqnaan,caashaq
caashaqnaansho,caashaq
caashaqsan,caashaq
caashaqsanaan,caashaq
caashaqsanaansho,caashaq
caashaqa,caashaq
caasimad,caasi
caasin,caasi
caasiyid,caasi
caasinnimo,caasi
caasiyoobid,caasi
caasiyow,caasi
caasiday,caasi
caasidey,caasi
caawl,caaw
caawa,caaw
caawi,caaw
caawimaad,caaw
caawino,caaw
caawimid,caaw
caawinid,caaw
caawimo,caaw
caawiyid,caaw
caawinaad,caaw
caawis,caaw
caawiya,caaw
caawiyaan,caaw
caawinidda,caaw
caawiso,caaw
caawino,caawin
caawinid,caawin
caawinaad,caawin
caawinidda,caawin
cawinid,cawin
cawinaad,cawin
cawino,cawin
caayay,caay
caayi,caay
caayan,caay
caayanaan,caay
caayanaansho,caay
caayib,caay
caayibnimo,caay
caayid,caay
caayayo,caay
caayo,caay
cabaadid,cabaad
cabaadi,cabaad
cabaadin,cabaad
caabad,caabad
cabbaarid,cabbaar
cabbiro,cabbir
cabbiraa,cabbir
cabbirid,cabbir
cabbirey,cabbir
cabbirayo,cabbir
cabbiri,cabbir
cabbirkooda,cabbir
cabbiraha,cabbir
cabbirkooduna,cabbir
cabbiran,cabbir
cabbiray,cabbir
cabbiraadda,cabbir
cabbire,cabbir
cabbiris,cabbir
cabbirnaan,cabbir
cabbirnaansho,cabbir
cabbirka,cabbir
cabbirasho,cabbir
cabbirkiisu,cabbir
cabbirkiisa,cabbir
cabbiraadeed,cabbir
cabbiraaddeed,cabbir
cabbiridda,cabbir
cabbirkaasi,cabbir
cabbirkanina,cabbir
cabbirana,cabbir
cabbirkeedu,cabbir
cabbirrada,cabbir
cabbirkedu,cabbir
cabbirkoodu,cabbir
cabburid,cabbur
cabburi,cabbur
cabburin,cabbur
cabbursan,cabbur
cabburiyey,cabbur
cabbursanaan,cabbur
cabbursanaansho,cabbur
cabburidda,cabbur
cabeebid,cabeeb
cabidda,cabid
cadaabid,cadaab
cadaabeed,cadaab
cadaabta,cadaab
cadaadisa,cadaadis
cadaadiska,cadaadis
cadaadiskiisa,cadaadis
cadaadisku,cadaadis
cadaadisyada,cadaadis
cadaadiskooda,cadaadis
cadaadiskuna,cadaadis
caddaanku,caddaan
caddaansho,caddaan
caddaansadaf,caddaan
caddaanka,caddaan
cadayoo,cadayo
cadayood,cadayo
cadcadaysnaan,cadcad
cadcadee,cadcad
cadcadeyn,cadcad
cadcadoobid,cadcad
cadcadow,cadcad
cadcadaysan,cadcad
cadcadeeyey,cadcad
cadcadaysnaansho,cadcad
cadcaddaan,cadcad
cadcaddaansho,cadcad
cadcaddee,cadcad
cadcaddey,cadcad
cadcaddeyn,cadcad
cadcaddeys,cadcad
cadcaddo,cadcad
cadcaddaato,cadcad
cadcadi,cadcad
cadcaddaada,cadcad
caddalloolid,caddallool
caddibid,caddib
caddibaad,caddib
caddibay,caddib
caddibmid,caddib
caddibnaan,caddib
caddibnaansho,caddib
caddilid,caddil
caddilaad,caddil
caddilay,caddil
caddilmid,caddil
caddilnaan,caddil
caddilnaansho,caddil
caddilnimo,caddil
cąddilid,cąddil
cąddilaad,cąddil
cadhoobid,cadho
cadhow,cadho
cadhoobidda,cadho
cadhoobaan,cadho
cafimaad,cafi
cafis,cafi
cafiif,cafi
cafiifnimo,cafi
cafin,cafi
cafiyid,cafi
cafiyo,cafi
cafimaadkooda,cafi
cafimaadka,cafi
cagaagsan,cagaag
cagaagid,cagaag
cagaagan,cagaag
cagaagnaan,cagaag
cagaagnaansho,cagaag
cagaagsanaan,cagaag
cagaagsanaansho,cagaag
cagabbeelid,cagabbeel
cagabbeelis,cagabbeel
cagafcagaftu,cagafcagaf
cagajiidid,cagajiid
cagajiidnimo,cagajiid
cagajiidayo,cagajiid
cagajiido,cagajiid
ciddijiidid,ciddijiid
cajabi,cajab
cajabid,cajab
cajabin,cajab
cakisid,cakis
cakisa,cakis
cakisay,cakis
cakisnaan,cakis
cakisnaansho,cakis
calaacalid,calaacal
calaacallo,calaacal
calaancalid,calaancal
calaalad,calaal
calaalasho,calaal
calaalid,calaal
calaalo,calaal
calaaloobid,calaal
calaalow,calaal
calaaliyo,calaal
calaaliso,calaal
calaalinta,calaal
calaalin,calaal
callaalasho,callaal
callaalid,callaal
callaalo,callaal
callaalad,callaal
calaanjiyid,calaanji
calaanjin,calaanji
calaanjis,calaanji
calafsad,calaf
calafsasho,calaf
calafso,calaf
calafsi,calaf
calanaqsi,calan
calanaqsada,calan
calandejin,calan
calanhaye,calan
calanwale,calan
calannaqsad,calan
calannaqsasho,calan
calannaqso,calan
calannaq,calan
calannaqsi,calan
calansaar,calan
calankeeda,calan
calansaarid,calan
calanwallee,calan
calanwalleyn,calan
calanaqsiga,calan
calashado,calas
calashad,calas
calashi,calas
calasho,calas
calasee,calas
calaseyn,calas
caleemasaarid,caleemasaar
caleemasaaray,caleemasaar
caleensaarid,caleensaar
callaqid,callaq
callaqay,callaq
callaqmid,callaq
callaqnaan,callaq
callaqnaansho,callaq
calmin,calmi
adaygo,adayg
adaygid,adayg
caloolbaxa,caloolbax
calowsan,calow
calwasaadid,calwasaad
carwasaadid,carwasaad
camalfalid,camalfal
camalfalad,camalfal
camalfalasho,camalfal
camalfalo,camalfal
camalfala,camalfal
camafalad,camafal
camafal,camafal
camambuurid,camambuur
cambuurid,cambuur
cambuurrada,cambuur
cambaarayn,cambaar
cambaaree,cambaar
cambaarcad,cambaar
cambaarmadow,cambaar
cambaaroobid,cambaar
cambaarow,cambaar
cambusid,cambus
canaadi,canaad
canaadid,canaad
canaadnimo,canaad
canaadayo,canaad
cinaadi,cinaad
cinaadid,cinaad
cinaadnimo,cinaad
candhaaqso,candhaaq
candhaaqid,candhaaq
candhaaqsasho,candhaaq
candhaaqsi,candhaaq
dhaaq,dhaaq
dhaaqsi,dhaaq
candhabeelid,candhabeel
candhakarid,candhakar
candhakarsan,candhakar
candhakarsanaan,candhakar
candhakarsanaansho,candhakar
candhasaaban,candhasaab
candhasaabay,candhasaab
candhasaabasho,candhasaab
candhasaabo,candhasaab
candhasaabid,candhasaab
candhasaabnaan,candhasaab
candhasaabnaansho,candhasaab
candhuufayn,candhuuf
candhuufo,candhuuf
candhuufeedku,candhuuf
candhuufta,candhuuf
candhuufee,candhuuf
candhuufid,candhuuf
candhuuftiisa,candhuuf
caneeqaadid,caneeqaad
qaneeqaadid,qaneeqaad
caniini,caniin
caniinid,caniin
caniinin,caniin
caniinnimo,caniin
ciniini,ciniin
ciniinid,ciniin
ciniinin,ciniin
ciniinnin,ciniin
ciniinnimo,ciniin
canjilid,canjil
canshuuran,canshuur
canshuuray,canshuur
canshuurasho,canshuur
canshuuro,canshuur
canshuurid,canshuur
canshuurnaan,canshuur
canshuurnaansho,canshuur
canshuurqaad,canshuur
canshuurqaade,canshuur
canshuurta,canshuur
canshuurqaadid,canshuur
canshuureyn,canshuur
cashuuran,cashuur
cashuurasho,cashuur
cashuurid,cashuur
cashuurnaan,cashuur
cashuurnaansho,cashuur
cashuuro,cashuur
cashuurqaade,cashuur
cashuurqaadid,cashuur
cantalaalid,cantalaal
cantarabbaqash,cantar
cantarid,cantar
cantatabid,cantatab
catatabid,catatab
canyayuubid,canyayuub
carabiga,carabi
carabiyeyn,carabi
carabiyee,carabi
carafudayd,caraf
carafududaan,caraf
carafudud,caraf
carafududaansho,caraf
carafsadaan,caraf
cararaya,carar
carara,carar
cararid,carar
cararayn,carar
cararee,carar
cararin,carar
cararaysan,carar
carariyey,carar
cararaysnaan,carar
cararaysnaansho,carar
carareysad,carar
cararsasho,carar
carareysasho,carar
carareysi,carar
carareyso,carar
cararso,carar
carari,carar
cararsad,carar
cararsi,carar
cararaan,carar
cararay,carar
cararayo,carar
cararo,carar
carariyo,carar
caratirid,caratir
carbarid,carbar
carbuunad,carbuun
carbuunasho,carbuun
carbuunan,carbuun
carbuuno,carbuun
carbuunid,carbuun
carbuunnaan,carbuun
carbuunnaansho,carbuun
carcaraafid,carcar
carcaraafsan,carcar
carcaraafey,carcar
carcaraafsanaan,carcar
carcaraafsanaansho,carcar
carcarsaanyo,carcar
carcaraafid,carcaraaf
carcaraafsan,carcaraaf
carcaraafey,carcaraaf
carcaraafsanaan,carcaraaf
carcaraafsanaansho,carcaraaf
carceerid,carceer
carceero,carceer
carceersasho,carceer
carceerso,carceer
carceersi,carceer
carcoorrin,carcoorri
carcoorriyid,carcoorri
qarfadid,qarfad
cargaagid,cargaag
cargaagtamid,cargaag
margaagid,margaag
cariirin,cariiri
ciriiriyid,ciriiri
ciriirin,ciriiri
ciriiriya,ciriiri
ciriirina,ciriiri
ciriirinnimada,ciriiri
ciriiriga,ciriiri
ciriiriyoon,ciriiri
ciriiriyon,ciriiri
carjabid,carjab
caroo,caro
caroon,caro
carood,caro
carooday,caro
caroodo,caro
caroceli,caro
carocelin,caro
caroobid,caro
carow,caro
caroofi,caro
caroog,caro
carooti,caro
carootey,caro
carrabbaabid,carrabbaab
carraggeddin,carraggeddi
carraggeddiyid,carraggeddi
carraggeddis,carraggeddi
carragguurid,carragguur
carrarroogid,carrarroog
carroguur,carrog
carrogan,carrog
carrogid,carrog
carrognaan,carrog
carrognaansho,carrog
carroguduudka,carrog
cartiran,cartir
cartirid,cartir
cartirnaan,cartir
cartirnaansho,cartir
catireeyo,catir
catiran,catir
catirid,catir
catirnaan,catir
catiree,catir
catiray,catir
catireysan,catir
catirayn,catir
catireysnaan,catir
catireysnaansho,catir
catireysn,catir
catirnaansho,catir
catiriyo,catir
catireyn,catir
casaanayaa,casaan
casaansho,casaan
casaanboor,casaan
casaanka,casaan
casamarid,casamar
catajabid,catajab
cashibbixid,cashi
cashibbixi,cashi
cashibbixin,cashi
cashibbixis,cashi
cashiiraysad,cashi
cashiiraysasho,cashi
cashiirayso,cashi
cashiiraysi,cashi
cashiiro,cashi
cashin,cashi
cashiyid,cashi
casirid,casir
casiraad,casir
casirkii,casir
catatarid,catatar
catiiran,catiir
catiiray,catiir
catiirid,catiir
catiiris,catiir
catiirnaan,catiir
catiirnaansho,catiir
cawabbarid,cawabbari
cawabbarii,cawabbari
cawabbariisii,cawabbari
cawabbariin,cawabbari
cawabbarisiin,cawabbari
cawabbarin,cawabbari
cawabbarisii,cawabbari
cawaraad,cawar
cawarid,cawar
cawarmid,cawar
cawarnaan,cawar
cawarnaansho,cawar
cawarnimo,cawar
cawaroobid,cawar
cawarow,cawar
cawiray,cawir
cawiraad,cawir
cawirid,cawir
cawirmid,cawir
cawirnaan,cawir
cawirnaansho,cawir
cawiroobid,cawir
cawirow,cawir
cawiro,cawir
cawaweero,cawaweer
cawaweerka,cawaweer
cawdu,cawd
cawdan,cawd
cawday,cawd
cawdasho,cawd
cawdo,cawd
cawdid,cawd
cawdnaan,cawd
cawdnaansho,cawd
cawda,cawd
caweysindambe,caweysin
caweysinhoraad,caweysin
cawggiirid,cawggiir
cawlan,cawl
cawlo,cawl
cawllan,cawl
cawlawareershe,cawl
cawlwareershe,cawl
cawlikudhal,cawl
cawlikudhashay,cawl
cawllanaan,cawl
cawlnaan,cawl
cawllanaansho,cawl
cawlnaansho,cawl
cawleed,cawl
cawliku,cawl
cawladile,cawl
cawratirid,cawratir
cawratiryo,cawratir
cawritirid,cawritir
cawritiryo,cawritir
cawritirid,cawri
cawritiryo,cawri
cawrin,cawri
cawrido,cawri
cawriyid,cawri
cayilay,cayil
cayilin,cayil
cayilid,cayil
cayillan,cayil
cayilan,cayil
cayili,cayil
cayillanaan,cayil
cayilnaan,cayil
cayillanaansho,cayil
cayilnaansho,cayil
cayila,cayil
cayilani,cayil
cayilsasho,cayil
cayilaan,cayil
cawsleydu,cawsley
cayaaraan,cayaar
cayaarta,cayaar
cayaaro,cayaar
cayaarid,cayaar
cayaarin,cayaar
cayaarsii,cayaar
cayaarsiin,cayaar
cayaarsiis,cayaar
cayaaraha,cayaar
cayaaryahan,cayaar
cayaaryaxaas,cayaar
cayaarsiinayo,cayaar
cayaarto,cayaar
cayaaraya,cayaar
cayaarayaa,cayaar
cayaarayo,cayaar
cayaarihii,cayaar
cayaaraa,cayaar
ciyaaro,ciyaar
ciyaarid,ciyaar
ciyaaraha,ciyaar
ciyaarta,ciyaar
ciyaaraan,ciyaar
ciyaarayaan,ciyaar
ciyaarto,ciyaar
ciyaartaa,ciyaar
ciyaarayo,ciyaar
ciyaarin,ciyaar
ciyaarsii,ciyaar
ciyaarsiin,ciyaar
ciyaarsiis,ciyaar
ciyaaryahan,ciyaar
ciyaaryaxaas,ciyaar
ciyaare,ciyaar
ciyaaran,ciyaar
ciyaarsiiska,ciyaar
ciyaara,ciyaar
ciyaareed,ciyaar
ciyaareedka,ciyaar
ciyaarayey,ciyaar
ciyaaraysa,ciyaar
ciyaarsiiyo,ciyaar
ciyaaridda,ciyaar
cayaarid,cayaari
cayaarin,cayaari
cayaarihii,cayaari
ciyaarid,ciyaari
ciyaarin,ciyaari
ciyaaridda,ciyaari
caynkan,cayn
cayntood,cayn
cayntiisa,cayn
caynaano,cayn
caynad,cayn
caynaan,cayn
caynaani,cayn
caynaanin,cayn
caynaanshe,cayn
caynab,cayn
cayngeri,cayn
caynsan,cayn
caynsanaan,cayn
caynsanaansho,cayn
caynsane,cayn
caynsasho,cayn
caynso,cayn
caynaanka,cayn
caynta,cayn
caynaanku,cayn
cayntooduna,cayn
cayntiisuna,cayn
cayntuna,cayn
cayshid,caysh
ceeshid,ceesh
ceegaagid,ceegaag
ceelasha,ceel
ceelaljoog,ceel
ceelka,ceel
ceelalyo,ceel
ceelgee,ceel
ceelgeeye,ceel
ceelgeyn,ceel
ceelkaggeeye,ceel
ceelyeelad,ceel
ceelyeelasho,ceel
ceelyeelo,ceel
ceelkii,ceel
ceelgeel,ceel
ceelgaal,ceel
ceelal,ceel
Godob,Godob
ceesaanka,ceesaan
ciddillaabid,ciddillaab
cigaalid,cigaal
ciidamada,ciid
ciidda,ciid
ciidanka,ciid
ciidamadu,ciid
ciidammadu,ciid
ciidamid,ciid
ciiddiisu,ciid
ciiddeeda,ciid
ciidaggale,ciid
ciiddaggale,ciid
ciidami,ciid
ciidamin,ciid
ciidannimo,ciid
ciidansad,ciid
ciidansasho,ciid
ciidanso,ciid
ciidaansad,ciid
ciidaansi,ciid
ciidansi,ciid
ciidanxumaan,ciid
ciidanxun,ciid
ciidanxumaansho,ciid
ciidanxumi,ciid
ciidanxumo,ciid
ciidanyari,ciid
ciidanyaro,ciid
ciidee,ciid
ciideyn,ciid
ciidid,ciid
ciidmaris,ciid
ciidmid,ciid
ciidankii,ciid
ciidaan,ciid
ciidi,ciid
ciidanku,ciid
ciiddeedu,ciid
ciidammada,ciid
ciidameed,ciid
ciidammo,ciid
ciidamadii,ciid
ciiddu,ciid
ciidamoow,ciid
ciidanka,ciidan
ciidannimo,ciidan
ciidansad,ciidan
ciidansasho,ciidan
ciidanso,ciidan
ciidansi,ciidan
ciidanxumaan,ciidan
ciidanxun,ciidan
ciidanxumaansho,ciidan
ciidanxumi,ciidan
ciidanxumo,ciidan
ciidanyari,ciidan
ciidanyaro,ciidan
ciidankii,ciidan
ciidanku,ciidan
ciilbax,ciil
ciilbeelid,ciil
ciilbixid,ciil
ciilcunid,ciil
ciildibbirid,ciil
ciilid,ciil
ciilkambiyid,ciil
ciilkambin,ciil
ciillan,ciil
ciillanaad,ciil
ciillanaan,ciil
ciillanaansho,ciil
ciilqabid,ciil
ciilbeelid,ciilbeel
ciilcunid,ciilcun
ciildibbirid,ciildibbir
ciilkambiyid,ciilkambi
ciilkambin,ciilkambi
ciilqabid,ciilqab
ciirsi,ciir
ciira,ciir
ciiraciiro,ciir
ciiryaamo,ciir
ciiryaan,ciir
ciirid,ciir
ciirad,ciir
ciirayn,ciir
ciiree,ciir
ciiraysan,ciir
ciiraysasho,ciir
ciirayso,ciir
ciiraysnaan,ciir
ciiraysnaansho,ciir
ciirciir,ciir
ciirciirid,ciir
ciiryaamada,ciir
ciiradu,ciir
ciirsad,ciir
ciirsasho,ciir
ciirsan,ciir
ciirsanaan,ciir
ciirsanaansho,ciir
ciirso,ciir
ciirsila,ciir
ciirayo,ciir
ciirciirayo,ciir
ciiromadow,ciir
ciiromadow,ciiro
cilaaqaad,cilaaq
cilaaqad,cilaaq
cilaaqo,cilaaq
cilaaqid,cilaaq
cilaaqtamid,cilaaq
cillaalid,cillaal
cillaangeedafuul,cillaan
cilmiga,cilmi
cilmibaaristii,cilmi
cilmiyeysan,cilmi
cilmibaarayaal,cilmi
cilmiyeed,cilmi
cilmig,cilmi
cilmibaarista,cilmi
cilmiyadii,cilmi
cilmiyaysan,cilmi
cilmibaaris,cilmi
cilmidarro,cilmi
cilmidhegood,cilmi
cilmifalag,cilmi
cilminafsi,cilmi
cilmiyayn,cilmi
cilmiyee,cilmi
cilmiyaysnaan,cilmi
cilmiyaysnaansho,cilmi
cilmigelid,cilmi
cilmifeleg,cilmi
cinniinid,cinniin
cinniinnimo,cinniin
cinniini,cinniin
cinniinin,cinniin
ciqaabta,ciqaab
ciqaabo,ciqaab
ciqaabid,ciqaab
ciqaaban,ciqaab
ciqaabay,ciqaab
ciqaabnaan,ciqaab
ciqaabnaansho,ciqaab
ciqaabtii,ciqaab
cirbataagid,cirbataag
cirbataagsad,cirbataag
cirbataagsasho,cirbataag
cirbataagso,cirbataag
cirbataagsi,cirbataag
ciribtirta,ciribtir
ciribtirid,ciribtir
ciribtirmid,ciribtir
ciribtirnaan,ciribtir
ciribtirnaansho,ciribtir
ciribtirmaan,ciribtir
cirridbaar,cirrid
cirridbaarid,cirrid
cirridka,cirrid
citiqaadid,citiqaad
citiqaadsan,citiqaad
citiqaadsanaan,citiqaad
citiqaadsanaansho,citiqaad
citiqaadsa,citiqaad
cuudi,cuud
cuudid,cuud
cuudin,cuud
cooni,coon
coorcoorid,coorcoor
coorcoorsan,coorcoor
coorcoorsanaan,coorcoor
coorcoorsanaansho,coorcoor
cubcubid,cubcub
cubcuban,cubcub
cubcubnaan,cubcub
cubcubnaansho,cubcub
cucubay,cucub
cucuban,cucub
cucubid,cucub
cucubnaan,cucub
cucubnaansho,cucub
cududda,cudud
cududid,cudud
cududaha,cudud
cududdaha,cudud
cudurdaarasho,cudurdaar
cudurdaaro,cudurdaar
cudurdaarid,cudurdaar
isjiidadka,isjiidad
culayskiisa,culays
culayska,culays
culaysin,culays
culaysi,culays
culayskiisu,culays
culayskooda,culays
culaysiya,culays
culayskood,culays
culayseed,culays
cuncunid,cuncun
cuncunaysa,cuncun
cunsurguuri,cunsur
cunsurguurin,cunsur
cunsurguuris,cunsur
cunuggu,cunug
cuqdadayn,cuqdad
cuqdadee,cuqdad
cuqdadlow,cuqdad
cuqdada,cuqdad
curadnimo,curad
curadweyn,curad
curada,curad
curadxige,curad
curadka,curad
curadxigeen,curad
curaddada,curad
curcuri,curcur
curcurin,curcur
curcuris,curcur
curcurrey,curcur
curcurri,curcur
curiyeyaasha,curiye
curiyeyaal,curiye
curuqday,curuq
curuqtirasho,curuq
curraafayn,curraaf
curraafiye,curraaf
curraafee,curraaf
curraafi,curraaf
curraafeyn,curraaf
curraafin,curraaf
curraafis,curraaf
curraafid,curraaf
curyaanad,curyaan
curyaannimo,curyaan
curyaansan,curyaan
curyaansanaan,curyaan
curyaansanaansho,curyaan
curyaannimada,curyaan
cusbooyin,cusbo
cusbow,cusbo
cusboon,cusbo
cusboonaan,cusbo
cusboo,cusbo
cusboonaansho,cusbo
cusboonayn,cusbo
cusboonee,cusbo
cusboonaysiin,cusbo
cusboonaysii,cusbo
cusboonaysiiyo,cusbo
cusboole,cusbo
cusbooneysiin,cusbo
cusbooyinkeeda,cusbo
cusbooyinka,cusbo
cuskugid,cuskug
cutin,cuti
cutis,cuti
cuurmid,cuur
cuurad,cuur
cuurasho,cuur
cuuray,cuur
cuuro,cuur
cuurcuur,cuur
cuurid,cuur
cuurnaan,cuur
cuurnaansho,cuur
cuurxirad,cuur
daabacaad,daab
daabka,daab
daabicid,daab
daabaco,daab
daabacan,daab
daabacnaan,daab
daabacnaansho,daab
daabad,daab
daabakhaad,daab
daabaqaad,daab
daaban,daab
daabay,daab
daabasho,daab
daabo,daab
daabaxid,daab
daabixid,daab
daabbad,daab
daabbadqaad,daab
daabbul,daab
daabbulad,daab
daabbule,daab
daabbulid,daab
daabdulle,daab
daabece,daab
daabaca,daab
daabid,daab
daabnaan,daab
daabnaansho,daab
daabatay,daab
daabul,daab
daabulid,daab
daabkiisu,daab
daabacay,daab
daabkooda,daab
daabkii,daab
daabkeedu,daab
daabkeeda,daab
daabacaad,daabac
daabaco,daabac
daabacan,daabac
daabacnaan,daabac
daabacnaansho,daabac
daabaca,daabac
daabacay,daabac
daabaxid,daabax
dabaaxid,dabaax
dabaaxsii,dabaax
dabaaxsiin,dabaax
dabaxad,dabax
dabaxadid,dabax
dabaxaw,dabax
dabaxiran,dabax
dabaxirasho,dabax
dabaxiro,dabax
dabaxirid,dabax
dabaxirnaan,dabax
dabaxirnaansho,dabax
daacad,daac
daacadnimo,daac
daacadxumo,daac
daacaqurmid,daac
daacasho,daac
daacid,daac
daacin,daac
daacuf,daac
daacufle,daac
daacuuncaloolo,daac
daacwashiirid,daac
daacdo,daac
daaca,daac
daacsan,daac
dacwashiirid,dacwashiir
daacid,daaci
daacin,daaci
daacuuncaloolo,daacuun
daacwashiirid,daacwashiir
daadsanaan,daad
daadin,daad
daadasho,daad
daaday,daad
daadshay,daad
daadku,daad
daadisaa,daad
daadgurayn,daad
daadad,daad
daado,daad
daaddah,daad
daaddegid,daad
daaddihi,daad
daaddihin,daad
daaddufid,daad
daadufid,daad
daadduumi,daad
daadduunsii,daad
daadduumid,daad
daadduumin,daad
daadduunsiin,daad
daadduunshe,daad
daadguree,daad
daadi,daad
daadid,daad
daadis,daad
daadsan,daad
daadiyay,daad
daadsanaansho,daad
daadxoor,daad
daadadka,daad
daaddigid,daad
daadegasho,daad
daadag,daad
daadsho,daad
daadadku,daad
daadiyo,daad
daadiya,daad
daadsanaani,daad
daadan,daad
daadiska,daad
daadiyaan,daad
daadshey,daad
daadka,daad
daaddejin,daad
daadsanyihiin,daad
daadato,daad
daaddeed,daad
daadsanayn,daad
daadata,daad
daaddegid,daaddeg
daaddufid,daadduf
daadufid,daaduf
daadduunsii,daadduun
daadduunsiin,daadduun
daadduunshe,daadduun
daanduunsii,daanduun
daanduunshe,daanduun
daanduunsiin,daanduun
dąafid,dąaf
daafacaad,daafac
daafaco,daafac
daafaca,daafac
daafacaya,daafac
daafacayo,daafac
daafacaa,daafac
difaacdo,difaac
difaaca,difaac
difaacid,difaac
difaaci,difaac
difaacidda,difaac
daafkaddeegid,daafkaddeeg
daahyada,daah
daaha,daah
daahid,daah
daahsi,daah
daahi,daah
daahiilid,daah
daahin,daah
daahiray,daah
daahiri,daah
daahirid,daah
daahirin,daah
daahirnimo,daah
daahiyad,daah
daahsad,daah
daahsasho,daah
daahsan,daah
daahay,daah
daahsanaan,daah
daahsanaansho,daah
daahso,daah
daahiyay,daah
daaho,daah
daahirnimada,daah
daahsoonaa,daah
daahneefeed,daah
dąahan,dąah
dąahasho,dąah
dąaho,dąah
dąahid,dąah
dąahiro,dąah
dąahnaan,dąah
dąahnaansho,dąah
daahiilid,daahiil
diihaalid,diihaal
daahiray,daahir
daahiri,daahir
daahirid,daahir
daahirin,daahir
daahirnimo,daahir
daahirnimada,daahir
dąalan,dąal
dąallan,dąal
daalacasho,daalac
daalacsho,daalac
daalacan,daalac
daalaco,daalac
daalibid,daalib
daanyeero,daan
daansho,daan
daanka,daan
daandaamid,daan
daanyeer,daan
daanduumi,daan
daanduunsii,daan
daanduumid,daan
daanduumin,daan
daanduunshe,daan
daandaami,daan
daandaamin,daan
daandaansad,daan
daandaansasho,daan
daandaansan,daan
daandaansanaan,daan
daandaansanaansho,daan
daandaanso,daan
daandaansi,daan
daandheero,daan
daanduunsiin,daan
daangee,daan
daango,daan
daangeyn,daan
daangeysad,daan
daangeysasho,daan
daangeyso,daan
daangeysi,daan
daanguur,daan
daanshoo,daan
daanshood,daan
daanyeerad,daan
daanyeerka,daan
daandaansad,daandaan
daandaansasho,daandaan
daandaansan,daandaan
daandaansanaan,daandaan
daandaansanaansho,daandaan
daandaanso,daandaan
daandaansi,daandaan
daaqa,daaq
daaqaan,daaq
daaqsinta,daaq
daaqin,daaq
daaqo,daaq
daaqada,daaq
daaqadood,daaq
daaqu,daaq
daaqid,daaq
daaqda,daaq
daaqsii,daaq
daaqsiin,daaq
daaqsiis,daaq
daaqad,daaq
daaqbarad,daaq
daaqbarasho,daaq
daaqbaro,daaq
daaqcune,daaq
daaqe,daaq
daaqgee,daaq
daaqgeyn,daaq
daaqi,daaq
daaqsad,daaq
daaqsasho,daaq
daaqso,daaq
daaqsin,daaq
daaqtegid,daaq
daaqayaan,daaq
daaqaayay,daaq
daaqadaha,daaq
daaqiisa,daaq
daaqay,daaq
daaqiddiisa,daaq
daaqaa,daaq
daaqsado,daaq
daaqdo,daaq
daaqsatada,daaq
daaqidda,daaq
daaqii,daaq
daaqaya,daaq
daaqsi,daaq
daare,daar
daarasho,daar
daarad,daar
daaro,daar
daardaarid,daar
daarid,daar
daardaarasho,daar
daardaaro,daar
daardhuuq,daar
daari,daar
daaris,daar
daarmid,daar
daarnaan,daar
daarnaansho,daar
daarnow,daar
daaruqayn,daar
daaruqee,daar
daaruqays,daar
daaruqaysan,daar
daaruqaysnaan,daar
daaruqaysnaansho,daar
daaruqe,daar
daaruqoobid,daar
daaruqow,daar
daaraha,daar
daarmay,daar
daarto,daar
daardaarid,daardaar
daardaarasho,daardaar
daardaaro,daardaar
daawoobid,daawo
daawow,daawo
daawooyinka,daawo
daayacaad,daayac
daayacid,daayac
daayaca,daayac
dayacan,dayac
dayacmid,dayac
dayacay,dayac
dayacsan,dayac
dayacid,dayac
dayacnaan,dayac
dayacnaansho,dayac
dayacs,dayac
dayacsa,dayac
dayacsanaan,dayac
dayacsanaansho,dayac
dayactiran,dayac
dayactiray,dayac
dayactirid,dayac
dayactirnaan,dayac
dayactirnaansho,dayac
dabaakhad,dabaakh
dabaakhid,dabaakh
dabaaqad,dabaaq
dabaaqid,dabaaq
dibaakhid,dibaakh
dabacadde,dabac
dabacaddeeye,dabac
dabacase,dabac
dabacla,dabac
dabacsamid,dabac
dabacsanaan,dabac
dabacsanaansho,dabac
dabacsanow,dabac
dabaculus,dabac
dabacadeeyaha,dabac
dabacaddaha,dabac
dabacsanaan,dabacsan
dabacsanaansho,dabacsan
dabacsanow,dabacsan
debecsanaan,debecsan
debecsanow,debecsan
debecsanaansho,debecsan
daboolanyihiin,dabo
daboolid,dabo
daboolmay,dabo
daboosho,dabo
daboollada,dabo
daboola,dabo
daboolo,dabo
daboolkii,dabo
daboolaa,dabo
daboolaan,dabo
dabooshay,dabo
daboolay,dabo
daboole,dabo
daboolmid,dabo
daboolnaan,dabo
daboolnaansho,dabo
daboosha,dabo
dabodheer,dabo
daboolasho,dabo
daboolka,dabo
dabooleysa,dabo
daboolanyahay,dabo
dabooli,dabo
daboolaya,dabo
dabooleen,dabo
dabadhilifnimo,dabadhilif
dabafurid,dabafur
dabaggalo,dabaggal
dabaggurid,dabaggur
dabajoogid,dabajoog
dabajooga,dabajoog
dabakakiilad,dabakakiil
dabakakiilasho,dabakakiil
dabakakiilo,dabakakiil
dabakakiilid,dabakakiil
dabakarid,dabakar
dabakarruub,dabakar
dabakeenid,dabakeen
dabakeennimo,dabakeen
dabammari,dabammar
dabammarid,dabammar
dabammarin,dabammar
dabammaryayn,dabammar
dabammaryee,dabammar
dabammaryo,dabammar
dabammaraya,dabammar
dabandeebid,dabandeeb
dabaqallooca,dabaq
dabaqadda,dabaq
dabaqid,dabaq
dabaqabo,dabaq
dabaqaadid,dabaq
dabaqabad,dabaq
dabaqabasho,dabaq
dabaqad,dabaq
dabaqallooc,dabaq
dabaqaa,dabaq
dabaqyada,dabaq
dabaqaadid,dabaqaad
dabargoo,dabar
dabarg,dabar
dabariyaadle,dabar
dabarradu,dabar
dabarro,dabar
dabargo,dabar
dabargoyn,dabar
dabargoys,dabar
dabarku,dabar
dabarka,dabar
dabarantahay,dabar
dabarriyaadle,dabar
dabarriyeedle,dabar
dabarrada,dabar
dabarwadaagga,dabar
dabarradiisa,dabar
dabariyoodle,dabar
dabareed,dabar
dabaxiran,dabaxir
dabaxirasho,dabaxir
dabaxiro,dabaxir
dabaxirid,dabaxir
dabaxirnaan,dabaxir
dabaxirnaansho,dabaxir
dabayluhu,dabayl
dabaylaha,dabayl
dabayli,dabayl
dabaylayn,dabayl
dabaylee,dabayl
dabaylbadan,dabayl
dabaylbadnaan,dabayl
dabaylbadnaansho,dabayl
dabaylbadni,dabayl
dabayleed,dabayl
dabaylnuug,dabayl
dabaylraac,dabayl
dabaylraacid,dabayl
dabaylwac,dabayl
dabaylo,dabayl
dabayluhuna,dabayl
dabbaalad,dabbaal
dabbaalasho,dabbaal
dabbaali,dabbaal
dabbaalsii,dabbaal
dabbaalin,dabbaal
dabbaalsiin,dabbaal
dabbaalsiis,dabbaal
dabbaaljoog,dabbaal
dabbaaljooglee,dabbaal
dabbaaljoogtee,dabbaal
dabbaaljoogleyn,dabbaal
dabbaaljoogteyn,dabbaal
dabbaalo,dabbaal
dabbaalid,dabbaal
dabbaaldegid,dabbaal
dabbaaljoogle,dabbaal
dabbaaljoogto,dabbaal
dabbaalnimo,dabbaal
dabbaaldegayo,dabbaal
dabbaalidda,dabbaal
dabbaalanaya,dabbaal
dabbaaldegid,dabbaaldeg
dabbaaldegayo,dabbaaldeg
dabbaanid,dabbaan
dabbaanta,dabbaan
dabcid,dabci
dabcin,dabci
dabcixumo,dabci
dabciye,dabci
dameerka,dameer
dameeruhu,dameer
dameerahu,dameer
dameeraha,dameer
dameerabilee,dameer
dameerabilayn,dameer
dameeradhaglayn,dameer
dameeradhaglee,dameer
dameeradhuuji,dameer
dameeradhuujo,dameer
dameeradhuujin,dameer
dameerajoogeen,dameer
dameerjoog,dameer
dameerdibadeed,dameer
dameerfarow,dameer
dameerhogo,dameer
dameero,dameer
dameerow,dameer
dabiibid,dabiib
dabiibasho,dabiib
dacallada,dacal
dacalka,dacal
dacalladooda,dacal
dacalmadow,dacal
dacalladeeda,dacal
dacalkooda,dacal
dacalkeeda,dacal
dacalladeeduna,dacal
dacalkiisa,dacal
dacalkeed,dacal
dacalladdooda,dacal
daboolanyihiin,dabool
daboolid,dabool
daboolmay,dabool
daboollada,dabool
daboola,dabool
daboolo,dabool
daboolkii,dabool
daboolaa,dabool
daboolaan,dabool
daboolay,dabool
daboole,dabool
daboolmid,dabool
daboolnaan,dabool
daboolnaansho,dabool
daboolasho,dabool
daboolka,dabool
dabooleysa,dabool
daboolanyahay,dabool
dabooli,dabool
daboolaya,dabool
dabooleen,dabool
daboolanyihiin,daboolan
daboolanyahay,daboolan
dabraacid,dabraac
dabranaan,dabran
dabranaansho,dabran
dabranow,dabran
dabranyihiin,dabran
dabridda,dabrid
danyaraan,danyar
danyari,danyar
danyaro,danyar
danyartu,danyar
dacarta,dacar
dacarfaalayo,dacar
dacarfaalo,dacar
dacarayn,dacar
dacaree,dacar
dacaraysan,dacar
dacaraysnaan,dacar
dacaraysnaansho,dacar
dacarbixi,dacar
dacarbixid,dacar
dacarbixin,dacar
dacardhiig,dacar
dacarfaalid,dacar
dacarfalid,dacar
dacaroo,dacar
dacarood,dacar
dacaroota,dacar
dacarfaalayo,dacarfaal
dacarfaalo,dacarfaal
dacarfaalid,dacarfaal
dacarfalid,dacarfal
dacatin,dacati
dacatiyid,dacati
tacaddiyid,tacaddi
tacaddin,tacaddi
dacayee,dacay
dacayan,dacay
dacayey,dacay
dacayeysan,dacay
dacayasho,dacay
dacayo,dacay
dacayeysasho,dacay
dacayayn,dacay
dacayid,dacay
dacayeysnaan,dacay
dacaynaan,dacay
dacayeysnaansho,dacay
dacayeyso,dacay
dacayn,dacay
dacaynaansho,dacay
dacgabid,dacgab
daciifad,daciif
daciifi,daciif
daciifid,daciif
daciifin,daciif
daciifis,daciif
daciifsan,daciif
daciifsanaan,daciif
daciifsanaansho,daciif
daciifka,daciif
laciifad,laciif
laciifi,laciif
laciifid,laciif
laciifin,laciif
laciifsan,laciif
laciifsanaan,laciif
laciifis,laciif
laciifsanaansho,laciif
dacluusid,dacluus
dacwin,dacwi
dacwiyid,dacwi
dadaalid,dadaal
dadaalayo,dadaal
dadaalin,dadaal
dedaalid,dedaal
dadabta,dadab
dadabdhigid,dadab
dadabgelid,dadab
dadabhambaar,dadab
dadabsad,dadab
dadabsasho,dadab
dadabso,dadab
dadabsi,dadab
dadabxambaarasho,dadab
dadabxam,dadab
dadabxambaarid,dadab
dadabxambaaro,dadab
dadabxambaarso,dadab
dadabxambaarsasho,dadab
dadabiisa,dadab
dadabdhigid,dadabdhig
dadabxambaarasho,dadabxambaar
dadabxambaarid,dadabxambaar
dadabxambaaro,dadabxambaar
dadabxambaarso,dadabxambaar
dadabxambaarsasho,dadabxambaar
dadantahay,dadan
dadana,dadan
dedani,dedan
dafirid,dafir
dafiraad,dafir
dagaagid,dagaag
dagaagnimo,dagaag
dagaalka,dagaal
dagaallamo,dagaal
dagaallamayo,dagaal
dagaalamaya,dagaal
dagaallama,dagaal
dagaalamo,dagaal
dagaalanka,dagaal
dagaalama,dagaal
dagaalanta,dagaal
dagaalid,dagaal
dagaalgal,dagaal
dagaalgeli,dagaal
dagaallamaya,dagaal
dagaalgelin,dagaal
dagaalgelis,dagaal
dagaaljecel,dagaal
dagaaljeclaan,dagaal
dagaaljeclaansho,dagaal
dagaaljooji,dagaal
dagaaljoojin,dagaal
dagaaljoojis,dagaal
dagaallamid,dagaal
dagaaltoleed,dagaal
dagaalsokeeye,dagaal
dagaalyahan,dagaal
dagaalyahannimo,dagaal
dagaallami,dagaal
dagaallamayaan,dagaal
dagaalay,dagaal
dagaalkii,dagaal
dagaallanta,dagaal
dagaala,dagaal
dagaallamaan,dagaal
dagaallansan,dagaal
dagaalku,dagaal
dagaalamaysa,dagaal
dagaalamid,dagaal
dagaalaha,dagaal
dagaalami,dagaal
dagaalsan,dagaal
dagaallada,dagaal
dagaallamay,dagaal
dagaalo,dagaal
dagaallamaaya,dagaal
dagaallanta,dagaallan
dagaallansan,dagaallan
daganduugid,dagan
daganduugid,daganduug
dahaaran,dahaar
dahaarantahay,dahaar
dahaaray,dahaar
dahaarid,dahaar
dahaarnaan,dahaar
dahaarnansho,dahaar
dahaaranyahay,dahaar
dahaaro,dahaar
dahaarnaa,dahaar
dahaarayo,dahaar
dahsoontahay,dahsoon
dahsoonaan,dahsoon
dahsoonaansho,dahsoon
dahsoonyahay,dahsoon
dahsooneed,dahsoon
dakanaduugid,dakanaduug
dakanaaduug,dakanaaduug
dakhaakhulid,dakhaakhul
laclacid,laclac
daqarasoon,daqar
daqarsoon,daqar
dakhranaan,dakhran
dakhranaansho,dakhran
daqranaan,daqran
daqranaansho,daqran
dalaafid,dalaaf
dalaafsan,dalaaf
dalaafay,dalaaf
dalaafsanaan,dalaaf
dalaafsanaansho,dalaaf
dalaandalan,dalaandal
dalaandalay,dalaandal
dalaandalid,dalaandal
dalaandalnaan,dalaandal
dalaandalnaansho,dalaandal
dalaaqid,dalaaq
dalaaqo,dalaaq
dalaaqay,dalaaq
dalawi,dalaw
dalable,dalab
dalambaabbiyid,dalambaabbi
dalambaabbin,dalambaabbi
dalandalid,dalandal
dalandoolid,dalandool
dalandoolli,dalandool
dalandoolyo,dalandool
dalankacayn,dalankac
dalankacee,dalankac
dalankacid,dalankac
dalboole,dalbo
daldalid,daldal
daldalaad,daldal
daldalasho,daldal
daldalo,daldal
daldalmid,daldal
daldalnaan,daldal
daldalnaansho,daldal
daldalooli,daldal
daldaloolid,daldal
daldaloolin,daldal
daldaloolis,daldal
daldalooliya,daldal
daldaloosha,daldal
daldaloollada,daldal
daldaloolo,daldal
daldaloollo,daldal
daldaloolladiisa,daldal
daldaloola,daldal
dąldalid,dąldal
dąldalan,dąldal
dąldalnaan,dąldal
deldelay,deldel
deldelan,deldel
deldelaad,deldel
deldelid,deldel
deldelnaan,deldel
deldelnaansho,deldel
daldalooli,daldalool
daldaloolid,daldalool
daldaloolin,daldalool
daldaloolis,daldalool
daldalooliya,daldalool
daldaloollada,daldalool
daldaloolo,daldalool
daldaloollo,daldalool
daldaloolladiisa,daldalool
daldaloola,daldalool
dulduleelo,dulduleel
dulduleeli,dulduleel
dulduleelid,dulduleel
dulduleelin,dulduleel
dulduleelis,dulduleel
dulduleellada,dulduleel
daliigo,daliig
daliigid,daliig
daliigtin,daliig
daliigayo,daliig
daliigyo,daliig
daliili,daliil
daliilin,daliil
daliilnimo,daliil
dąllaalid,dąllaal
dąllaalnimo,dąllaal
dillaalid,dillaal
dillaalnimo,dillaal
dullaalid,dullaal
dullaalnimo,dullaal
dallacaad,dallac
dallacbilaash,dallac
dallacsii,dallac
dallacsiin,dallac
dallacsiis,dallac
dallalid,dallal
daloola,dalool
daloollo,dalool
daloolo,dalool
daloollada,dalool
dalooliyo,dalool
daloolka,dalool
dalooli,dalool
daloolid,dalool
daloolin,dalool
dalooliye,dalool
daloolinta,dalool
dalooliyay,dalool
daloolada,dalool
daloolalada,dalool
duleelin,duleel
duleeli,duleel
duleelid,duleel
duleeliye,duleel
duleela,duleel
dalooshantay,dalooshan
dalowgana,dalow
dalxiise,dalxiis
dalxiisid,dalxiis
dalxiisnimo,dalxiis
damaashaadid,damaashaad
damaashaadayo,damaashaad
damacsan,damac
damacsanaan,damac
damacsanaansho,damac
damaca,damac
damacsanayd,damac
dambaabasad,dambaab
dambaabasasho,dambaab
dambaabaso,dambaab
dambaabasid,dambaab
dambaabburo,dambaab
dambaabi,dambaab
dambaabid,dambaab
dambaabin,dambaab
dambaabis,dambaab
dambaabsii,dambaab
dambaabsiin,dambaab
dambaaburo,dambaab
dembaabi,dembaab
dembaabid,dembaab
dembaabin,dembaab
dembaabsii,dembaab
dembaabsiin,dembaab
dambaabasad,dambaabas
dambaabasasho,dambaabas
dambaabaso,dambaabas
dambaabasid,dambaabas
dambaxiran,dambaxir
dambaxirid,dambaxir
dambaxirnaan,dambaxir
dambaxirnaansho,dambaxir
dambidhaafid,dambidhaaf
dambitirid,dambitir
damiinid,damiin
damiinnimo,damiin
damiino,damiin
damiinasho,damiin
dammiinasho,dammiin
dammiinid,dammiin
dammiinnimo,dammiin
dammiino,dammiin
dammaadid,dammaad
dammaadsan,dammaad
dammaaday,dammaad
dammaadsanaan,dammaad
dammaadsanaansho,dammaad
danaagax,danaag
dannaanniyid,dannaanni
danabka,danab
danabneg,danab
danabeed,danab
danabsoocidda,danab
danabsoociddu,danab
danabayn,danab
danabee,danab
danabaysan,danab
danabeeyey,danab
danabaysnaan,danab
danabaysnaansho,danab
danabnimo,danab
danaboobid,danab
danabow,danab
danabeedka,danab
danabowga,danab
danabku,danab
danabsoocid,danab
danabwade,danab
dananid,danan
dangiigid,dangiig
dangiigsad,dangiig
dangiigsasho,dangiig
dangiigso,dangiig
dangiigsi,dangiig
dingiigid,dingiig
dingiigsad,dingiig
dingiigsasho,dingiig
dingiigso,dingiig
dingiigsi,dingiig
daniba,dani
danihiisa,dani
danniyid,danni
danqaabid,danqaab
danqaabo,danqaab
danseegid,danseeg
darabdhaqasho,darab
darabqaadasho,darab
darabdhaqo,darab
darabqaado,darab
darandoori,daran
daranddoori,daran
darancad,daran
daranta,daran
darandawaco,daran
darandoorriyid,daran
darandoorrin,daran
darandoorris,daran
darangee,daran
darangeel,daran
darangeyn,daran
darankutaal,daran
daranmadow,daran
daranyo,daran
daranyoo,daran
daranyood,daran
daranaan,daran
darani,daran
darandorri,daran
darandoorriyid,darandoorri
darandoorrin,darandoorri
darandoorris,darandoorri
dararid,darar
dararay,darar
dararsan,darar
darari,darar
dararo,darar
dararin,darar
dararsasho,darar
dararso,darar
dararaan,darar
darbiyada,darbi
darbid,darbi
darbin,darbi
dardarid,dardar
dardarnaan,dardar
dardarmid,dardar
dardartiisii,dardar
dardaray,dardar
dardarnaansho,dardar
dardarsamid,dardar
dardarsan,dardar
dardarsasho,dardar
dardari,dardar
dardarayo,dardar
derderid,derder
derdermid,derder
derdernaan,derder
derdernaansho,derder
dardhaafid,dardhaaf
dardhaafi,dardhaaf
dardhaafin,dardhaaf
dardhaafis,dardhaaf
dareenka,dareen
dareensan,dareen
dareento,dareen
dareenwada,dareen
dareensad,dareen
dareensasho,dareen
dareensanaan,dareen
dareensanaansho,dareen
dareenso,dareen
dareensi,dareen
dareensii,dareen
dareensiin,dareen
dareenwade,dareen
dareenwadka,dareen
dareenkiisa,dareen
dareensiinayo,dareen
dareenwadaha,dareen
dareenwadayaasha,dareen
dareennada,dareen
dareenwadku,dareen
dareensiiyo,dareen
dareenkeeda,dareen
dareenwdayaasha,dareen
dareenno,dareen
dareenwaduhu,dareen
dareenwadayaal,dareen
dareentaa,dareen
dareeraha,dareer
dareere,dareer
dareerayaal,dareer
dareerid,dareer
dareeri,dareer
dareerka,dareer
dareersad,dareer
dareersasho,dareer
dareerso,dareer
dareerto,dareer
dareereyaal,dareer
dareerayaasha,dareer
dareerayaashu,dareer
dareera,dareer
dareerta,dareer
dureeri,dureer
dureerid,dureer
dureerin,dureer
dureersad,dureer
dureersasho,dureer
dureerso,dureer
darsanka,darsan
darsanaan,darsan
darsanaansho,darsan
darsankaas,darsan
darsanta,darsan
darooreyn,daro
daroorsha,daro
daroofid,daro
darooryaamid,daro
darooryid,daro
daroofid,daroof
darrow,darrow
darroori,darroor
darroorid,darroor
darroorin,darroor
daruuriga,daruur
daruuraha,daruur
daruureed,daruur
daruurihiisa,daruur
daruuruhu,daruur
daruur ,daruur
daruurad,daruur
daruurasho,daruur
daruuran,daruur
daruurayn,daruur
daruuree,daruur
daruuraysasho,daruur
daruurayso,daruur
daruurid,daruur
daruurin,daruur
daruurnaan,daruur
daruurnaansho,daruur
daruurnugul,daruur
daruurta,daruur
daruuriga,daruuri
daruurihiisa,daruuri
daruurid,daruuri
daruurin,daruuri
daryeelin,daryeel
daryeelka,daryeel
daryeelo,daryeel
daryeelid,daryeel
daryeelasho,daryeel
daryeellin,daryeel
dawaafid,dawaaf
dawaafi,dawaaf
dawaafsii,dawaaf
dawaafin,dawaaf
dawaafsiin,dawaaf
dayoobay,dayo
dayoobid,dayo
dawakhid,dawakh
dawakhaad,dawakh
dawakhi,dawakh
dawakhin,dawakh
dawakhsan,dawakh
dawakhsanaan,dawakh
dawakhsanaansho,dawakh
dawarid,dawar
dawari,dawar
dawarin,dawar
dawarsad,dawar
dawarsasho,dawar
dawarso,dawar
dawarsi,dawar
deweri,dewer
dewerid,dewer
dewerin,dewer
dewersad,dewer
dewersasho,dewer
dewersi,dewer
dewerso,dewer
dawdarrood,dawdar
dawdarid,dawdar
dawdaran,dawdar
dawdarnaan,dawdar
dawdarnaansho,dawdar
dawdarni,dawdar
dawdarno,dawdar
dawdarnimo,dawdar
dawdarroo,dawdar
dowddarid,dowddar
dowddarnimo,dowddar
dawliska,dawli
dawliil,dawli
dawlin,dawli
dawlis,dawli
dawlisgoys,dawli
dawlisku,dawli
dawliga,dawli
dowlis,dowli
dowlin,dowli
dowlisgoys,dowli
dawrka,dawr
dawri,dawr
dawrin,dawr
dawre,dawr
dawrid,dawr
dowrkooda,dowr
dowrid,dowr
dowrkiisu,dowr
dayactiran,dayactir
dayactiray,dayactir
dayactirid,dayactir
dayactirnaan,dayactir
dayactirnaansho,dayactir
dayaxgacmeedka,dayaxgacmeed
debacsanaan,debac
debacsamid,debac
debacsanaansho,debac
debacsanow,debac
debacsa,debac
debacsanaan,debacsan
debacsanaansho,debacsan
debacsanow,debacsan
debecsanaan,debec
debecla,debec
debecsamid,debec
debecsanow,debec
debecsanaansho,debec
deddatirid,deddatir
deddegid,deddeg
deddegsan,deddeg
deddegsanaan,deddeg
deddegsanaansho,deddeg
deddegsiinyo,deddeg
degdegsiinyo,degdeg
degdegid,degdeg
degdegsan,degdeg
degdegsanaan,degdeg
degdegaaya,degdeg
degdegsanaansho,degdeg
degdegga,degdeg
degdegna,degdeg
deebin,deeb
deebiyo,deeb
deebaaji,deeb
deebaan,deeb
deebaani,deeb
deebad,deeb
deebi,deeb
deebsan,deeb
deebiyey,deeb
deebsanaan,deeb
deebsanaansho,deeb
deegaanka,deeg
deegid,deeg
deegaamee,deeg
deegaameyn,deeg
deegaami,deeg
deegaamin,deeg
deegaanraac,deeg
deegad,deeg
deegaankiisa,deeg
deegaanta,deeg
deegaantu,deeg
deegaani,deeg
deegaantuna,deeg
deegaanka,deegaan
deegaanraac,deegaan
deegaankiisa,deegaan
deegaanta,deegaan
deegaantu,deegaan
deegaani,deegaan
deegaantuna,deegaan
deelqaafi,deelqaaf
deelqaafid,deelqaaf
deelqaafin,deelqaaf
deelqaafiy,deelqaaf
deeqda,deeq
deeqe,deeq
deeqdaran,deeq
deeqdarnaan,deeq
deeqdarnaansho,deeq
deeqdarno,deeq
deeqdaarnaan,deeq
deeqid,deeq
deeqlay,deeq
deeqle,deeq
deeqsi,deeq
deeqsii,deeq
deeqsiin,deeq
deeqsiis,deeq
deeqsinnimo,deeq
deeqtoomid,deeq
deeqtoonaan,deeq
deeqtoonaansho,deeq
deeqtonoow,deeq
deeqtoonow,deeq
deeqa,deeq
deeqsinimo,deeq
deeqtoonaan,deeqtoon
deeqtoonaansho,deeqtoon
deeqtoonow,deeqtoon
dembidhaafid,dembidhaaf
delidhacid,delidhac
denbaabid,denbaab
dhaafid,dhaaf
dhaafin,dhaaf
dhaafiyo,dhaaf
dhaafi,dhaaf
dhaafsado,dhaaf
dhaafsasho,dhaaf
dhaafay,dhaaf
dhaafidda,dhaaf
dhaafiyaan,dhaaf
dhaaftay,dhaaf
dhaafo,dhaaf
dhaafsiisan,dhaaf
dhaafdhaaf,dhaaf
dhaafdhaafi,dhaaf
dhaafdhaafid,dhaaf
dhaafdhaafin,dhaaf
dhaafdhaafsan,dhaaf
dhaafdhaafiyay,dhaaf
dhaafdhaafsanaan,dhaaf
dhaafdhaafsanaansho,dhaaf
dhaafsanaan,dhaaf
dhaafis,dhaaf
dhaafiye,dhaaf
dhaafsad,dhaaf
dhaafsan,dhaaf
dhaafsaanaansho,dhaaf
dhaafsanaansho,dhaaf
dhaafsi,dhaaf
dhaafsii,dhaaf
dhaafsiin,dhaaf
dhaafsiis,dhaaf
dhaafsiisnaan,dhaaf
dhaafsiisnaansho,dhaaf
dhaafso,dhaaf
dhaafa,dhaaf
dhaafaan,dhaaf
dhaafsadaan,dhaaf
dhaafsaneyn,dhaaf
dhaafeen,dhaaf
dhaafto,dhaaf
dhaafsanayn,dhaaf
dhaafsiisnayn,dhaaf
dhaafta,dhaaf
dembitirid,dembitir
deriskunoosha,deris
deriskunool,deris
deriska,deris
deriskunnoole,deris
derisnimo,deris
deriskunoole,deris
deriskunoolka,deris
deristay,deris
deriskunnoole,deriskunnool
deynta,deyn
deyni,deyn
deynin,deyn
deynoobid,deyn
deynow,deyn
deynhilato,deyn
deynle,deyn
deynlow,deyn
deynmid,deyn
deynqabe,deyn
deynsad,deyn
deynsasho,deyn
deynso,deyn
deyntiisa,deyn
deynaya,deyn
deyneysa,deyn
deynsado,deyn
deynq,deyn
dhaabasho,dhaab
dhaabad,dhaab
dhaabadee,dhaab
dhaabadeyn,dhaab
dhaabadays,dhaab
dhaabadeys,dhaab
dhaabadeysan,dhaab
dhaabadeysnaan,dhaab
dhaabadeysnaansho,dhaab
dhaaba,dhaab
dhaabalo,dhaab
dhaabay,dhaab
dhaabo,dhaab
dhaabdhaab,dhaab
dhaabdhaabid,dhaab
dhaabid,dhaab
dhaabmid,dhaab
dhaabnaan,dhaab
dhaabnaansho,dhaab
dhaadhicin,dhaad
dhaadheeryihiin,dhaad
dhaadheer,dhaad
dhaadhacsiin,dhaad
dhaadher,dhaad
dhaadhicid,dhaad
dhaadhacaysa,dhaad
dhaadan,dhaad
dhaadasho,dhaad
dhaado,dhaad
dhaaddan,dhaad
dhaaddanaan,dhaad
dhaaddanaansho,dhaad
dhaaddanow,dhaad
dhaaddi,dhaad
dhaaddin,dhaad
dhaaddisaar,dhaad
dhaadhici,dhaad
dhaadhicis,dhaad
dhaadi,dhaad
dhaadid,dhaad
dhaadis,dhaad
dhaadin,dhaad
dhaadnaan,dhaad
dhaadnaansho,dhaad
dhaadhicinayo,dhaad
dhaadheerna,dhaad
dhaadaneysaa,dhaad
dhaadhaceed,dhaad
dhaadhacsiin,dhaadhac
dhaadhacaysa,dhaadhac
dhaadhaceed,dhaadhac
dhacdhaco,dhacdhac
dhacdhacayo,dhacdhac
dhacdhacid,dhacdhac
dhacdhaca,dhacdhac
dhaarin,dhaari
dhaandabaggaale,dhaan
dhaandhaami,dhaan
dhaandhaamid,dhaan
dhaandhaamin,dhaan
dhaandhaamis,dhaan
dhaansad,dhaan
dhaansasho,dhaan
dhaansan,dhaan
dhaansanaan,dhaan
dhaansanaansho,dhaan
dhaanso,dhaan
dhaansi,dhaan
dhaantayn,dhaan
dhaantee,dhaan
dhaanto,dhaan
dhaandabaggaalla,dhaan
dhaansado,dhaan
dhaansho,dhaan
dhaantada,dhaan
dhaanka,dhaan
dhaanta,dhaan
dhaanku,dhaan
dhaawacay,dhaaw
dhaawaca,dhaaw
dhaawid,dhaaw
dhaawacmid,dhaaw
dhaawacnaan,dhaaw
dhaawacnaansho,dhaaw
dhaawan,dhaaw
dhaaway,dhaaw
dhaawanaan,dhaaw
dhaawanaansho,dhaaw
dhaawasho,dhaaw
dhaawo,dhaaw
dhaawicid,dhaaw
dhaawis,dhaaw
dhaawacmo,dhaaw
dhaawacyo,dhaaw
dhaawacma,dhaaw
dhaawacmay,dhaaw
dhaawaq,dhaaw
dhaawacayo,dhaaw
dhawaan,dhaw
dhawaaqo,dhaw
dhawaaqaa,dhaw
dhawaaqaan,dhaw
dhawaaqid,dhaw
dhawaajin,dhaw
dhawaansho,dhaw
dhaweysay,dhaw
dhawday,dhaw
dhawaato,dhaw
dhawrnayd,dhaw
dhawaaqa,dhaw
dhaweeyey,dhaw
dhawaaqoodu,dhaw
dhawdahay,dhaw
dhawaaaqid,dhaw
dhawaado,dhaw
dhawaanta,dhaw
dhawaaqyada,dhaw
dhawaaqayo,dhaw
dhawaadaan,dhaw
dhawaajiyo,dhaw
dhawan,dhaw
dhawanaan,dhaw
dhawanaansho,dhaw
dhawasho,dhaw
dhawid,dhaw
dhawis,dhaw
dhawo,dhaw
dhawaaji,dhaw
dhawaandhalad,dhaw
dhawaansooggal,dhaw
dhawaaqidda,dhaw
dhawaatiyid,dhaw
dhawdhaw,dhaw
dhawdhawle,dhaw
dhawdhawley,dhaw
dhawee,dhaw
dhaweyn,dhaw
dhaweysad,dhaw
dhaweysasho,dhaw
dhaweysi,dhaw
dhaweyso,dhaw
dhawow,dhaw
dhawr ,dhaw
dhawraari,dhaw
dhawraarimo,dhaw
dhawrad,dhaw
dhawradnimo,dhaw
dhawran,dhaw
dhawrid,dhaw
dhaw ,dhaw
dhawris,dhaw
dhawritaan,dhaw
dhawrmo,dhaw
dhawriwaayid,dhaw
dhawrnaan,dhaw
dhawrnaansho,dhaw
dhawrsad,dhaw
dhawrsasho,dhaw
dhawrsan,dhaw
dhawrsanaan,dhaw
dhawrsanaansho,dhaw
dhawrso,dhaw
dhawrsi,dhaw
dhawrtayn,dhaw
dhawrtee,dhaw
dhawrtaysad,dhaw
dhawrtaysasho,dhaw
dhawrtayso,dhaw
dhawrtaysi,dhaw
dhawrto,dhaw
dhaweeya,dhaw
dhawyihiin,dhaw
dhawraarintana,dhaw
dhaweeyo,dhaw
dhawaaqsan,dhaw
dhawaaqdo,dhaw
dhawaada,dhaw
dhawaaqooda,dhaw
dhawaaqi,dhaw
dhawaaqiddiisa,dhaw
dhawaaqiisa,dhaw
dhaweeyaan,dhaw
dhawridda,dhaw
dhawtay,dhaw
dhawayn,dhaw
dhawaac,dhaw
dhawi,dhaw
dhawrasho,dhaw
dhawaasho,dhaw
dhawaanshaha,dhaw
dhawaad,dhaw
dhawac,dhaw
dhawra,dhaw
dhawaaqay,dhaw
dhaawacay,dhaawac
dhaawaca,dhaawac
dhaawacmid,dhaawac
dhaawacnaan,dhaawac
dhaawacnaansho,dhaawac
dhaawacmo,dhaawac
dhaawacyo,dhaawac
dhaawacma,dhaawac
dhaawacmay,dhaawac
dhaawacayo,dhaawac
dhababid,dhabab
dhababan,dhabab
dhababay,dhabab
dhababnaan,dhabab
dhababnaansho,dhabab
dhabannada,dhaban
dhabanka,dhaban
dhabankoolis,dhaban
dhabannaanayn,dhaban
dhabannaanee,dhaban
dhabannaano,dhaban
dhabannacaso,dhaban
dhabannahayn,dhaban
dhabannahays,dhaban
dhabanaanayn,dhaban
dhabanna,dhaban
dhabaqsan,dhabaq
dhabaqsanaan,dhabaq
dhabaqsanaansho,dhabaq
dhabaqsasho,dhabaq
dhabaqso,dhabaq
dhabaqtirid,dhabaq
dhabaqa,dhabaq
dhabaqtiran,dhabaq
dhabaqtiray,dhabaq
dhabaqtirnaan,dhabaq
dhabaqtirnaansho,dhabaq
dhabaqtirid,dhabaqtir
dhabaqtiran,dhabaqtir
dhabaqtiray,dhabaqtir
dhabaqtirnaan,dhabaqtir
dhabaqtirnaansho,dhabaqtir
garaacid,garaac
garaaco,garaac
garaacasho,garaac
garaaca,garaac
garaacayo,garaac
garaacan,garaac
garaacay,garaac
garaacis,garaac
garaacnaan,garaac
garaacnaansho,garaac
garaacaan,garaac
dhabarjabid,dhabarjab
dhabasho,dhabas
dhabashada,dhabas
dhabbacan,dhabbac
dhabbacasho,dhabbac
dhabbaco,dhabbac
dhabbacnaan,dhabbac
dhabbacnaansho,dhabbac
dhabbacda,dhabbac
dhabbacanyahay,dhabbac
dhabbisid,dhabbis
dhabcaalad,dhabcaal
dhabcaalnimo,dhabcaal
dhabiilid,dhabiil
dhabiiltamid,dhabiil
dhabiiltama,dhabiil
dhacay,dhac
dhaco,dhac
dhacdo,dhac
dhacday,dhac
dhaca,dhac
dhacdhaco,dhac
dhacartaan,dhac
dhacaankiisa,dhac
dhacdhacayo,dhac
dhacdhacid,dhac
dhacayaan,dhac
dhacaa,dhac
dhacaankeeda,dhac
dhacayso,dhac
dhacda,dhac
dhacaysa,dhac
dhacdaa,dhac
dhacaha,dhac
dhacdana,dhac
dhacayo,dhac
dhacana,dhac
dhacdhaca,dhac
dhacdid,dhac
dhacdooy,dhac
dhacaanka,dhac
dhaceyso,dhac
dhacsiin,dhac
dhaclayn,dhac
dhacleeyay,dhac
dhaclaysan,dhac
dhacle,dhac
dhaclee,dhac
dhaclaysnaansho,dhac
dhacaamid,dhac
dhacadiidid,dhac
dhacdiidid,dhac
dhacadiidsad,dhac
dhacadiidsasho,dhac
dhacadiidso,dhac
dhacadiidsi,dhac
dhacdiidsad,dhac
dhacdiidso,dhac
dhacamaggal,dhac
dhacmaggal,dhac
dhacami,dhac
dhacmi,dhac
dhacamin,dhac
dhacmin,dhac
dhacamis,dhac
dhacar,dhac
dhacarad,dhac
dhacarasho,dhac
dhacaro,dhac
dhacarsad,dhac
dhacarsasho,dhac
dhacarsi,dhac
dhacarato,dhac
dhacarta,dhac
dhacarsato,dhac
dhacari,dhac
dhacarin,dhac
dhacaris,dhac
dhacarso,dhac
dhacdhicid,dhac
dhacdiidsasho,dhac
dhacdiidsi,dhac
dhaclaysnaan,dhac
dhacma,dhac
dhacmid,dhac
dhacnaan,dhac
dhacnaansho,dhac
dhacsaalid,dhac
dhacsad,dhac
dhacsasho,dhac
dhacsan,dhac
dhacsanaan,dhac
dhacsanaansho,dhac
dhacso,dhac
dhacsi,dhac
dhacsii,dhac
dhacsiis,dhac
dhacid,dhac
dhacaya,dhac
dhacdooyinka,dhac
dhacoo,dhac
dhacarsadaan,dhac
dhacaartaan,dhac
dhaceysa,dhac
dhaceen,dhac
dhacdooyinkii,dhac
dhacdada,dhac
dhacaaysan,dhac
dhacseyaalka,dhac
dhacdooyin,dhac
dhacariyo,dhac
dhacsadeen,dhac
dhaclaha,dhac
dhaciddooda,dhac
dhaciisa,dhac
dhacaankiisa,dhacaan
dhacaankeeda,dhacaan
dhacaanka,dhacaan
dheecaanka,dheecaan
dheecaankisa,dheecaan
dheecaanno,dheecaan
dheecaano,dheecaan
dhacadiidid,dhacadiid
dhacadiidsad,dhacadiid
dhacadiidsasho,dhacadiid
dhacadiidso,dhacadiid
dhacadiidsi,dhacadiid
dhacdiidid,dhacdiid
dhacdiidsad,dhacdiid
dhacdiidso,dhacdiid
dhacdiidsasho,dhacdiid
dhacdiidsi,dhacdiid
dhacana,dhacan
dhacsaalid,dhacsaal
dhadaambiyid,dhadaambi
dharaambiyid,dharaambi
dhadhaabaha,dhadhaab
dhadhaabuhu,dhadhaab
dhadhaabo,dhadhaab
dhadhaabeed,dhadhaab
dhadhaabtaan,dhadhaab
dhadhaabta,dhadhaab
dhadhaabooyin,dhadhaab
dhadhaabada,dhadhaab
dhadhaabahaasi,dhadhaab
dhadhaabah,dhadhaab
dhadhaarad,dhadhaar
dhadhaaran,dhadhaar
dhadhaarasho,dhadhaar
dhadhaarid,dhadhaar
dhadhaarnaan,dhadhaar
dhadhaarnaansho,dhadhaar
dhadhaaro,dhadhaar
dhadhaarradu,dhadhaar
dhardhaar ,dhardhaar
dhardhaarasho,dhardhaar
dhardhaaran,dhardhaar
dhardhaarid,dhardhaar
dhardhaarnaan,dhardhaar
dhardhaaro,dhardhaar
dhardhaarad,dhardhaar
dhardhaaray,dhardhaar
dhardhaarnaansho,dhardhaar
dhardhaarro,dhardhaar
dhadhabid,dhadhab
dhadhabaha,dhadhab
dhadhankoodii,dhadhan
dhadhankooda,dhadhan
dhadhankeeda,dhadhan
dhadhansado,dhadhan
dhadhanka,dhadhan
dhadhannada,dhadhan
dhadhansad,dhadhan
dhadhansasho,dhadhan
dhadhanso,dhadhan
dhadhansi,dhadhan
dhadhansii,dhadhan
dhadhansiin,dhadhan
dhadhansiis,dhadhan
dhadhansiiyo,dhadhan
dhadhankiisa,dhadhan
dhadhankiisu,dhadhan
dhadhensad,dhadhen
dhadhensasho,dhadhen
dhadhensii,dhadhen
dhadhensiin,dhadhen
dhadhensiis,dhadhen
dhadhenso,dhadhen
dhadhensi,dhadhen
dhandhansii,dhandhan
dhandhanso,dhandhan
dhandhansad,dhandhan
dhandhansasho,dhandhan
dhandhansi,dhandhan
dhandhansiin,dhandhan
dhandhansiis,dhandhan
dhandhensii,dhandhen
dhandhenso,dhandhen
dhandhensad,dhandhen
dhandhensasho,dhandhen
dhandhensi,dhandhen
dhandhensiin,dhandhen
dhedhensii,dhedhen
dhedhenso,dhedhen
dhedhensad,dhedhen
dhedhensasho,dhedhen
dhedhensi,dhedhen
dhedhensiin,dhedhen
dhedhensiis,dhedhen
dhafanyahay,dhafan
dhafanyihiin,dhafan
dhafandhaaf,dhafan
dhafarsan,dhafar
dhafarsanaan,dhafar
dhafarsanaansho,dhafar
dhafaruur,dhafar
dhafarto,dhafar
dhafaruurta,dhafar
dhagari,dhagar
dhagarley,dhagar
dhagarrey,dhagar
dhagarlow,dhagar
dhagarqabe,dhagar
dhagarre,dhagar
dhagarrow,dhagar
dhakafaarid,dhakafaar
dhakafaari,dhakafaar
dhakafaarin,dhakafaar
dhakafaarsan,dhakafaar
dhakafaaray,dhakafaar
dhakafaarsanaan,dhakafaar
dhakafaarsanaansho,dhakafaar
kafaari,kafaar
kafaaris,kafaar
kafaarsan,kafaar
kafaarsanaan,kafaar
kafaarid,kafaar
kafaarin,kafaar
kafaarsanaansho,kafaar
kafaaraggud,kafaar
kafaaro,kafaar
kafaaraggudasho,kafaar
kafaaraggudo,kafaar
takhtareedka,takhtar
takhtarku,takhtar
takhtareed,takhtar
takhtarnimo,takhtar
takhtaran,takhtar
takhtarnaan,takhtar
takhtarnaansho,takhtar
dhakoolid,dhako
dhakooliye,dhako
dhakoolid,dhakool
dhakooliye,dhakool
dhalay,dhal
dhalan,dhal
dhallaan,dhal
dhalatay,dhal
dhalin,dhal
dhaleen,dhal
dhaliyaan,dhal
dhalaaliyo,dhal
dhaliya,dhal
dhalaala,dhal
dhalayaan,dhal
dhalmada,dhal
dhala,dhal
dhalaalkeeduna,dhal
dhalata,dhal
dhalasho,dhal
dhalashada,dhal
dhalad,dhal
dhalxan,dhal
dhallinyaro,dhal
dhallaanka,dhal
dhalfo,dhal
dhaliyo,dhal
dhalayo,dhal
dhalid,dhal
dhaliye,dhal
dhaleeco,dhal
dhaliweydey,dhal
dhalinyareyn,dhal
dhaleecayn,dhal
dhaleeceey,dhal
dhallintu,dhal
dhallinyaradu,dhal
dhalashadii,dhal
dhalinta,dhal
dhalanka,dhal
dhalmo,dhal
dhalada,dhal
dhallinyartu,dhal
dhalanayo,dhal
dhalanayso,dhal
dhalaasha,dhal
dhalayso,dhal
dhallinta,dhal
dhalaalaya,dhal
dhalaashan,dhal
dhalaandhilo,dhal
dhalaad,dhal
dhalaali,dhal
dhalali,dhal
dhalaalid,dhal
dhalalid,dhal
dhalaalis,dhal
dhalalin,dhal
dhalaaliso,dhal
dhalaalyo,dhal
dhalaliso,dhal
dhalaalo,dhal
dhalalyo,dhal
dhalalo,dhal
dhalaandhuux,dhal
dhallaandhuux,dhal
dhalaalshay,dhal
dhalaashanaan,dhal
dhalaashanaansho,dhal
dhalandhoolid,dhal
dhalandhooli,dhal
dhalandhoolin,dhal
dhalandhoolis,dhal
dhalandoori,dhal
dhalankooda,dhal
dhalandoorin,dhal
dhalandooris,dhal
dhalandoorsan,dhal
dhalandooriyay,dhal
dhalandoorsanaan,dhal
dhalandoorsanaansho,dhal
dhalanrogid,dhal
dhalanrogay,dhal
dhalanrogmad,dhal
dhalanrogmasho,dhal
dhalanrogmo,dhal
dhalanrogmid,dhal
dhalanrognaan,dhal
dhalanrognaansho,dhal
dhalanxumaan,dhal
dhalanxun,dhal
dhalanxumaansho,dhal
dhalanxumi,dhal
dhalanxumo,dhal
dhalashadadii,dhal
dhalco,dhal
dhaldhalaalid,dhal
dhaleecee,dhal
dhalfee,dhal
dhalfeyn,dhal
dhalfiif,dhal
dhaliilid,dhal
dhallaamayn,dhal
dhallaamee,dhal
dhallaanciil,dhal
dhallinciil,dhal
dhallaanhabaabis,dhal
dhallaannimo,dhal
dhallaax,dhal
dhalleeci,dhal
dhalleexi,dhal
dhalleecid,dhal
dhalleexid,dhal
dhalleecin,dhal
dhalleexin,dhal
dhalleeco,dhal
dhalleecsad,dhal
dhalleexsasho,dhal
dhalleecsasho,dhal
dhalleecsi,dhal
dhalleecso,dhal
dhalleexso,dhal
dhalleexo,dhal
dhalleexsad,dhal
dhalleexsa,dhal
dhalleexsi,dhal
dhallin,dhal
dhallinyaraan,dhal
dhallinya,dhal
dhallinyari,dhal
dhallinyaraansho,dhal
dhallinyarannimo,dhal
dhallinyarayn,dhal
dhallinyareeyay,dhal
dhallinyaroobid,dhal
dhallinyarow,dhal
dhalmaanyo,dhal
dhalmacusbo,dhal
dhalmaddee,dhal
dhalmadu,dhal
dhalmaddeys,dhal
dhaloobid,dhal
dhalool,dhal
dhalyo,dhal
dhalaalana,dhal
dhalaalay,dhal
dhaloyareyda,dhal
dhaleysa,dhal
dhallinyarada,dhal
dhaleys,dhal
dhalaya,dhal
dhalato,dhal
dhalaa,dhal
dhalmaddeysay,dhal
dhalashadiisa,dhal
dhalaysa,dhal
dhaliyey,dhal
dhalaan,dhal
dhalanayaan,dhal
dhaleyso,dhal
dhalooyinka,dhal
dhalaooyinka,dhal
dhalliilo,dhal
dhalaashanka,dhal
dhaliyayaasha,dhal
dhaliyeen,dhal
dhaliyayaal,dhal
dhalanayaa,dhal
dhalinyaro,dhal
dhalanroggu,dhal
dhalidda,dhal
dhaliishan,dhal
dhale,dhal
dhaliso,dhal
dhaliishiisa,dhal
dhalashadoodu,dhal
dhalaaliyey,dhal
dhaliila,dhal
dhalii,dhal
dhaleyn,dhal
dhalisa,dhal
dhaladeeda,dhal
dhalaalsasho,dhal
dhalma,dhal
dhalaalidda,dhal
dhalmana,dhal
dhalane,dhal
dhalli,dhal
dhalanaya,dhal
dhalashadiisu,dhal
dhallan,dhal
dhalinayana,dhal
dhalaaliyo,dhalaal
dhalaala,dhalaal
dhalaalkeeduna,dhalaal
dhalaalaya,dhalaal
dhalaali,dhalaal
dhalaalid,dhalaal
dhalaalis,dhalaal
dhalaaliso,dhalaal
dhalaalyo,dhalaal
dhalaalo,dhalaal
dhalaalshay,dhalaal
dhalaalana,dhalaal
dhalaalay,dhalaal
dhalaaliyey,dhalaal
dhalaalsasho,dhalaal
dhalaalidda,dhalaal
dhalali,dhalal
dhalalid,dhalal
dhalalin,dhalal
dhalaliso,dhalal
dhalalyo,dhalal
dhalalo,dhalal
dhalandhoolid,dhalandhool
dhalandhooli,dhalandhool
dhalandhoolin,dhalandhool
dhalandhoolis,dhalandhool
dhalanrogid,dhalanrog
dhalanrogay,dhalanrog
dhalanrogmad,dhalanrog
dhalanrogmasho,dhalanrog
dhalanrogmo,dhalanrog
dhalanrogmid,dhalanrog
dhalanrognaan,dhalanrog
dhalanrognaansho,dhalanrog
dhalanroggu,dhalanrog
dhaldhalaalid,dhaldhalaal
dhalin,dhali
dhaliyaan,dhali
dhaliya,dhali
dhaliyo,dhali
dhalid,dhali
dhaliye,dhali
dhaliweydey,dhali
dhalinyareyn,dhali
dhalinta,dhali
dhaliilid,dhali
dhaliyey,dhali
dhaliyayaasha,dhali
dhaliyeen,dhali
dhaliyayaal,dhali
dhalinyaro,dhali
dhalidda,dhali
dhaliishan,dhali
dhaliso,dhali
dhaliishiisa,dhali
dhaliila,dhali
dhalii,dhali
dhalisa,dhali
dhalinayana,dhali
dhaliilid,dhaliil
dhaliila,dhaliil
dhaliso,dhalis
dhalisa,dhalis
dhalleeci,dhalleec
dhalleecid,dhalleec
dhalleecin,dhalleec
dhalleeco,dhalleec
dhalleecsad,dhalleec
dhalleecsasho,dhalleec
dhalleecsi,dhalleec
dhalleecso,dhalleec
dhalleexi,dhalleex
dhalleexid,dhalleex
dhalleexin,dhalleex
dhalleexsasho,dhalleex
dhalleexso,dhalleex
dhalleexo,dhalleex
dhalleexsad,dhalleex
dhalleexsa,dhalleex
dhalleexsi,dhalleex
jalleecid,jalleec
jalleecin,jalleec
jalleecso,jalleec
jalleeci,jalleec
jalleecis,jalleec
jalleeco,jalleec
jalleecsad,jalleec
jalleecsasho,jalleec
jalleecsan,jalleec
jalleeciyay,jalleec
jalleecsanaan,jalleec
jalleecsanaansho,jalleec
jalleecsi,jalleec
dhallinyaro,dhallinyar
dhallinyaradu,dhallinyar
dhallinyartu,dhallinyar
dhallinyaraan,dhallinyar
dhallinyari,dhallinyar
dhallinyaraansho,dhallinyar
dhallinyarannimo,dhallinyar
dhallinyarayn,dhallinyar
dhallinyareeyay,dhallinyar
dhallinyaroobid,dhallinyar
dhallinyarow,dhallinyar
dhallinyarada,dhallinyar
dhaloobid,dhalo
dhalool,dhalo
dhaloyareyda,dhalo
dhalooyinka,dhalo
dhamooqee,dhamooq
dhamooqid,dhamooq
dhamooqeyn,dhamooq
dhambacaadsad,dhambacaad
dhambacaadsasho,dhambacaad
dhambacaadsi,dhambacaad
dhambacaadso,dhambacaad
dhambacaadid,dhambacaad
dhambacaadi,dhambacaad
dhambacaadin,dhambacaad
dhambalmid,dhambal
dhambalid,dhambal
dhambalay,dhambal
dhambalasho,dhambal
dhambalo,dhambal
dhambalnaan,dhambal
dhambalnaansho,dhambal
dhambalaha,dhambal
dhammaadkiisa,dhammaad
dhammaadkii,dhammaad
dhammaadka,dhammaad
dhammaado,dhammaad
dhammaada,dhammaad
dhammaaday,dhammaad
dhammaadeen,dhammaad
dhammaadaan,dhammaad
dhammaadyada,dhammaad
dhammaadaa,dhammaad
dhammaadshihiisa,dhammaad
dhammaadyo,dhammaad
dhammaadkeeda,dhammaad
dhammaystirkeeda,dhammaystir
dhammaystirid,dhammaystir
dhammaystiran,dhammaystir
dhammaystiray,dhammaystir
dhammaystirnaan,dhammaystir
dhammaystirnaansho,dhammaystir
dhammaystirin,dhammaystir
dhammaystirayn,dhammaystir
dhammaystire,dhammaystir
dhammaystirka,dhammaystir
dhamoogid,dhamoog
dhanyahay,dhan
dhanka,dhan
dhannaan,dhan
dhanaanaasho,dhan
dhankiisa,dhan
dhankeeda,dhan
dhano,dhan
dhanaaniya,dhan
dhankooda,dhan
dhanxalag,dhan
dhanxanag,dhan
dhanxarag,dhan
dhandhamarraac,dhan
dhandhami,dhan
dhandhemi,dhan
dhandhamid,dhan
dhandhemid,dhan
dhandhamin,dhan
dhand,dhan
dhandhamo,dhan
dhandhemo,dhan
dhandhansii,dhan
dhandhensii,dhan
dhandhanso,dhan
dhandhenso,dhan
dhanaanaansho,dhan
dhantahay,dhan
dhanaamid,dhan
dhanaanaan,dhan
dhanaanow,dhan
dhanaani,dhan
dhanaanin,dhan
dhanaanis,dhan
dhanaansado,dhan
dhanbalan,dhan
dhanbalma,dhan
dhanballan,dhan
dhanballanka,dhan
dhandhamis,dhan
dhandhansad,dhan
dhandhansasho,dhan
dhandhansi,dhan
dhandhansiin,dhan
dhandhansiis,dhan
dhandhemin,dhan
dhandhemis,dhan
dhandhensad,dhan
dhandhensasho,dhan
dhandhensi,dhan
dhandhensiin,dhan
dhane,dhan
dhaneeq,dhan
dhanfaruur,dhan
dhangalaasayn,dhan
dhangalaasee,dhan
dhangalaaso,dhan
dhaniimid,dhan
dhaniinto,dhan
dhanjab,dhan
dhanjaf,dhan
dhankalaxid,dhan
dhanqalmid,dhan
dhankuulin,dhan
dhannax,dhan
dhanqalcid,dhan
dhankalmid,dhan
dhanqalnaan,dhan
dhanqalnaansho,dhan
dhansii,dhan
dhansiigid,dhan
dhansiin,dhan
dhantaalay,dhan
dhantaalid,dhan
dhantaalmid,dhan
dhantaalnaan,dhan
dhantaalnaansho,dhan
dhanyo,dhan
dhanada,dhan
dhanaanay,dhan
dhanaanaaday,dhan
dhanyihiin,dhan
dhanaanna,dhan
dhankeed,dhan
dhanna,dhan
dhanaantana,dhan
dhani,dhan
dhankii,dhan
dhanaanyahay,dhan
dhankiis,dhan
dhanaanaynta,dhan
dhanbaaal,dhan
dhanbaalwade,dhan
dhanba,dhan
dhantaala,dhan
dhanaanaasho,dhanaan
dhanaaniya,dhanaan
dhanaanaansho,dhanaan
dhanaanaan,dhanaan
dhanaanow,dhanaan
dhanaani,dhanaan
dhanaanin,dhanaan
dhanaanis,dhanaan
dhanaansado,dhanaan
dhanaanay,dhanaan
dhanaanaaday,dhanaan
dhanaanna,dhanaan
dhanaantana,dhanaan
dhanaanyahay,dhanaan
dhanaanaynta,dhanaan
dhaniinto,dhaniin
dhankalaxid,dhankalax
dhansiigid,dhansiig
dhasiigid,dhasiig
dhaqaaqi,dhaqaaq
dhaqaaqiddiisa,dhaqaaq
dhaqaaqin,dhaqaaq
dhaqaaqdaa,dhaqaaq
dhaqaaqday,dhaqaaq
dhaqaaqaya,dhaqaaq
dhaqaaqooda,dhaqaaq
dhaqaaqa,dhaqaaq
dhaqaaqaan,dhaqaaq
dhaqaaqid,dhaqaaq
dhaqaaqjoogleyn,dhaqaaq
dhaqaaqil,dhaqaaq
dhaqaaqilyo,dhaqaaq
dhaqaaqeeda,dhaqaaq
dhaqaaqjoogle,dhaqaaq
dhaqaaqjooglee,dhaqaaq
dhaqaaqjoogsad,dhaqaaq
dhaqaaqjoogsasho,dhaqaaq
dhaqaaqjoogso,dhaqaaq
dhaqaaqjoogsi,dhaqaaq
dhaqaaqsan,dhaqaaq
dhaqaaqsanaan,dhaqaaq
dhaqaaqsanaansho,dhaqaaq
dhaqaaqaasi,dhaqaaq
dhaqaaqidda,dhaqaaq
dhaqaaqay,dhaqaaq
dhaqaaqu,dhaqaaq
dhaqaaqyada,dhaqaaq
dhaqanka,dhaqan
dhaqanto,dhaqan
dhaqankuna,dhaqan
dhaqantaa,dhaqan
dhaqanta,dhaqan
dhaqankeeda,dhaqan
dhaqan ,dhaqan
dhaqandhaqaale,dhaqan
dhaqandoorsoon,dhaqan
dhaqangelid,dhaqan
dhaqangeli,dhaqan
dhaqangelin,dhaqan
dhaqangelis,dhaqan
dhaqanguurid,dhaqan
dhaqanguuri,dhaqan
dhaqanguurin,dhaqan
dhaqanhabaabi,dhaqan
dhaqanhabaabid,dhaqan
dhaqanhabaabin,dhaqan
dhaqanhabaabis,dhaqan
dhaqanhabaabay,dhaqan
dhaqankeedii,dhaqan
dhaqanhabowsan,dhaqan
dhaqanhabowsanaan,dhaqan
dhaqanhbowsanaansho,dhaqan
dhaqanwanaag,dhaqan
dhaqanwareegid,dhaqan
dhaqanwareeji,dhaqan
dhaqanwareejin,dhaqan
dhaqanwareeri,dhaqan
dhaqanwareerid,dhaqan
dhaqanwareerin,dhaqan
dhaqanwareersan,dhaqan
dhaqanewareeray,dhaqan
dhaqanwareersanaan,dhaqan
dhaqanwareersanaansho,dhaqan
dhaqanxumaan,dhaqan
dhaqanxun,dhaqan
dhaqanxumaansho,dhaqan
dhaqanxumi,dhaqan
dhaqanxumo,dhaqan
dhaqankeedu,dhaqan
dhaqankiisu,dhaqan
dhaqanku,dhaqan
dhaqanyihiin,dhaqan
dhaqankuba,dhaqan
dhaqankiisa,dhaqan
dhaqanno,dhaqan
dhaqanina,dhaqan
dhaqanayaa,dhaqan
dhaqanayo,dhaqan
dhaqanaysaa,dhaqan
dhaqanayso,dhaqan
dhaqanaysid,dhaqan
dhaqannaa,dhaqan
dhaqanaynaa,dhaqan
dhaqanayno,dhaqan
dhaqanaysaan,dhaqan
dhaqanayaan,dhaqan
dhaqanayay,dhaqan
dhaqanayn,dhaqan
dhaqanaynin,dhaqan
dhaqanaysay,dhaqan
dhaqannay,dhaqan
dhaqanaynay,dhaqan
dhaqanayseen,dhaqan
dhaqanayeen,dhaqan
dhaqanneen,dhaqan
dhaqanin,dhaqan
dhaqanguurid,dhaqanguur
dhaqanguuri,dhaqanguur
dhaqanguurin,dhaqanguur
dhaqanhabowsan,dhaqanhabow
dhaqanhabowsanaan,dhaqanhabow
dhaqanwareegid,dhaqanwareeg
dhaqanwareeri,dhaqanwareer
dhaqanwareerid,dhaqanwareer
dhaqanwareerin,dhaqanwareer
dhaqanwareersan,dhaqanwareer
dhaqanwareersanaan,dhaqanwareer
dhaqanwareersanaansho,dhaqanwareer
dhaqdhaqaaqa,dhaqdhaq
dhaqdhaqaaqyada,dhaqdhaq
dhaqdhaqaaq,dhaqdhaq
dhaqdhaqaajin,dhaqdhaq
dhaqdhaqaaqaysa,dhaqdhaq
dhaqdhaqaaqeysa,dhaqdhaq
dhaqdhaqid,dhaqdhaq
dhaqdhaqsasho,dhaqdhaq
dhaqdhaqso,dhaqdhaq
dhaqdhaqaaqeed,dhaqdhaq
dhaqdhaqaaqeeda,dhaqdhaq
dhaqdhaqaaqana,dhaqdhaq
dhaqdhaqaaqid,dhaqdhaq
dhaqdhaqaaqyo,dhaqdhaq
dhaqdhaqaaqin,dhaqdhaq
dhaqdhaqaaqayn,dhaqdhaq
dhaqdhaqaajiyo,dhaqdhaq
dhaqdhaqaaqiisa,dhaqdhaq
dhaqdhaqaaqijso,dhaqdhaq
dhaqdhaqaaqaya,dhaqdhaq
dhaqsooli,dhaqso
dhaqsoolin,dhaqso
dhaqsoolis,dhaqso
dharka,dhar
dharkiisu,dhar
dharki,dhar
dhareerka,dhar
dharbaaxo,dhar
dhareerna,dhar
dharkana,dhar
dharkeenka,dhar
dharaambiyid,dhar
dhardhaar ,dhar
dhardhaarasho,dhar
dhardhaaran,dhar
dhardhaarid,dhar
dhardhaarnaan,dhar
dhardhaaro,dhar
dharid,dhar
dharbaaxid,dhar
dharaarmaalnimo,dhar
dharaanbiyid,dhar
dharaar,dhar
dharaarad,dhar
dharaarasho,dhar
dharaaro,dhar
dharaari,dhar
dharaarmaalid,dhar
dharaarnimo,dhar
dharaaroomanayn,dhar
dharaaroomanee,dhar
dharaaroomane,dhar
dharaarsad,dhar
dharaarsasho,dhar
dharaarso,dhar
dharaarsi,dhar
dharabo,dhar
dharaboobid,dhar
dharabowgu,dhar
dharabsad,dhar
dharabsasho,dhar
dharabsan,dhar
dharabsanaan,dhar
dharabsanaansho,dhar
dharabso,dhar
dharabsi,dhar
dharan,dhar
dharaq,dhar
dharaqsad,dhar
dharaqsasho,dhar
dharaqso,dhar
dharaqsi,dhar
dharar,dhar
dhararid,dhar
dhararsad,dhar
dhararsasho,dhar
dhararsan,dhar
dhararay,dhar
dhararsanaan,dhar
dhararsanaansho,dhar
dhararso,dhar
dhararsi,dhar
dharasoobid,dhar
dharayn,dhar
dharee,dhar
dharbaaxee,dhar
dharbaaxayn,dhar
dharbaaxaysan,dhar
dharbaaxay,dhar
dharbaaxaysnaan,dhar
dharbaaxaysnaansho,dhar
dharsamee,dhar
dharbeel,dhar
dharbeelid,dhar
dharbi,dhar
dharbin,dhar
dharbis,dhar
dharqin,dhar
dharcad,dhar
dhardhaarad,dhar
dhardhaaray,dhar
dhardhaarnaansho,dhar
dhardhaq,dhar
dhardhigasho,dhar
dhardhigo,dhar
dhareerid,dhar
dhareerrey,dhar
dhargal,dhar
dhariin,dhar
dharjo,dhar
dharkayn,dhar
dharla,dhar
dharra,dhar
dharnaan,dhar
dharnaansho,dhar
dharoor,dhar
dharqad,dhar
dharqasho,dhar
dharqasaal,dhar
dharqo,dhar
dharqi,dhar
dharrici,dhar
dharroocid,dhar
dharruurid,dhar
dharsamayn,dhar
dharsamays,dhar
dharsameeye,dhar
dharsid,dhar
dhartol,dhar
dhartole,dhar
dharxirasho,dhar
dharxiro,dhar
dharabka,dhar
dharkeynka,dhar
dhardhaarro,dhar
dharhdaarood,dhar
dharaarta,dhar
dharaan,dhar
dharaarmaalnimo,dharaarmaal
dharaarmaalid,dharaarmaal
dharabo,dharab
dharaboobid,dharab
dharabowgu,dharab
dharabsad,dharab
dharabsasho,dharab
dharabsan,dharab
dharabsanaan,dharab
dharabsanaansho,dharab
dharabso,dharab
dharabsi,dharab
dharabka,dharab
dharabowgu,dharabow
dharasoobid,dharas
dharbaaxo,dharbaax
dharbaaxid,dharbaax
dharbaaxee,dharbaax
dharbaaxayn,dharbaax
dharbaaxaysan,dharbaax
dharbaaxay,dharbaax
dharbaaxaysnaan,dharbaax
dharbaaxaysnaansho,dharbaax
dhirbaaxee,dhirbaax
dhirbaaxaysan,dhirbaax
dhirbaaxaysnaan,dhirbaax
dhirbaaxayn,dhirbaax
dhirbaaxid,dhirbaax
dhirbaaxo,dhirbaax
dhirbaaxaysnaansho,dhirbaax
dhareerka,dhareer
dhareerna,dhareer
dhareerid,dhareer
dhareerrey,dhareer
dharroocid,dharrooc
dhashiinto,dhashiin
dhawaaqo,dhawaaq
dhawaaqaa,dhawaaq
dhawaaqaan,dhawaaq
dhawaaqid,dhawaaq
dhawaaqa,dhawaaq
dhawaaqoodu,dhawaaq
dhawaaqyada,dhawaaq
dhawaaqayo,dhawaaq
dhawaaqidda,dhawaaq
dhawaaqsan,dhawaaq
dhawaaqdo,dhawaaq
dhawaaqooda,dhawaaq
dhawaaqi,dhawaaq
dhawaaqiddiisa,dhawaaq
dhawaaqiisa,dhawaaq
dhawaaqay,dhawaaq
dhawaatiyid,dhawaati
dhawrnayd,dhawr
dhawr ,dhawr
dhawraari,dhawr
dhawraarimo,dhawr
dhawrad,dhawr
dhawradnimo,dhawr
dhawran,dhawr
dhawrid,dhawr
dhawris,dhawr
dhawritaan,dhawr
dhawrmo,dhawr
dhawriwaayid,dhawr
dhawrnaan,dhawr
dhawrnaansho,dhawr
dhawrsad,dhawr
dhawrsasho,dhawr
dhawrsan,dhawr
dhawrsanaan,dhawr
dhawrsanaansho,dhawr
dhawrso,dhawr
dhawrsi,dhawr
dhawrtayn,dhawr
dhawrtee,dhawr
dhawrtaysad,dhawr
dhawrtaysasho,dhawr
dhawrtayso,dhawr
dhawrtaysi,dhawr
dhawrto,dhawr
dhawraarintana,dhawr
dhawridda,dhawr
dhawrasho,dhawr
dhawra,dhawr
dhawraarintana,dhawraarin
dhawriwaayid,dhawriwaa
dhaxday,dhax
dhaxeeya,dhax
dhaxan,dhax
dhaxanta,dhax
dhaxalsiin,dhax
dhaxaltooyo,dhax
dhaxaysiinayo,dhax
dhaxamaysan,dhax
dhaxantu,dhax
dhaxlasho,dhax
dhaxalgelid,dhax
dhaxalsii,dhax
dhaxaltooxo,dhax
dhaxalwareegid,dhax
dhaxalwareeji,dhax
dhaxalwareejin,dhax
dhaxani,dhax
dhaxamaysii,dhax
dhaxamaysiin,dhax
dhaxamaysnaan,dhax
dhaxamaysnaansho,dhax
dhaxamays,dhax
dhaxamoo,dhax
dhaxamood,dhax
dhaxantire,dhax
dhaxantirid,dhax
dhaxlan,dhax
dhaxlay,dhax
dhaxlanaan,dhax
dhaxlanaansho,dhax
dhaxlo,dhax
dhaxle,dhax
dhaxalka,dhax
dhaxlid,dhax
dhaxlidda,dhax
dhaxsad,dhax
dhaxsasho,dhax
dhaxso,dhax
dhaxaysa,dhax
dhaxriday,dhax
dhaxalkiisa,dhax
dhaxeysa,dhax
dhaxeyso,dhax
dhaxdii,dhax
dhaxay,dhax
dhaxo,dhax
dhaxalkii,dhax
dhaxalsiiya,dhax
dhaxayso,dhax
dhaxda,dhax
dhaxantana,dhax
dhaxaysaa,dhax
dhaxyso,dhax
dhaxdeeda,dhax
dhaxalsiin,dhaxal
dhaxaltooyo,dhaxal
dhaxalgelid,dhaxal
dhaxalsii,dhaxal
dhaxaltooxo,dhaxal
dhaxalwareegid,dhaxal
dhaxalwareeji,dhaxal
dhaxalwareejin,dhaxal
dhaxalka,dhaxal
dhaxalkiisa,dhaxal
dhaxalkii,dhaxal
dhaxalsiiya,dhaxal
dhaxalwareegid,dhaxalwareeg
dhaxantire,dhaxantir
dhaxantirid,dhaxantir
dhaysay,dhay
dhayda,dhay
dhayaal,dhay
dhaygago,dhay
dhayidda,dhay
dhayid,dhay
dhay ,dhay
dhayalid,dhay
dhayali,dhay
dhayalin,dhay
dhayalsad,dhay
dhayalsasho,dhay
dhayalso,dhay
dhayalsi,dhay
dhayan,dhay
dhayay,dhay
dhayasho,dhay
dhayo,dhay
dhaydaq,dhay
dhaydhay,dhay
dhaydhayasho,dhay
dhaydhayo,dhay
dhaygagid,dhay
dhaymo,dhay
dhaylo,dhay
dhayladhufaamid,dhay
dhayladhufaanad,dhay
dhayladhufaanasho,dhay
dhayla,dhay
dhayladhufaanid,dhay
dhayladufaan,dhay
dhayladhufaano,dhay
dhaylaqaad,dhay
dhayli,dhay
dhaylid,dhay
dhaylin,dhay
dhayloobid,dhay
dhaylow,dhay
dhaynaan,dhay
dhaynaansho,dhay
dhayogsi,dhay
dhays,dhay
dhaysi,dhay
dhaysin,dhay
dhayuurad,dhay
dhayuure,dhay
dhaynimadii,dhay
dhayogsayd,dhay
dhaysakaraydhyada,dhay
dhayayo,dhay
dhayogsiribows,dhay
dhaynimo,dhay
dhayalid,dhayal
dhayali,dhayal
dhayalin,dhayal
dhayalsad,dhayal
dhayalsasho,dhayal
dhayalso,dhayal
dhayalsi,dhayal
dheyal,dheyal
dhaygago,dhaygag
dhaygagid,dhaygag
dhaylo,dhayl
dhayladhufaamid,dhayl
dhayladhufaanad,dhayl
dhayladhufaanasho,dhayl
dhayla,dhayl
dhayladhufaanid,dhayl
dhayladufaan,dhayl
dhayladhufaano,dhayl
dhaylaqaad,dhayl
dhayli,dhayl
dhaylid,dhayl
dhaylin,dhayl
dhayloobid,dhayl
dhaylow,dhayl
dhayladhufaanad,dhayladhufaan
dhayladhufaanasho,dhayladhufaan
dhayladhufaanid,dhayladhufaan
dhayladhufaano,dhayladhufaan
dhayladufaan,dhayladufaan
dhebid,dhebi
dhebidhisad,dhebi
dhebidhisasho,dhebi
dhebidhiso,dhebi
dhebilisad,dhebi
dhebilisasho,dhebi
dhebiliso,dhebi
dhebilisas,dhebi
dheefiyo,dheef
dheefmareen,dheef
dheefba,dheef
dheefshiidka,dheef
dheefshiidku,dheef
dheefayn,dheef
dheefee,dheef
dheefi,dheef
dheefin,dheef
dheefsad,dheef
dheefsade,dheef
dheefsamayn,dheef
dheefasho,dheef
dheefso,dheef
dheefsi,dheef
dheefshiidid,dheef
dheefmareenka,dheef
dheefsado,dheef
dheefshiido,dheef
dheefsashada,dheef
dheeftu,dheef
dheefsamaynta,dheef
dheefna,dheef
dheefdhuuqa,dheef
dheefshiidin,dheef
dheefshiidka,dheefshiid
dheefshiidku,dheefshiid
dheefshiidid,dheefshiid
dheefshiido,dheefshiid
dheefshiidin,dheefshiid
dheehanyahay,dheeh
dheehmid,dheeh
dheehid,dheeh
dheehay,dheeh
dheehnaan,dheeh
dheehnaansho,dheeh
dheehashada,dheeh
dheehantahay,dheeh
dheehnayn,dheeh
dheehin,dheeh
dheehanyahay,dheehan
dheehantahay,dheehan
dheelitiran,dheel
dheelaan,dheel
dheelo,dheel
dheelayo,dheel
dheelitiranyahay,dheel
dheellitirid,dheel
dheeldheelid,dheel
dheellitirany,dheel
dheelid,dheel
dheeli,dheel
dheelin,dheel
dheelaasid,dheel
dheelallaabid,dheel
dheelallaabo,dheel
dheelmid,dheel
dheelsii,dheel
dheelsiin,dheel
dheellitirankii,dheel
dheelliyid,dheel
dheellila,dheel
dheellin,dheel
dheellis,dheel
dheellitiray,dheel
dheellitirnaan,dheel
dheellitirnaansho,dheel
dheelmad,dheel
dheelmasho,dheel
dheelmo,dheel
dheelmataan,dheel
dheelmatiin,dheel
dheelmi,dheel
dheelmin,dheel
dheelmis,dheel
dheelallaw,dheel
dheeldheel,dheel
dheellitiro,dheel
dheela,dheel
dheelkeedu,dheel
dheellitirkiisa,dheel
dheellitirnayn,dheel
dheeldheeliyo,dheel
dheeldheelli,dheel
dheeldheeliyid,dheel
dheelaasid,dheelaas
dhelallow,dhelallow
dheellitirid,dheelli
dheellitirany,dheelli
dheellitirankii,dheelli
dheelliyid,dheelli
dheellila,dheelli
dheellin,dheelli
dheellis,dheelli
dheellitiray,dheelli
dheellitirnaan,dheelli
dheellitirnaansho,dheelli
dheellitiro,dheelli
dheellitirkiisa,dheelli
dheellitirnayn,dheelli
dheellitirid,dheellitir
dheellitirany,dheellitir
dheellitirankii,dheellitir
dheellitiray,dheellitir
dheellitirnaan,dheellitir
dheellitirnaansho,dheellitir
dheellitiro,dheellitir
dheellitirkiisa,dheellitir
dheellitirnayn,dheellitir
dheellitirany,dheellitiran
dheellitirankii,dheellitiran
dheggan,dheg
dhegood,dheg
dhegtiiba,dheg
dhegta,dheg
dhegsanyihiin,dheg
dhegsan,dheg
dhegannugul,dheg
dhegsasho,dheg
dhego,dheg
dhega,dheg
dhegyarada,dheg
dhegdheg,dheg
dhegodhaadheer,dheg
dhegaayo,dheg
dhegaati,dheg
dhegaha,dheg
dhegabbeelid,dheg
dhegaculays,dheg
dhegacuslaan,dheg
dhegaculus,dheg
dhegacuslaansho,dheg
dhegacuslow,dheg
dhegadhabad,dheg
dhegadhabasho,dheg
dhegadhabo,dheg
dhegadhego,dheg
dhegafarasoobid,dheg
dhegala,dheg
dhegaley,dheg
dhegammari,dheg
dhegammarin,dheg
dhegannugeyl,dheg
dhegannuglaan,dheg
dhegannuglaansho,dheg
dhegannuglow,dheg
dhegaqorid,dheg
dhegatirid,dheg
dhegawaddan,dheg
dhegihiisu,dheg
dhegawaddanaan,dheg
dhegawaddanaansho,dheg
dhegayare,dheg
dhegeysigeeda,dheg
dhegbasid,dheg
dhegeysigeed,dheg
dhegcas,dheg
dhegdhegto,dheg
dheged,dheg
dhegeysad,dheg
dhegeysasho,dheg
dhegeyso,dheg
dhegeysi,dheg
dhegeyste,dheg
dhegeysta,dheg
dhegeysanaaya,dheg
dhegganaan,dheg
dhegganaansho,dheg
dhegid,dheg
dhegjeexid,dheg
dhegnuugsad,dheg
dhegnuugsasho,dheg
dhegnuugso,dheg
dhegnuugsi,dheg
dhegoole,dheg
dhegoolee,dheg
dhegooley,dheg
dhegooleyn,dheg
dhegraacid,dheg
dhegraarici,dheg
dhegaysasho,dheg
dhegraaricin,dheg
dhegsami,dheg
dhegsanaan,dheg
dhegsanaansho,dheg
dhegso,dheg
dhegsin,dheg
dhegtaag,dheg
dhegtaagid,dheg
dhegweyn,dheg
dhegxumaan,dheg
dhegxun,dheg
dhegxumaansho,dheg
dhegxumi,dheg
dhegxumo,dheg
dhegdeg,dheg
dhegeystaha,dheg
dhegganaa,dheg
dhegganaayeen,dheg
dhegin,dheg
dhegley,dheg
dhegeysigooda,dheg
dhegdheer,dheg
dhegto,dheg
dheggeneyn,dheg
dheguhu,dheg
dhegaan,dheg
dheganyahay,dheg
dhegsanyahay,dheg
dhegeysanin,dheg
dhegahana,dheg
dhegdhegta,dheg
dhegsana,dheg
dhegoodka,dheg
dheeraad,dheer
dheerad,dheer
dheeraan,dheer
dheereya,dheer
dheereeya,dheer
dheereeyo,dheer
dheeraadka,dheer
dheere,dheer
dheerayn,dheer
dheerna,dheer
dheerayso,dheer
dheeraada,dheer
dheereysa,dheer
dheerdheero,dheer
dheerdheeroo,dheer
dheerdheerood,dheer
dheerallaabid,dheer
dheerallaabo,dheer
dheeraansho,dheer
dheerow,dheer
dheeraar,dheer
dheeraari,dheer
dheeraarin,dheer
dheeraaris,dheer
dheeraarsan,dheer
dheeraarsanaan,dheer
dheeraarsanaansho,dheer
dheeraarsasho,dheer
dheeraarso,dheer
dheerallabo,dheer
dheerallaw,dheer
dheerashiito,dheer
dheeraweyn,dheer
dheeree,dheer
dheerays,dheer
dheeraysii,dheer
dheeraysiin,dheer
dheerdheere,dheer
dheeraaday,dheer
dheertaxaniinyo,dheer
dheeryihiin,dheer
dheertaxa,dheer
dheerdheer,dheer
dheertahay,dheer
dheereeyaan,dheer
dheeraynta,dheer
dheereyn,dheer
dheererkiisu,dheer
dheerer,dheer
dheeraa,dheer
dheeraadana,dheer
dheeraanayo,dheer
dheerraad,dheer
dheeriga,dheer
dheereynta,dheer
dheeraynaya,dheer
dheeraysto,dheer
dheereeyey,dheer
dheeraado,dheer
dheerdheerada,dheer
dheeryahay,dheer
dheeraato,dheer
dheeraadaan,dheer
dheerayd,dheer
dheerayna,dheer
dheeriga,dheeri
dhegabbeelid,dhegabbeel
dhegaqorid,dhegaqor
dhegatirid,dhegatir
dhegbasid,dhegbas
dhegjeexid,dhegjeex
dhegraacid,dhegraac
dhegyarada,dhegyar
dhekafaari,dhekafaar
dhekafaarsan,dhekafaar
dhekafaarid,dhekafaar
dhekafaarsanaan,dhekafaar
dhekafaarsanaansho,dhekafaar
dhekafaarin,dhekafaarin
dheregsanayn,dhereg
dheregsaneyn,dhereg
dheregsan,dhereg
dheregdhacsad,dhereg
dheregdhacsasho,dhereg
dheregdhacso,dhereg
dheregdhacsi,dhereg
dheregta,dhereg
dheregsanaan,dhereg
dheregsanaansho,dhereg
dhererka,dherer
dhererkiisu,dherer
dhererkiisa,dherer
dhererrada,dherer
dherersan,dherer
dhereran,dherer
dhereri,dherer
dhererid,dherer
dhererin,dherer
dherernaan,dherer
dherernaansho,dherer
dherershay,dherer
dherersanaan,dherer
dherersanaansho,dherer
dherersimo,dherer
dhererto,dherer
dherertoo,dherer
dherertood,dherer
dherermowjadeed,dherer
dhererkoodu,dherer
dhererkooda,dherer
dhererkeeda,dherer
dhererada,dherer
dhererkee,dherer
dhexdegid,dhexdeg
dhegdeg,dhegdeg
dhexgaliyo,dhexgal
dhexgala,dhexgal
dhexgal ,dhexgal
dhexgalaa,dhexgal
dhexmarid,dhexmar
dhexmaraya,dhexmar
dhexmara,dhexmar
dhexmarta,dhexmar
dhexmaraaya,dhexmar
dhexmari,dhexmar
dhexmarsii,dhexmar
dhexmarin,dhexmar
dhexmarsiin,dhexmar
dhexmaraysa,dhexmar
dhexmarayaan,dhexmar
dhexmariyey,dhexmar
dhexmaro,dhexmar
dhexmarto,dhexmar
dhexmarinaayo,dhexmar
dhexmareysa,dhexmar
dhexmaraayo,dhexmar
dhexmarsiinayo,dhexmar
dhexmarayo,dhexmar
dhexmariyo,dhexmar
dhexmaraan,dhexmar
dhexroorka,dhexroor
dhexroorkooduna,dhexroor
dhexroorid,dhexroor
dhexroor ,dhexroor
dhexrooran,dhexroor
dhexroornaan,dhexroor
dhexroornaansho,dhexroor
dhexroorkeeda,dhexroor
dhexroorkiisu,dhexroor
dheyelsasho,dheyel
dheyelid,dheyel
dheyelso,dheyel
dhibaad,dhib
dhibaato,dhib
dhibaateeyo,dhib
dhibaatayn,dhib
dhibaateysan,dhib
dhibcood,dhib
dhibco,dhib
dhibaatada,dhib
dhiba,dhib
dhibsanayaan,dhib
dhibsaneyso,dhib
dhibcaha,dhib
dhibaatooyinka,dhib
dhibta,dhib
dhibaataysan,dhib
dhibaatana,dhib
dhibtoon,dhib
dhibid,dhib
dhibcihii,dhib
dhibsado,dhib
dhibicyo,dhib
dhibtoodo,dhib
dhibaataysnaan,dhib
dhibaatooday,dhib
dhibaateeya,dhib
dhibaata,dhib
dhibiijo,dhib
dhibi,dhib
dhibidhisasho,dhib
dhibidhiso,dhib
dhibaadi,dhib
dhibaadsii,dhib
dhibaadin,dhib
dhibaadsiin,dhib
dhibaaji,dhib
dhibaatee,dhib
dhibaataysnaansho,dhib
dhibataysnaan,dhib
dhibbaan,dhib
dhibban,dhib
dhibbanaan,dhib
dhibbanaansho,dhib
dhibbane,dhib
dhibci,dhib
dhibcid,dhib
dhibcin,dhib
dhibdhibac,dhib
dhibdhibic,dhib
dhibdhibcid,dhib
dhibee,dhib
dhibeyn,dhib
dhibeysan,dhib
dhibeeyay,dhib
dhibeysnaan,dhib
dhibeysnaansho,dhib
dhibibid,dhib
dhibiibid,dhib
dhibibtiran,dhib
dhibiibtiran,dhib
dhibibtirnaan,dhib
dhibiibtirnaan,dhib
dhibibtirnaansho,dhib
dhibidhisad,dhib
dhibiliso,dhib
dhibiibtirid,dhib
dhibiibay,dhib
dhibiibtiray,dhib
dhibibtirid,dhib
dhibiibtirnaansho,dhib
dhibiin,dhib
dhibilisad,dhib
dhibilisasho,dhib
dhibiq,dhib
dhibiqdhibiq,dhib
dhibley,dhib
dhiblow,dhib
dhibniin,dhib
dhibsad,dhib
dhibsasho,dhib
dhibso,dhib
dhibtoo,dhib
dhibtood,dhib
dhibitirnaansho,dhib
dhibayo,dhib
dhibeya,dhib
dhibceheedu,dhib
dhibtoodaan,dhib
dhibayso,dhib
dhibaateyn,dhib
dhibicda,dhib
dhibaa,dhib
dhibatooyinka,dhib
dhibo,dhib
dhibbato,dhib
dhibayn,dhib
dhibcaad,dhib
dhibaan,dhib
dhibacyo,dhib
dhibaatadiisu,dhib
dhibto,dhib
dhibtahay,dhib
dhibcidda,dhib
dhibibka,dhib
dhibibid,dhibib
dhibibtiran,dhibib
dhibibtirnaan,dhibib
dhibibtirnaansho,dhibib
dhibibtirid,dhibib
dhibibka,dhibib
dhibiibid,dhibiib
dhibiibtiran,dhibiib
dhibiibtirnaan,dhibiib
dhibiibtirid,dhibiib
dhibiibay,dhibiib
dhibiibtiray,dhibiib
dhibiibtirnaansho,dhibiib
dhibibtiran,dhibibtir
dhibibtirnaan,dhibibtir
dhibibtirnaansho,dhibibtir
dhibibtirid,dhibibtir
dhibiibtiran,dhibiibtir
dhibiibtirnaan,dhibiibtir
dhibiibtirid,dhibiibtir
dhibiibtiray,dhibiibtir
dhibiibtirnaansho,dhibiibtir
dhibicyo,dhibic
dhibicda,dhibic
dhicidda,dhicid
dhiciddoodu,dhicid
dhiciddeeda,dhicid
dhicisooba,dhicis
dhicisnimo,dhicis
dhicisoobid,dhicis
dhicisow,dhicis
dhiciso,dhicis
dhidibka,dhidib
dhidibtay,dhidib
dhidibku,dhidib
dhidibbo,dhidib
dhidibkiisa,dhidib
dhidibkaas,dhidib
dhididid,dhidid
dhididdhawr,dhidid
dhididka,dhidid
dhididi,dhidid
dhididsii,dhidid
dhididin,dhidid
dhididsiin,dhidid
dhididsan,dhidid
dhididay,dhidid
dhididsanaan,dhidid
dhididsanaansho,dhidid
dhididku,dhidid
dhigaalkood,dhigaal
dhigaali,dhigaal
dhigaalin,dhigaal
dhigaalis,dhigaal
dhiganta,dhigan
dhigantaa,dhigan
dhiibsanaan,dhiibsan
dhiibsanaansho,dhiibsan
dhiidhiiyo,dhiidhi
dhiidhiyid,dhiidhi
dhiidhi ,dhiidhi
dhiidhiib,dhiidhi
dhiidhiibi,dhiidhi
dhiidhiibid,dhiidhi
dhiidhiibin,dhiidhi
dhiidhiibsad,dhiidhi
dhiidhiibsasho,dhiidhi
dhiidhiibsan,dhiidhi
dhiidhiibsanaan,dhiidhi
dhiidhiibsanaansho,dhiidhi
dhiidhiibsi,dhiidhi
dhiidhiibso,dhiidhi
dhiidhiyin,dhiidhi
dhiidhiyaya,dhiidhi
dhiiggana,dhiig
dhiigga,dhiig
dhiiggu,dhiig
dhiigaa,dhiig
dhiigooda,dhiig
dhiiga,dhiig
dhiigow,dhiig
dhiigaabid,dhiig
dhiigid,dhiig
dhiigbixid,dhiig
dhiigkar,dhiig
dhiigcab,dhiig
dhiigyacab,dhiig
dhiigcaddaad,dhiig
dhiigee,dhiig
dhiigeyn,dhiig
dhiiggiisu,dhiig
dhiiglaawe,dhiig
dhiigmiir,dhiig
dhiigmiirad,dhiig
dhiigmiirasho,dhiig
dhiigmiiradnimo,dhiig
dhiigmiiro,dhiig
dhiigmiirato,dhiig
dhiigroorid,dhiig
dhiigshubasho,dhiig
dhiigsii,dhiig
dhiigsiin,dhiig
dhiigsiis,dhiig
dhiigsonkor,dhiig
dhiigsumow,dhiig
dhiigtaabac,dhiig
dhiigtaar,dhiig
dhiigtag,dhiig
dhiiguris,dhiig
dhiigyacabad,dhiig
dhiigyacabnimo,dhiig
dhiigyar,dhiig
dhiigyaraan,dhiig
dhiigyaraansho,dhiig
dhiigyari,dhiig
dhiigyaro,dhiig
dhiigkunool,dhiig
dhiigguna,dhiig
dhiigu,dhiig
dhiiggoodu,dhiig
dhiiggaba,dhiig
dhiiggooda,dhiig
dhiigwareegga,dhiig
dhiigyarida,dhiig
dhiigyo,dhiig
dhiigaas,dhiig
dhiigyaridu,dhiig
dhiigna,dhiig
dhiiggii,dhiig
dhiigroorid,dhiigroor
dhiilaha,dhiil
dhiilo,dhiil
dhiilasha,dhiil
dhiillaysan,dhiil
dhiillo,dhiil
dhiillaysnaan,dhiil
dhiillaysnaansho,dhiil
dhiilloo,dhiil
dhiillood,dhiil
dhiiltole,dhiil
dhiillada,dhiil
dhiilka,dhiil
dhiilla,dhiil
dhiinbixid,dhiin
dhiinmeged,dhiin
dhiinsad,dhiin
dhiinsasho,dhiin
dhiinso,dhiin
dhiinsi,dhiin
dhiinsoole,dhiin
dhiinto,dhiin
dhiinka,dhiin
liinbaxay,liinbax
dhiiqa,dhiiq
dhiiqaan,dhiiq
dhiiqdaa,dhiiq
dhiiqiiyaan,dhiiq
dhiiqista,dhiiq
dhiiqad,dhiiq
dhiiqasho,dhiiq
dhiiqid,dhiiq
dhiiqis,dhiiq
dhiiqoobid,dhiiq
dhiiqow,dhiiq
dhiiqsad,dhiiq
dhiiqsasho,dhiiq
dhiiqso,dhiiq
dhiiqsin,dhiiq
dhiiqiyo,dhiiq
dhiiqda,dhiiq
dhiiqe,dhiiq
dhiiqoobid,dhiiqo
dhiiqow,dhiiqo
dhiirrigeliyo,dhiirri
dhiirrigeli,dhiirri
dhiirriggelin,dhiirri
dhiirriggeli,dhiirri
dhiirriggelis,dhiirri
dhiirrin,dhiirri
dhimanayo,dhiman
dhimanaya,dhiman
dhimanyihiin,dhiman
dhimanaan,dhiman
dhimanaasho,dhiman
dhimani,dhiman
dhimanaysa,dhiman
dhimmanaansho,dhimmanaansho
dhirifoobid,dhirif
dhirifsan,dhirif
dhirifsanaan,dhirif
dhirifsanaansho,dhirif
dhirifid,dhirif
dhismaha,dhis
dhismihiisa,dhis
dhiso,dhis
dhisayo,dhis
dhisid,dhis
dhistay,dhis
dhisnay,dhis
dhisto,dhis
dhisme,dhis
dhiskiisu,dhis
dhisa,dhis
dhismahooda,dhis
dhisneyn,dhis
dhiska,dhis
dhismayaal,dhis
dhisma,dhis
dhisay,dhis
dhisnayn,dhis
dhisiq,dhis
dhisanyihiin,dhis
dhismooyinkii,dhis
dhisnaansho,dhis
dhisteri,dhis
dhisaayo,dhis
dhisaalan,dhis
dhisaalasho,dhis
dhisaalo,dhis
dhisaalid,dhis
dhisaalnaan,dhis
dhisaalnaansho,dhis
dhisad,dhis
dhisasho,dhis
dhise,dhis
dhisniin,dhis
dhismid,dhis
dhisnaan,dhis
dhisidda,dhis
dhisnayd,dhis
dhismayaasha,dhis
dhisin,dhis
dhismayaashooda,dhis
dhisyadooda,dhis
dhista,dhis
dhismayaashana,dhis
dhisaa,dhis
dhismooyinka,dhis
dhisi,dhis
dhismeedka,dhis
dhisnaado,dhis
dhisanyahay,dhis
dhismihiisu,dhis
dhisaalan,dhisaal
dhisaalasho,dhisaal
dhisaalo,dhisaal
dhisaalid,dhisaal
dhisaalnaan,dhisaal
dhisaalnaansho,dhisaal
dhisanyihiin,dhisan
dhisanyahay,dhisan
dhismooyinkii,dhismo
dhismooyinka,dhismo
dhitin,dhiti
dhitis,dhiti
dhooba,dhoob
dhoobada,dhoob
dhoobid,dhoob
dhoobammiirad,dhoob
dhoobad,dhoob
dhoobasho,dhoob
dhoobammiirasho,dhoob
dhoobammiiro,dhoob
dhoobammirad,dhoob
dhoobammiirid,dhoob
dhoobbi,dhoob
dhoobee,dhoob
dhoobey,dhoob
dhoobeyn,dhoob
dhoobeysan,dhoob
dhoobeysasho,dhoob
dhoobeyso,dhoob
dhoobeysnaan,dhoob
dhoobeysnaansho,dhoob
dhooble,dhoob
dhooblow,dhoob
dhoobmid,dhoob
dhoobnaan,dhoob
dhoobnaansho,dhoob
dhooboobid,dhoob
dhoobow,dhoob
dhoobaha,dhoob
dhoobantahay,dhoob
dhoobay,dhoob
dhoobod,dhoob
dhoobammiirad,dhoobammiir
dhoobammiirasho,dhoobammiir
dhoobammiiro,dhoobammiir
dhoobammiirid,dhoobammiir
dhoobantahay,dhooban
dhooboobid,dhoobo
dhoobow,dhoobo
dhoobod,dhoobo
dhoocilnimo,dhoocil
dhooddi,dhood
dhooddida,dhood
dhoodhow,dhood
dhoodid,dhood
dhoofaan,dhoof
dhoofi,dhoof
dhoofinayo,dhoof
dhoofiyana,dhoof
dhoofiyaa,dhoof
dhoofid,dhoof
dhoofin,dhoof
dhoofis,dhoof
dhoofiye,dhoof
dhoofsan,dhoof
dhoofiyay,dhoof
dhoofsanaan,dhoof
dhoofsanaansho,dhoof
dhoofsasho,dhoof
dhoofso,dhoof
dhoofiyo,dhoof
dhoofo,dhoof
dhoofay,dhoof
dhoofka,dhoof
dhoofaytayda,dhoof
dhooftay,dhoof
dhoolaalid,dhool
dhoolla,dhool
dhoolbirid,dhool
dhoolbishiicis,dhool
dhooldillaacid,dhool
dhoolgaad,dhool
dhooli,dhool
dhoolkaqosol,dhool
dhoollatusid,dhool
dhoollatuso,dhool
dhoollatusad,dhool
dhoollatusasho,dhool
dhoollaha,dhool
dhooluhu,dhool
dhoolluhu,dhool
dhoolatusad,dhool
dhoola,dhool
dhoolaalid,dhoolaal
dhoolbirid,dhoolbir
dhooldillaacid,dhooldillaac
ldillaacsi,ldillaac
ldillaac,ldillaac
dhoollatusid,dhoollatus
dhoollatuso,dhoollatus
dhoollatusad,dhoollatus
dhoollatusasho,dhoollatus
dhudhuuban,dhud
dhudhunka,dhud
dhudood,dhud
dhudoodka,dhud
dhudhuhlayn,dhud
dhudhuhlee,dhud
dhudhumi,dhud
dhudhun,dhud
dhudhumin,dhud
dhudhumis,dhud
dhudhunkutaagle,dhud
dhudhunsad,dhud
dhudhunsasho,dhud
dhudhunsan,dhud
dhudhumiyey,dhud
dhudhunsanaan,dhud
dhudhunsanaansho,dhud
dhudhunso,dhud
dhudhus,dhud
dhudhuub,dhud
dhudhunku,dhud
dhudo,dhud
dhudhammada,dhud
dhudhummada,dhud
dhudaha,dhud
dhufaano,dhufaan
dhufaanid,dhufaan
dhufaanay,dhufaan
dhufaanmid,dhufaan
dhufaannaan,dhufaan
dhufaannaansho,dhufaan
dhufaanin,dhufaan
dhugucid,dhuguc
dhukaankana,dhukaan
dhukaanka,dhukaan
dhulgariirka,dhulgariir
dhuluulucid,dhuluuluc
dhuluuluxid,dhuluulux
dhunkuluuluxi,dhunkuluulux
dhunkuluuluxid,dhunkuluulux
dhunkuluuluxin,dhunkuluulux
dhunkuluuluxis,dhunkuluulux
dhunkuluuluxsad,dhunkuluulux
dhunkuluuluxsasho,dhunkuluulux
dhunkuluuluxsan,dhunkuluulux
dhunkuluuluxiyay,dhunkuluulux
dhunkuluuluxsanaan,dhunkuluulux
dhunkuluuluxsanaansho,dhunkuluulux
dhunkuluuluxso,dhunkuluulux
dhuro,dhur
dhursugid,dhur
dhursugidda,dhur
dhuruuruq,dhur
dhurto,dhur
dhurnaan,dhur
dhuray,dhur
dhurasho,dhur
dhurbe,dhur
dhurdarraysad,dhur
dhurdharraysasho,dhur
dhurdarraysasho,dhur
dhurdarrayso,dhur
dhurdarraysi,dhur
dhurdarro,dhur
dhurdarroobid,dhur
dhurdarrow,dhur
dhurde,dhur
dhure,dhur
dhurgumid,dhur
dhurgunsan,dhur
dhurgunsanaan,dhur
dhurgunsanaansho,dhur
dhurid,dhur
dhurmid,dhur
dhurnaansho,dhur
dhuroobid,dhur
dhurruur,dhur
dhursug,dhur
dhururi,dhur
dhururuq,dhur
dhurwaa,dhur
dhurwaayo,dhur
dhursugi,dhur
dhurtaxanyo,dhur
dhurwaagu,dhur
dhurayaasha,dhur
dhurwaaga,dhur
dhurduhu,dhur
dhurdaha,dhur
dhurw,dhur
dhurgunsan,dhurgun
dhurgunsanaan,dhurgun
dhurgunsanaansho,dhurgun
dhuuban,dhuub
dhuubaya,dhuub
dhuubaan,dhuub
dhuubad,dhuub
dhuubasho,dhuub
dhuubane,dhuub
dhuubo,dhuub
dhuubid,dhuub
dhuubnaan,dhuub
dhuubnaansho,dhuub
dhuubni,dhuub
dhuubnow,dhuub
dhuubanhooraha,dhuub
dhuubay,dhuub
dhuubantahay,dhuub
dhuugga,dhuug
dhuuge,dhuug
dhuugid,dhuug
dhuugis,dhuug
dhuundaloola,dhuun
dhuunta,dhuun
dhuunto,dhuun
dhuuntay,dhuun
dhuundhuu,dhuun
dhuundhuumo,dhuun
dhuundhuumasho,dhuun
dhuunbuur,dhuun
dhuundalool,dhuun
dhuundaloolid,dhuun
dhuundhalool,dhuun
dhuundhaban,dhuun
dhuundhas,dhuun
dhuundhebid,dhuun
dhuundhuumashow,dhuun
dhuundhuumid,dhuun
dhuungoo,dhuun
dhuungoyn,dhuun
dhuunidoon,dhuun
dhuunirraac,dhuun
dhuunirraacnimo,dhuun
dhuunqabad,dhuun
dhuunqabasho,dhuun
dhuunqabo,dhuun
dhuuntow,dhuun
dhuunxir,dhuun
dhuunxiran,dhuun
dhuunxirmid,dhuun
dhuunyaale,dhuun
dhuunyeeri,dhuun
dhuunyeerin,dhuun
dhuunyeeris,dhuun
dhuunyid,dhuun
dhuundhaas,dhuun
dhuundhaska,dhuun
dhuuno,dhuun
dhuunyaro,dhuun
dhuunidoon,dhuuni
dhuunirraac,dhuuni
dhuunirraacnimo,dhuuni
dhuuricaso,dhuuri
dhuurida,dhuuri
dhuuso,dhuus
dhuusaquraar,dhuus
dhuusid,dhuus
dhuuxooda,dhuux
dhuuxa,dhuux
dhuuxdheere,dhuux
dhuuxid,dhuux
dhuuxyayn,dhuux
dhuuxyee,dhuux
dhuuxdheeraha,dhuux
dhuxunkureeb,dhuxun
dubbadhicid,dubbad
dubbadhaca,dubbad
dubbadhacsani,dubbad
dibbiraysan,dibbir
dibbiraysnaan,dibbir
dibbirsanaan,dibbir
dibbiraysnaansho,dibbir
dibbiri,dibbir
dibbirid,dibbir
dibbirin,dibbir
dibbirnimo,dibbir
dibbiro,dibbir
dibbiryo,dibbir
dibbirsamid,dibbir
dibbiray,dibbir
dibbiryaysan,dibbir
dibbirsanaansho,dibbir
dibbiryaysnaan,dibbir
dibbiryaysnaansho,dibbir
dibbiryoo,dibbir
dibbiryood,dibbir
dibbirsanaan,dibbirsan
dibbirsanaansho,dibbirsan
dibboodi,dibbood
dibboodid,dibbood
dibboodin,dibbood
dibdhac,dibdhac
dibirrootiyid,dibirrooti
dibjirid,dibjir
dibjirnimo,dibjir
dibjiryo,dibjir
diddinsad,diddin
diddinsasho,diddin
diddinso,diddin
diddinsi,diddin
dindinsad,dindin
dindinsasho,dindin
dindinso,dindin
dindinsi,dindin
didibka,didib
didibeed,didib
digaggubid,digaggub
digirta,digir
digirtu,digir
digireed,digir
digirin,digir
digirro,digir
digniinsho,digniin
digoo,digo
digood,digo
digriyid,digri
digriga,digri
digrinaya,digri
dikriyid,dikri
diidmo,diid
diidey,diid
diidayo,diid
diiddo,diid
diido,diid
diiday,diid
diidmada,diid
diiddanyahay,diid
diidsiiyo,diid
diida,diid
diidsiin,diid
diidaaya,diid
diidsan,diid
diidsanaan,diid
diidsa,diid
diidsanaansho,diid
diiddanyihiin,diid
diidaysa,diid
diidda,diid
diidaan,diid
diiddan,diid
diididdeeda,diid
diidnimo,diid
diidaya,diid
diidin,diid
diiddey,diid
diiddanayn,diid
diidday,diid
diidayaan,diid
diididdeeda,diidid
dųufsad,dųuf
dųufsasho,dųuf
dųufsi,dųuf
dųufso,dųuf
dųufid,dųuf
diiqo,diiq
diiqad,diiq
diiqadayn,diiq
diiqadee,diiq
diiqalyayn,diiq
diiqalyee,diiq
diiqalyeyn,diiq
diiqalyo,diiq
diiqayn,diiq
diiqee,diiq
diiqid,diiq
diiqlay,diiq
diiqoo,diiq
diiqood,diiq
diiqyeer,diiq
diillimood,diil
diilliin,diil
diillimo,diil
diilabadan,diil
diilabadnaan,diil
diilabadnaansho,diil
diilaley,diil
diilalyo,diil
diilasho,diil
diilo,diil
diilid,diil
diilimayn,diil
diillimayn,diil
diilimee,diil
diillimee,diil
diilin,diil
diillin,diil
diillincaanood,diil
diilmid,diil
diilnaan,diil
diilnaansho,diil
diillaacso,diil
diillaacsad,diil
diilaacsi,diil
diillimaysan,diil
diilimo,diil
diillincaanoodda,diil
diinta,diin
diiniga,diin
diini,diin
diineed,diin
diinka,diin
diinceelaad,diin
diindarro,diin
diindiimid,diin
diinla,diin
diinli,diin
diinlaawe,diin
diinley,diin
diintu,diin
diindiimaya,diin
diintii,diin
diiradeeye,diir
diiran,diir
diiro,diir
diirane,diir
diiranihiisu,diir
diiray,diir
diiradda,diir
diiradaynayaa,diir
diirimaad,diir
diirimaadka,diir
diirrimaad,diir
diiri,diir
diirkii,diir
diiradayn,diir
diiradeeya,diir
diiradeed,diir
diirdiirran,diir
diirdiirranaan,diir
diirdiirranaansho,diir
diirdiirta,diir
diirfin,diir
diirri,diir
diirid,diir
diirin,diir
diirrin,diir
diirris,diir
diirinle,diir
diirnixid,diir
diirtay,diir
diirranaan,diir
diirra,diir
diirranaansho,diir
diirsimaad,diir
diirsad,diir
diirsasho,diir
diirso,diir
diirsi,diir
diirantahay,diir
diirta,diir
diiranaha,diir
diiraneyaal,diir
diirkiisa,diir
diirdiirrada,diir
diirasho,diir
diirka,diir
diiriyo,diir
diirsado,diir
diireed,diir
diiranyihiin,diir
diirdiirxariireedu,diir
diiradeeyaha,diir
diiradeedyada,diir
diiradeedy,diir
diiradeynaayo,diir
dįirasho,dįir
dįirid,dįir
dįiris,dįir
dįirmid,dįir
dįirnaan,dįir
dįirnaansho,dįir
dįiro,dįir
diiradeeye,diirad
diiradda,diirad
diiradaynayaa,diirad
diiradayn,diirad
diiradeeya,diirad
diiradeed,diirad
diiradeeyaha,diirad
diiradeedyada,diirad
diiradeedy,diirad
diiradeynaayo,diirad
diirdiirran,diirdiir
diirdiirranaan,diirdiir
diirdiirranaansho,diirdiir
diirdiirta,diirdiir
diirdiirrada,diirdiir
diirdiirxariireedu,diirdiir
diirranaan,diirran
diirranaansho,diirran
diikaan,diikaan
dildillaaci,dildillaac
dildillaacid,dildillaac
dildillaacsan,dildillaac
dildillaacay,dildillaac
dildillaaca,dildillaac
dildillaacin,dildillaac
dildillaacsanaan,dildillaac
dildillaacsanaansho,dildillaac
dillaaco,dillaac
dillaacday,dillaac
dillaacid,dillaac
dillaaca,dillaac
dillaacaan,dillaac
dillaacin,dillaac
dillaacsasho,dillaac
dillaaci,dillaac
dillaacsad,dillaac
dillaacsan,dillaac
dillaacsanaan,dillaac
dillaacsanaansho,dillaac
dillaacsi,dillaac
dillaacso,dillaac
dillaacdana,dillaac
dillaacay,dillaac
dillaacsaday,dillaac
dillaaciyo,dillaac
dillaacyo,dillaac
dillaacayaan,dillaac
dillaacisaa,dillaac
dillaaciya,dillaac
dillaacshay,dillaac
dillaacayso,dillaac
dillaacaa,dillaac
dillaacsadey,dillaac
dillaacdo,dillaac
dillaacayo,dillaac
dillaacisa,dillaac
dillaacda,dillaac
dillaanta,dillaan
diqdiqasho,diqdiq
diqdiqayn,diqdiq
diqdiqee,diqdiq
diricnimo,diric
dirirka,dirir
dirirday,dirir
diririd,dirir
dirirsan,dirir
dirirsanaan,dirir
dirirsanaansho,dirir
dirirsii,dirir
dirirsiin,dirir
dirirku,dirir
diriraysa,dirir
dirireysa,dirir
diriraya,dirir
dirirdayga,dirir
dirirkuna,dirir
dirqin,dirqi
dirqis,dirqi
dirqinta,dirqi
dirqiyo,dirqi
dirqiyid,dirqi
duxid,duxi
duxin,duxi
duxis,duxi
docfaruurid,docfaruur
gantafaruurid,gantafaruur
doobbo,doob
doobay,doob
doobbogoray,doob
doobbadillaacsad,doob
doobbadillaacsasho,doob
doobba,doob
doobbadillaacsi,doob
doobbadillaacso,doob
doobbagoray,doob
doobbashiid,doob
doobshiid,doob
doobbin,doob
doobin,doob
doobbada,doob
doobgoray,doob
doobdillaacsad,doob
doobbadilaacsasho,doob
doobdillaacsasho,doob
doobdillaacso,doob
doobdillaacsi,doob
doobgaras,doob
doobgiris,doob
doobguun,doob
doobnimo,doob
doobke,doob
doobte,doob
doobir,doob
doobada,doob
doobbiyo,doob
doobbin,doobbi
doobbiyo,doobbi
doobin,doobi
doobir,doobi
doodayo,dood
doodo,dood
doodiddooda,dood
doodid,dood
dooda,dood
doodaa,dood
doode,dood
dooddiyid,dood
doodis,dood
dooday,dood
doodayey,dood
doodaan,dood
doodu,dood
doodeysa,dood
dooddiyid,dooddi
doodiddooda,doodi
doodid,doodi
doodi,doodi
doodis,doodi
doogganyahay,doog
dooganyihiin,doog
doogaad,doog
doogad,doog
doogasho,doog
doogo,doog
doogayn,doog
doogee,doog
doogdhabasho,doog
doogdhabo,doog
doogdhaw,doog
doogid,doog
doogoobid,doog
doogow,doog
doograacid,doog
doograacis,doog
doogsad,doog
doogsasho,doog
doogso,doog
doogsimaad,doog
doogsimo,doog
doogsin,doog
dooggana,doog
doogga,doog
doogatay,doog
doograacid,doograac
doograacis,doograac
doolshaha,dool
doolaalo,dool
doolaal,dool
doollar,dool
doolli,dool
doollo,dool
doolo,dool
doolshe,dool
doonaysay,doon
doonaynaa,doon
doontaan,doon
doonaya,doon
doonayo,doon
doonad,doon
doonnaa,doon
doona,doon
doonaa,doon
doono,doon
doonayaa,doon
doonyada,doon
doonantahay,doon
doonan,doon
doonaayo,doon
doonato,doon
doonasho,doon
doonyuhu,doon
doonaba,doon
doonyaha,doon
doonta,doon
doonayaan,doon
doonayn,doon
doonay,doon
doonid,doon
doonayay,doon
doonyaad,doon
doonnida,doon
doonatay,doon
doondoonaan,doon
doonfaar,doon
doonfaarad,doon
doonfaarnimo,doon
doonyeysnaansho,doon
doonto,doon
doonis,doon
doonni,doon
doondoonid,doon
doonge,doon
doonnan,doon
doonnanaan,doon
doonnaanansho,doon
doonnanaansho,doon
doonyeysad,doon
doonyeysasho,doon
doonyeysan,doon
doonyeystay,doon
doonyeyso,doon
doonyeysi,doon
doonyeysnaan,doon
doonyo,doon
doonaan,doon
doondoona,doon
doonida,doon
doontaba,doon
dooni,doon
doonayaha,doon
doonaysaa,doon
doonaayeen,doon
dooneysa,doon
dooneyd,doon
doontay,doon
doonata,doon
doonno,doon
doonna,doon
doontaa,doon
doontid,doon
doondoonaan,doondoon
doondoonid,doondoon
doondoona,doondoon
doorannay,door
doorannayna,door
doorbidnay,door
doortay,door
doorbiday,door
doorto,door
doorsoome,door
doorasho,door
doortaan,door
doorsoonka,door
doorin,door
doortey,door
doorshaanka,door
dooratay,door
doorsoomay,door
dooranaayo,door
dooranayo,door
doorbido,door
doorsoomayaasha,door
dooriya,door
dooriye,door
doorsooma,door
doorsoomaha,door
doorsantay,door
doorshe,door
doorid,door
doorad,door
dooradduur,door
dooranuug,door
doorashada,door
dooray,door
doorbid,door
doorbidid,door
dooribeyn,door
dooris,door
doorinuug,door
dooritus,door
dooriso,door
doorisa,door
doorroone,door
doorsad,door
doorsamid,door
doorsanaan,door
doorsanaansho,door
doorsasho,door
doorso,door
doorsi,door
doorshaan,door
doorsoomid,door
doorsoonaan,door
doorsoonaansho,door
doorte,door
doorasha,door
doorsoomayaal,door
doorsoomo,door
doorsoomin,door
doorsoomeyasha,door
doorsoomeyaashoodu,door
dooran,door
doorashawaayidda,door
dooriyey,door
doorsoontay,door
doorintu,door
doorsoomeyaasha,door
doorsoomidda,door
dooradu,door
doorsoomeyaal,door
doorsoonto,door
doorashadood,door
dooranayaan,door
dooras,door
doorin,doori
dooriya,doori
dooriye,doori
doorid,doori
dooribeyn,doori
dooris,doori
doorinuug,doori
dooritus,doori
dooriso,doori
doorisa,doori
dooriyey,doori
doorintu,doori
doorsantay,doorsan
doorsanaan,doorsan
doorsanaansho,doorsan
doorsoonka,doorsoon
doorsoonaan,doorsoon
doorsoonaansho,doorsoon
doorsoontay,doorsoon
doorsoonto,doorsoon
dooxyo,doox
dooxooyinka,doox
dooxoyinka,doox
dooxyada,doox
dooxada,doox
dooxid,doox
dooxane,doox
dooxato,doox
dooxmid,doox
dooxnaan,doox
dooxnaansho,doox
dooxooyin,doox
dooxoo,doox
dooxane,dooxan
dooxooyinka,dooxo
dooxoyinka,dooxo
dooxooyin,dooxo
dooxoo,dooxo
doqondiidsii,doqon
doqondiidsiin,doqon
doqonniimo,doqon
doqonnimo,doqon
doqonoobid,doqon
doqonow,doqon
dubbadhaca,dubbadhac
dubbadhacsani,dubbadhac
ducooyinka,duco
ducooyin,duco
duggaalka,duggaal
duggaali,duggaal
duggaalid,duggaal
duggaalin,duggaal
duggaalis,duggaal
duggaalsan,duggaal
duggaalsanaan,duggaal
duggaalsanaansho,duggaal
duggaaliyo,duggaal
dulmisan,dulmi
dulmici,dulmi
dulmid,dulmi
dulmiyid,dulmi
dulmidiid,dulmi
dulmin,dulmi
dulmifiir,dulmi
dulmiley,dulmi
dulmilow,dulmi
dulmisanaan,dulmi
dulmisanaansho,dulmi
dulmiyey,dulmi
dulbeelid,dulbeel
dulkahoorid,dulkahoor
dulmariyo,dulmar
dulmarid,dulmar
dulundulcee,dulun
dulundulco,dulun
dulundulceyn,dulun
dulundulceys,dulun
dulundulceysii,dulun
dulundulceysiin,dulun
dulundulcoobid,dulun
dulsaarid,dulsaar
dulsaarmid,dulsaar
dulsaarnaan,dulsaar
dulsaarnaansho,dulsaar
dulsaaro,dulsaar
dulsaaray,dulsaar
dulucdiisa,duluc
duluca,duluc
dulucsan,duluc
dulucsanaan,duluc
dulucsanaansho,duluc
dulucda,duluc
dulucdeeda,duluc
dulucsado,duluc
dulucdiis,duluc
dumaalid,dumaal
dumaalis,dumaal
dundun ,dundun
dunuunucid,dunuunuc
gunuunucid,gunuunuc
duqowday,duqow
duraabid,duraab
durdurasho,durdur
durduro,durdur
durdurada,durdur
durduri,durdur
durdurid,durdur
durdurin,durdur
durduris,durdur
durdurrada,durdur
durdurinayaan,durdur
durduurasho,durduur
durduuro,durduur
durduurid,durduur
durid,duri
duriyad,duri
duritaan,duri
durruqaan,durruq
durruqid,durruq
durruqsad,durruq
durruqsasho,durruq
durruqso,durruq
guryannoqo,guryan
guryannoqod,guryan
guryannoqosho,guryan
duubo,duub
duubto,duub
duubtay,duub
duubasho,duub
duubmid,duub
duubmay,duub
duubay,duub
duubashi,duub
duubcad,duub
duubduubid,duub
duubduubmid,duub
duubduubnaan,duub
duubduubnaansho,duub
duubi,duub
duubis,duub
duubnaan,duub
duubnaansho,duub
duubashida,duub
duubta,duub
duubanyihiin,duub
duubnaa,duub
duubayo,duub
duuba,duub
duubmi,duub
duubaya,duub
duubanyihiin,duuban
duubduubid,duubduub
duubduubmid,duubduub
duubduubnaan,duubduub
duubduubnaansho,duubduub
duudduubo,duud
duudduubid,duud
duuduubay,duud
duudduubmid,duud
duudduubnaan,duud
duuddo,duud
duudduubnaansho,duud
duudgal,duud
duudgelid,duud
duudgaloobid,duud
duudi,duud
duudin,duud
duudis,duud
duudlo,duud
duudsad,duud
duudsasho,duud
duudso,duud
duudseef,duud
duudsii,duud
duudsiin,duud
duudsiyid,duud
duudsin,duud
duudgaloobidda,duud
duudsinayo,duud
duudkooda,duud
duudduubmay,duud
duudkiisa,duud
duuduubo,duud
duuduub,duud
duudduubo,duudduub
duudduubid,duudduub
duudduubmid,duudduub
duudduubnaan,duudduub
duudduubnaansho,duudduub
duudduubmay,duudduub
duudsii,duudsi
duudsiin,duudsi
duudsiyid,duudsi
duudsin,duudsi
duudsinayo,duudsi
duufaani,duuf
duufaan,duuf
duufso,duuf
duufid,duuf
duuflaalad,duuf
duuflaalid,duuf
duuflaalnimo,duuf
duufsad,duuf
duufsasho,duuf
duufsamid,duuf
duufsaday,duuf
duufsanaan,duuf
duufsanaansho,duuf
duufsi,duuf
duufsashada,duuf
duufsada,duuf
dųuuf,dųuuf
duuflaalad,duuflaal
duuflaalid,duuflaal
duuflaalnimo,duuflaal
duufsanaan,duufsan
duufsanaansho,duufsan
duugid,duug
duugoobay,duug
duugnimo,duug
duugmid,duug
duugay,duug
duug ,duug
duugis,duug
duugkufaar,duug
duugmo,duug
duugnaan,duug
duugnaansho,duug
duugoobid,duug
duugduugid,duug
duugga,duug
duugo,duug
duugasho,duug
duugowday,duug
duuganyihiin,duug
duugooba,duug
duuganyihiin,duugan
duugowday,duugow
duullaan,duul
duulin,duul
duulka,duul
duulo,duul
duulaan,duul
duuli,duul
duulid,duul
duulaya,duul
duulinta,duul
duulay,duul
duulduula,duul
duulayey,duul
duula,duul
duulaa,duul
duulduulid,duul
duule,duul
duulis,duul
duuliye,duul
duullimaad,duul
duullayaal,duul
duulimaadyada,duul
duulimaad,duul
duullaanka,duul
dųulal,dųul
dųule,dųul
dųulaya,dųul
dųuli,dųul
dųulid,dųul
dųulis,dųul
dųulin,dųul
dųuliye,dųul
dųullaan,dųul
dųullan,dųul
dųullimaad,dųul
duulduula,duulduul
duulduulid,duulduul
duurxulid,duurxul
ebyanaan,ebyan
ebyanaansho,ebyan
ebyoonaan,ebyoon
ebyoonaansho,ebyoon
edegkudhufaan,edeg
edegshoomo,edeg
edegga,edeg
eedaadid,eedaad
engegnaan,engeg
engegsasho,engeg
engegan,engeg
engegid,engeg
engegnaansho,engeg
engegsad,engeg
engegsan,engeg
engegay,engeg
engegsanaan,engeg
engegsanaansho,engeg
engegso,engeg
engegsi,engeg
engegtay,engeg
engega,engeg
engegin,engeg
engego,engeg
engegani,engeg
ereybixinno,ereybixin
ergoo,ergo
ergood,ergo
erkegid,erkeg
erkegsan,erkeg
erkegsanaan,erkeg
erkegsanaansho,erkeg
eyfaadid,eyfaad
eyfaadsan,eyfaad
eyfaadsanaan,eyfaad
eyfaadsanaansho,eyfaad
eynfaadid,eynfaad
eynfaadsan,eynfaad
eynfaadsanaan,eynfaad
eynfaadsanaansho,eynfaad
faafid,faaf
faafa,faaf
faafaan,faaf
faafto,faaf
faafi,faaf
faafiya,faaf
faafinta,faaf
faafsan,faaf
faafis,faaf
faafreeb,faaf
faafiyo,faaf
faafiyay,faaf
faafiyeen,faaf
faafahsan,faaf
faahfaahiyo,faah
faahfaahiyay,faah
faahfaahsan,faah
faahfaahinaya,faah
faahi,faah
faahid,faah
faahis,faah
faahfaah,faah
faahfaahi,faah
faahfaahin,faah
faahfaahis,faah
faahfaahiyey,faah
faahfaahsanaan,faah
faahfaahsanaansho,faah
faahfaahisa,faah
faahsan,faah
faahfaahineed,faah
faaxi,faax
faaxid,faax
faaxin,faax
faaxis,faax
faafinta,faafin
faalala,faalal
faalalid,faalal
faalallow,faalal
faalaxgooddin,faalaxgooddi
faalaxgooddis,faalaxgooddi
faalaxgooddiyid,faalaxgooddi
faambiyid,faambi
faambin,faambi
faanto,faan
faanid,faan
faanfaanid,faan
faani,faan
faanin,faan
faanis,faan
faansan,faan
faansanaan,faan
faansanaansho,faan
faantax,faan
faanuus,faan
faanshay,faan
faanidda,faan
faano,faan
faana,faan
faanfaanid,faanfaan
faaqidid,faaqid
faaqidaad,faaqid
faarin,faar
faarad,faar
faaradayn,faar
faaradee,faar
faaran,faar
faaranhayt,faar
faarasho,faar
faaraxsan,faar
faaraxsanaan,faar
faaraxsanaansho,faar
faardi,faar
faarfaarid,faar
faari,faar
faarid,faar
faarniin,faar
faarixid,faar
faarmaan,faar
faarnaan,faar
faarnaansho,faar
faaro,faar
faarofaare,faar
faaroobid,faar
faarow,faar
faarsad,faar
faarsasho,faar
faarsan,faar
faariyey,faar
faarsanaan,faar
faarsa,faar
faarsanaansho,faar
faarso,faar
faarugsasho,faar
faarumaysasho,faar
faarugsi,faar
faarugso,faar
faaru,faar
faarumayn,faar
faarumee,faar
faarumaysad,faar
faarumayso,faar
faarumaysi,faar
faarumeeyey,faar
faaruqi,faar
faaruqid,faar
faaruqin,faar
faaruqis,faar
faaruqnimo,faar
faaruqa,faar
faarxid,faar
faarka,faar
faariisiyo,faar
faaraxsan,faarax
faaraxsanaan,faarax
faaraxsanaansho,faarax
faraxdo,farax
faraxsan,farax
faraxsanaan,farax
faraxalasho,farax
faraxalan,farax
faraxalid,farax
faraxalnaan,farax
faraxalo,farax
faraxalad,farax
faraxalnaansho,farax
faraxsanaansho,farax
faraxumee,farax
faraxumeyn,farax
faraxumo,farax
faraxuunsho,farax
faraxsani,farax
faraxuumeeya,farax
faraxsanyihiin,farax
faarfaarid,faarfaar
farfarid,farfar
farood,faro
farow,faro
faro,faro
farooley,faro
farowga,faro
faaruqi,faaruq
faaruqid,faaruq
faaruqin,faaruq
faaruqis,faaruq
faaruqnimo,faaruq
faaruqa,faaruq
faashow,faas
faasho,faas
faashid,faas
faasiq,faas
faasuq,faas
faasiqnimo,faas
faasuqnimo,faas
faaska,faas
faashadda,faas
faasanaansho,faas
faashow,faash
faasho,faash
faashid,faash
faashadda,faash
faashadda,faashad
faayid,faay
facsharid,facshar
facsharan,facshar
facsharayay,facshar
facshar,facshar
facsharmid,facshar
facsharo,facshar
faxsharan,faxshar
faxsharid,faxshar
faxsharmid,faxshar
faddhacday,faddhac
fadfadid,fadfad
fadhiyo,fadhi
fadhigii,fadhi
fadhiya,fadhi
fadhida,fadhi
fadhiisasho,fadhi
fadhiyid,fadhi
fadhiiyo,fadhi
fadhiga,fadhi
fadhis,fadhi
fadhido,fadhi
fadhiyay,fadhi
fadhiisto,fadhi
fadhiisiga,fadhi
fadhiisi,fadhi
fadhiyaa,fadhi
fadhibarad,fadhi
fadhibarasho,fadhi
fadhibaro,fadhi
fadhiid,fadhi
fadhiidnimo,fadhi
fadhiisad,fadhi
fadhiiso,fadhi
fadhin,fadhi
fadhiyey,fadhi
fadhiista,fadhi
fadhiistaan,fadhi
fadhiyaan,fadhi
fadhiisimo,fadhi
fadhigu,fadhi
fadhiistay,fadhi
fadhiisanayo,fadhi
fadhiyin,fadhi
fadhina,fadhi
fadhidaa,fadhi
fadhiisisasho,fadhi
fariisinka,fariisin
fariisinnada,fariisin
fadlin,fadli
faduulin,faduuli
faduulis,faduuli
fajaasid,fajaas
fujaasid,fujaas
fajacsan,fajac
fajacsanaan,fajac
fajacsanaansho,fajac
fakarid,fakar
fakarsan,fakar
fakarsanaan,fakar
fakarsanaansho,fakar
fakarsii,fakar
fakarsiin,fakar
fakarka,fakar
fakarkaba,fakar
fakaridda,fakar
falaadid,falaad
falaadxumaan,falaad
falaadxun,falaad
falaadxumaansho,falaad
falaadxumo,falaad
falaanfalan,falaanfal
falaanfalax,falaanfal
falaanfalid,falaanfal
falaanfallow,falaanfal
falaanfalnaan,falaanfal
falaanfalnaansho,falaanfal
falaanfalxo,falaanfal
falaanfulan,falaanful
falaanfulid,falaanful
falaanfulnaan,falaanful
falaanfullow,falaanful
falaanfulnaansho,falaanful
falag,falag
falagsad,falag
falagsan,falag
falagsanaan,falag
falagsanaansho,falag
falagsasho,falag
falagsi,falag
falagso,falag
falanqayno,falan
falanqaynaayo,falan
falanfalxo,falan
falanfallow,falan
falanqayn,falan
falanqee,falan
falanqo,falan
falanqeyn,falan
falaxgooddiyid,falaxgooddi
falaxgooddin,falaxgooddi
falaxgooddis,falaxgooddi
faleed,fale
faleedyada,fale
faleedka,fale
faleedyo,fale
faleenka,fale
faleebbo,fale
faleen,fale
faleedya,fale
falfalid,falfal
falfalliirid,falfal
falfalliirmid,falfal
falfalliirnaan,falfal
falfalliirnaansho,falfal
falfallirnaan,falfal
falfalxumaan,falfal
falfalxun,falfal
falfalxumaansho,falfal
falfalxumi,falfal
falfalxumo,falfal
falfalliirid,falfalliir
falfalliirmid,falfalliir
falfalliirnaan,falfalliir
falfalliirnaansho,falfalliir
falkanaan,falkan
falkanaansho,falkan
falliirnaansho,falliir
falliirmay,falliir
falliirasho,falliir
falliiro,falliir
falliirid,falliir
falliirmid,falliir
falliirnaan,falliir
fallisid,fallis
fangaran,fangar
fangarid,fangar
fangarnaan,fangar
fangarnaansho,fangar
fongoran,fongor
fongoray,fongor
fongorid,fongor
fongornaan,fongor
fongornaansho,fongor
faniini,faniin
faniinid,faniin
faniinin,faniin
faniinis,faniin
faniinto,faniin
faniinay,faniin
finiini,finiin
finiinid,finiin
finiinin,finiin
finiinay,finiin
finiiniyey,finiin
finiinis,finiin
finiinsad,finiin
finiinsasho,finiin
finiinso,finiin
finiinsi,finiin
fannidid,fannid
fannidaad,fannid
fanqooqid,fanqooq
fanqooqsad,fanqooq
fanqooqsasho,fanqooq
fanqooqso,fanqooq
fanqooqsi,fanqooq
fansaarka,fansaar
fansaarada,fansaar
fansaarid,fansaar
fansaarku,fansaar
fansaarrada,fansaar
fansaarro,fansaar
fansaaro,fansaar
fantatiirid,fantatiir
wantatiirid,wantatiir
faqiirow,faqiir
faqiirad,faqiir
faqiiri,faqiir
faqiirtee,faqiir
faqiirid,faqiir
faqiiroobid,faqiir
faqiirin,faqiir
faqiirtayn,faqiir
faqrinnimo,faqri
faqriyey,faqri
faqrin,faqri
faqriyid,faqri
faquuqid,faquuq
faquuqan,faquuq
faquuqnaan,faquuq
faquuqnaansho,faquuq
faraacida,faraaci
farabbarid,farabbar
farabbarad,farabbar
farabbaran,farabbar
farabbarasho,farabbar
farabbaro,farabbar
farabbaxsasho,farabbax
farabbaxsad,farabbax
farabbaxso,farabbax
farabbaxsi,farabbax
faraciisu,farac
faracyaraha,farac
faracooda,farac
faracyada,farac
faracyo,farac
faracii,farac
faradhaqad,faradhaq
faradhaqan,faradhaq
faradhaqasho,faradhaq
faradhaqid,faradhaq
faradhaqnaan,faradhaq
faradhaqnaansho,faradhaq
faradhaqo,faradhaq
faraxalasho,faraxal
faraxalan,faraxal
faraxalid,faraxal
faraxalnaan,faraxal
faraxalo,faraxal
faraxalad,faraxal
faraxalnaansho,faraxal
farahalasho,farahal
farahalo,farahal
farahalid,farahal
farakacayaarid,farakacayaar
farakannaxsan,farakannax
farakannaxsanaan,farakannax
farakannaxsanaansho,farakannax
farkannaxsan,farkannax
farkannaxsanaan,farkannax
farkannaxsanaansho,farkannax
faransiyam,faran
farandulle,faran
farandullee,faran
farandulleyn,faran
farandulleys,faran
faranfar,faran
faranfardayn,faran
faranfardee,faran
faranfardo,faran
faranji,faran
faranjiyad,faran
farankaboolo,faran
farans,faran
faraqa,faraq
faraqu,faraq
faraqaadid,faraq
faraqabsi,faraq
faraqaris,faraq
faraqarrarid,faraq
faraqarrarsan,faraq
faraqarraray,faraq
faraqarrarsanaan,faraq
faraqarrarsanaansho,faraq
faraqsan,faraq
faraqsanaan,faraq
faraqsanaansho,faraq
faraqxirasho,faraq
faraqxiro,faraq
faraqyo,faraq
faraqaadid,faraqaad
faraqarrarid,faraqarrar
faraqarrarsan,faraqarrar
faraqarraray,faraqarrar
faraqarrarsanaan,faraqarrar
faraqarrarsanaansho,faraqarrar
farasaaro,farasaar
farasaarid,farasaar
farsaar,farsaar
farcantay,farcan
farcanto,farcan
farcanta,farcan
fardafuulyahan,fardafuul
fardafuulid,fardafuul
fardafuulis,fardafuul
fardooleyda,fardooley
fargaddu,fargad
fargannaxsan,fargannax
fargannaxsanaan,fargannax
fargannaxsanaansho,fargannax
fargannaxsa,fargannax
farmid,farmi
farmiyid,farmi
farqin,farqi
farqis,farqi
farqiga,farqi
farriiqid,farriiq
farriiqo,farriiq
faruuryo,faruur
faruuryaha,faruur
faruurta,faruur
faruurid,faruur
faruurmid,faruur
faruurnaan,faruur
faruurnaansho,faruur
faruurnansho,faruur
faruurxirid,faruur
faruurxiran,faruur
faruurxirnaan,faruur
faruurxirnaansho,faruur
faruuryihiisi,faruur
faruurxirid,faruurxir
faruurxiran,faruurxir
faruurxirnaan,faruurxir
faruurxirnaansho,faruurxir
farxanaan,farxan
farxanaansho,farxan
fasahaadi,fasahaad
fasahaadid,fasahaad
fasahaadin,fasahaad
fasahaadis,fasahaad
fasahaadsan,fasahaad
fasahaaday,fasahaad
fasahaadsanaan,fasahaad
fasahaadsanaansho,fasahaad
fasakhmid,fasakh
fasakhid,fasakh
fasakhay,fasakh
fasakhasho,fasakh
fasakho,fasakh
fasakhnaan,fasakh
fasakhnaansho,fasakh
fasaqasho,fasaq
fasaqid,fasaq
fasaqmid,fasaq
fasaqnaan,fasaq
fasaqo,fasaq
fasaqnaansho,fasaq
fasasi,fasas
fasasid,fasas
fasasin,fasas
fasaso,fasas
fasaska,fasas
fasaxid,fasax
fashalid,fashal
fashali,fashal
fashalaad,fashal
fashalmid,fashal
fashalnaan,fashal
fashalnaansho,fashal
fashalin,fashal
fashilmid,fashil
fashili,fashil
fashilaad,fashil
fashilnaan,fashil
fashilid,fashil
fashilin,fashil
fashilnaansho,fashil
fashilmidda,fashil
fashilmo,fashil
fashilay,fashil
fashaqi,fashaq
fashaqid,fashaq
fashaqin,fashaq
fashaqis,fashaq
fashaqsan,fashaq
fashaqay,fashaq
fashaqsanaan,fashaq
fashaqsanaansho,fashaq
fasilo,fasil
fasila,fasil
fasilaad,fasil
fasilan,fasil
fasilay,fasil
fasilid,fasil
fasilnaan,fasil
fasilnaansho,fasil
fasiray,fasir
fasirayo,fasir
fasirayo6,fasir
fasiraaddiisa,fasir
fasiraadda,fasir
fasiraad,fasir
fasiran,fasir
fasirid,fasir
fasirnaan,fasir
fasirnaansho,fasir
fasirasho,fasir
fasiro,fasir
fasiri,fasir
fasirta,fasir
fasira,fasir
fasirtaa,fasir
fataalad,fataal
fataalid,fataal
fataalnimo,fataal
fataaxi,fataax
fataaxid,fataax
fataaxin,fataax
fataaxsan,fataax
fataaxsanaan,fataax
fataaxsanaansho,fataax
fatahay,fatah
fatahmaan,fatah
fatahaan,fatah
fatahaad,fatah
fatahmid,fatah
fatahnaan,fatah
fatahnaansho,fatah
fataho,fatah
fatahyo,fatah
fatashid,fatash
fatasho,fatash
fatishid,fatish
fatisho,fatish
feteshid,fetesh
fetesho,fetesh
faxalka,faxal
faxalku,faxal
faxalside,faxal
faxalsidaha,faxal
fayaqabid,fayaqab
fayiigid,fayiig
fayiigsad,fayiig
fayiigsasho,fayiig
fayiigso,fayiig
fayiigsi,fayiig
faylam,fayl
faylamka,fayl
faylamkan,fayl
faylikida,fayl
faylan,fayl
faylaggoo,fayl
faylaggoyn,fayl
faylasuuf,fayl
faylduuban,fayl
faylduubay,fayl
faylduubid,fayl
faylduubnaan,fayl
faylduubnaansho,fayl
faylduuban,faylduub
faylduubay,faylduub
faylduubid,faylduub
faylduubnaan,faylduub
faylduubnaansho,faylduub
feegaarid,feegaar
feeraha,feer
feeray,feer
feeram,feer
feeran,feer
feerasho,feer
feeranhayt,feer
feeraar,feer
feeraari,feer
feeraarin,feer
feeraaris,feer
feeraarsan,feer
feeraariyay,feer
feeraarsanaan,feer
feeraarsanaansho,feer
feeracaso,feer
feerad,feer
feerafuglayn,feer
feerafuglee,feer
feerafuglo,feer
feercalaan,feer
feerid,feer
feernaan,feer
feernaansho,feer
feertamid,feer
feertin,feer
feeryahan,feer
feerka,feer
feercalaanta,feer
feeraleyda,feer
feerood,feer
feerto,feer
feerood,feero
fikiro,fikir
fikirin,fikir
fikirid,fikir
fikirsan,fikir
fikirsii,fikir
fikirsiin,fikir
fikirsanaan,fikir
fikirsanaansho,fikir
ficilo,ficil
ficil,ficil
ficiloo,ficil
ficilood,ficil
ficiltamid,ficil
fįid,fįid
hororid,horor
hororidda,horor
fiidmaalid,fiidmaal
fiidraacid,fiidraac
fiigan,fiig
fiigid,fiig
fiigaal,fiig
fiigtaal,fiig
fiigacararid,fiig
fiigcararid,fiig
fiigcarar,fiig
fiigsan,fiig
fiigsanaan,fiig
fiigsa,fiig
fiigsanaansho,fiig
fiige,fiig
fiigacararid,fiigacarar
fiiqid,fiiq
fiiqfiiqan,fiiq
fiiqasho,fiiq
fiiqo,fiiq
fiiqmid,fiiq
fiiqnaan,fiiq
fiiqnaansho,fiiq
fiiqsad,fiiq
fiiqsasho,fiiq
fiiqso,fiiq
fiiqsi,fiiq
fiiqsii,fiiq
fiiqsiin,fiiq
fiiqtamid,fiiq
fiiqtin,fiiq
fiiqtukaale,fiiq
fiiqtukaalee,fiiq
fiiqtukaaleyn,fiiq
fiiqtukaaleysad,fiiq
fiiqtukaaleysasho,fiiq
fiiqtukaaleyso,fiiq
fiiqayo,fiiq
fiiqa,fiiq
fiiqani,fiiq
fiiqeeda,fiiq
fiiqani,fiiqan
fiirsanno,fiir
fiiriso,fiir
fiiri,fiir
fiirus,fiir
fiirsasho,fiir
fiirsi,fiir
fiirsho,fiir
fiiriyo,fiir
fiiruska,fiir
fiirsan,fiir
fiirin,fiir
fiiro,fiir
fiirinayo,fiir
fiiradarro,fiir
fiiradheer,fiir
fiiradheeraan,fiir
fiiradheeraansho,fiir
fiiradheeri,fiir
fiiraggaaban,fiir
fiiraggaabi,fiir
fiiraggaabnaan,fiir
fiiraggaabnaansho,fiir
fiirag,fiir
fiiraggaab,fiir
fiiraggaabni,fiir
fiirid,fiir
fiirsad,fiir
fiirso,fiir
fiirsade,fiir
fiirsashadooda,fiir
fiirusyadu,fiir
fiirinaysa,fiir
fiirusku,fiir
fiixid,fiix
fiixi,fiix
fiixin,fiix
fiqiburaale,fiqi
fiqid,fiqi
fiqin,fiqi
fiqibburaale,fiqi
fiqiduur,fiqi
fiqidduur,fiqi
fiqiga,fiqi
fiqiin,fiqi
fiqib,fiqi
firfircoon,firfir
firfircoonyihiin,firfir
firfircoonidiisuna,firfir
firfircoonaan,firfir
firfiryeelasho,firfir
firfircoonaanta,firfir
firfiraan,firfir
firfircooni,firfir
firfircooniyo,firfir
firfircoonaansho,firfir
firfirid,firfir
firfircoone,firfir
firfircooneyn,firfir
firfircooniyi,firfir
firfircoona,firfir
firaashan,firaash
firaashay,firaash
firaashid,firaash
firaashnaan,firaash
firaashnaansho,firaash
firirsan,firir
firirsanaa,firir
firiri,firir
firirid,firir
firirin,firir
firirsanaan,firir
firiray,firir
firirtay,firir
firirsa,firir
firirsanaansho,firir
firirta,firir
firoobid,firo
firow,firo
fitaaxid,fitaax
fitaaxi,fitaax
fitaaxin,fitaax
fitaaxsan,fitaax
fitaaxsanaan,fitaax
fitaaxiyey,fitaax
fitaaxsanaansho,fitaax
fogaanno,fogaan
fogaansho,fogaan
fogaanta,fogaan
fogaanshaha,fogaan
fogaanayo,fogaan
foocsan,fooc
foocaar,fooc
fooci,fooc
foocid,fooc
foocin,fooc
foocay,fooc
foocsanaan,fooc
foocsanaansho,fooc
foocsnaansho,fooc
fooca,fooc
fooco,fooc
foodsaarid,foodsaar
soofin,soof
soofi,soof
soofid,soof
soofis,soof
soofsad,soof
soofsasho,soof
soofsi,soof
soofso,soof
soofeysantahay,soof
soofay,soof
soofo,soof
soofiyati,soof
soofayn,soof
soofeyn,soof
soofee,soof
soofays,soof
soofaysan,soof
soofeeyey,soof
soofaysasho,soof
soofayso,soof
soofaysnaan,soof
soofaysnaansho,soof
soofe,soof
soofiye,soof
soofta,soof
foolxumeeyo,fool
foolxumeeya,fool
foolanayaan,fool
foolxuumo,fool
foolanaya,fool
foolasha,fool
foolle,fool
fooltubaaya,fool
foolax,fool
foolt,fool
foold,fool
foolxun,fool
foolmaroodi,fool
fool ,fool
foolad,fool
foolasho,fool
foolo,fool
foolaxgooddin,fool
foolaxgooddis,fool
foolaxgooddiyid,fool
foolaxgootayn,fool
foolaxgootee,fool
foolbaxo,fool
foolbaxsad,fool
foolbaxsasho,fool
foolbaxso,fool
foolbaxsi,fool
foolbeenaad,fool
foolanaysa,fool
foolcararid,fool
fooldhabasho,fool
fooldhabo,fool
fooldhiqid,fool
fooldhaqasho,fool
fooldhaqo,fool
fooldhaw,fool
fooldiin,fool
fooleed,fool
foolhallaabid,fool
fooltegid,fool
fooli,fool
foolid,fool
foolin,fool
foolis,fool
foolkaano,fool
foolnugayl,fool
foolnuglaan,fool
foolnugul,fool
foolnuglaansho,fool
foolshareer,fool
fooltubid,fool
foolwaa,fool
foolwanaagsan,fool
foolwanaagsanaan,fool
foolwanaagsaansho,fool
foolwanaagsanaansho,fool
foolwa,fool
foolxumaan,fool
foolxumaansho,fool
foolxumi,fool
foolxumo,fool
foolxumow,fool
foolanaaysaa,fool
foolka,fool
foolkabaahidda,fool
foolkoodu,fool
foolaha,fool
foolaxgooddin,foolaxgooddi
foolaxgooddis,foolaxgooddi
foolaxgooddiyid,foolaxgooddi
foolcararid,foolcarar
fooldhaqasho,fooldhaq
fooldhaqo,fooldhaq
fooltubaaya,fooltub
fooltubid,fooltub
foondhaafi,foondhaaf
foondhaafid,foondhaaf
foondhaafin,foondhaaf
foondhaafis,foondhaaf
fooraro,foorar
foorari,foorar
foorarid,foorar
foorarin,foorar
fooraris,foorar
foorarsad,foorar
foorarsan,foorar
foorarsanaan,foorar
foorarsanaansho,foorar
foorarsasho,foorar
foorarsi,foorar
foorarso,foorar
foorariyey,foorar
fooraraan,foorar
foorarinta,foorar
foorariyo,foorar
foorarsanaya,foorar
foorid,foori
fooris,foori
fooridhiileyn,foori
fooridhiillee,foori
fooridhiille,foori
fooriggaalle,foori
fooriggaallee,foori
fooriggaalleyn,foori
foorin,foori
foorinteed,foori
foororid,fooror
foorori,fooror
foororin,fooror
foororsasho,fooror
foororsan,fooror
foororsanaan,fooror
foororso,fooror
foororis,fooror
foororsad,fooror
foororsanaansho,fooror
foororsi,fooror
fooxaallin,fooxaalli
fooxaalliyid,fooxaalli
fowliilid,fowliil
fowriirid,fowriir
fullaaci,fullaac
fullaacid,fullaac
fullaacin,fullaac
fullaacsad,fullaac
fullaacsasho,fullaac
fullaacsan,fullaac
fullaaciyey,fullaac
fullaacsanaan,fullaac
fullaacsanaansho,fullaac
fullaacso,fullaac
fullaacsi,fullaac
fululid,fulul
fululi,fulul
fululin,fulul
furanyahay,furan
furantahay,furan
furanyihiin,furan
furanka,furan
furfurista,furfur
furfurid,furfur
furfurnaansho,furfur
furfurad,furfur
furfurasho,furfur
furfuro,furfur
furfurdayn,furfur
furfurdee,furfur
furfurdo,furfur
furfurnaan,furfur
furfuris,furfur
furfurnayn,furfur
furfurayo,furfur
furfurnayan,furfur
furuxsan,furux
furuxsanaan,furux
furuxsanaansho,furux
fuudafuude,fuud
fuudi,fuud
fuudid,fuud
fuudin,fuud
fuudsad,fuud
fuudsasho,fuud
fuudso,fuud
fuudsi,fuud
fuudsii,fuud
fuudsiin,fuud
fuudh,fuud
fuudka,fuud
fuuqa,fuuq
fuuqsado,fuuq
fuuqbax,fuuq
fuuqdhabiil,fuuq
fuuqdhabiilnimo,fuuq
fuuqid,fuuq
fuuqsad,fuuq
fuuqsasho,fuuq
fuuqso,fuuq
fuuqsi,fuuq
fųurid,fųur
fųursan,fųur
fųursanaan,fųur
fųursanaansho,fųur
gaabbaguulid,gaabbaguul
gaabiyay,gaabi
gaabiyey,gaabi
gaabiyeey,gaabi
gaabiya,gaabi
gaabinaya,gaabi
gaabiso,gaabi
gaabiyaa,gaabi
gaabin,gaabi
gaabis,gaabi
gaabida,gaabi
gaabisa,gaabi
gaabiyo,gaabi
gaabisaa,gaabi
gaadh,gaad
gaadiid,gaad
gaadhsiiyaan,gaad
gaadidka,gaad
gaadiidka,gaad
gaadmada,gaad
gaadho,gaad
gaadiidbadeedka,gaad
gaadayo,gaad
gaadid,gaad
gaaddada,gaad
gaadmo,gaad
gaadhaa,gaad
gaadhaan,gaad
gaadhay,gaad
gaadhin,gaad
gaadhsiiyan,gaad
gaadhi,gaad
gaadha,gaad
gaaday,gaad
gaadaami,gaad
gaadaamid,gaad
gaadaamin,gaad
gaadaamis,gaad
gaadaansad,gaad
gaadaansasho,gaad
gaadaansan,gaad
gaadaansanaan,gaad
gaadaansanaansho,gaad
gaadaanso,gaad
gaadaansi,gaad
gaadaar,gaad
gaadaddo,gaad
gaadala,gaad
gaadasho,gaad
gaaddabbuurid,gaad
gaaddaxir,gaad
gaaddo,gaad
gaade,gaad
gaadeeryo,gaad
gaadis,gaad
gaadniin,gaad
gaadiidsad,gaad
gaadiidsasho,gaad
gaadiidso,gaad
gaadiidsi,gaad
gaadoowe,gaad
gaadhsiiya,gaad
gaadhaya,gaad
gaadhayn,gaad
gaadhey,gaad
gaadaansad,gaadaan
gaadaansasho,gaadaan
gaadaansan,gaadaan
gaadaansanaan,gaadaan
gaadaansanaansho,gaadaan
gaadaanso,gaadaan
gaadaansi,gaadaan
gaaddabbuurid,gaaddabbuur
gaadoowe,gaado
gaafurka,gaaf
gaafabbixid,gaaf
gaafabbixi,gaaf
gaafabbixin,gaaf
gaafal,gaaf
gaafmeerid,gaaf
gaafammeerid,gaaf
gaafan,gaaf
gaafasho,gaaf
gaafeysad,gaaf
gaafeysasho,gaaf
gaafeyso,gaaf
gaafeysi,gaaf
gaafid,gaaf
gaafwa,gaaf
gaafnaan,gaaf
gaafa,gaaf
gaafnaansho,gaaf
gaafnow,gaaf
gaafootamid,gaaf
gaafwareegid,gaaf
gaafammeerid,gaafammeer
gaafmeerid,gaafmeer
gaafwareegid,gaafwareeg
gaafootamid,gaafo
gaagaxsan,gaagax
gaagaxsanaan,gaagax
gaagaxsanaansho,gaagax
gaaggaxsan,gaaggax
gaaggaxsanaan,gaaggax
gaaggaxay,gaaggax
gaaggaxsanaansho,gaaggax
gahayroobin,gahayr
gahayrnimada,gahayr
gahayrow,gahayr
gahayrid,gahayr
gahayroobid,gahayr
gaahiirid,gaahiir
gaajabbeelid,gaajabbeel
qaajabbeelid,qaajabbeel
gaaliska,gaal
gaaloobid,gaal
gaalle,gaal
gaalshire,gaal
gaalad,gaal
gaalayn,gaal
gaalee,gaal
gaalibid,gaal
gaalis,gaal
gaalin,gaal
gaallan,gaal
gaallanaan,gaal
gaallanaansho,gaal
gaalleef,gaal
gaalli,gaal
gaallin,gaal
gaallisee,gaal
gaalliseyn,gaal
gaalliso,gaal
gaalnimo,gaal
gaaleyso,gaal
gaaleysi,gaal
gaalka,gaal
gaalo,gaal
gaalibid,gaalib
gaarka,gaar
gaartay,gaar
gaarsiin,gaar
gaarin,gaar
gaaro,gaar
gaarsiiso,gaar
gaarid,gaar
gaarsiiyo,gaar
gaarsiiyey,gaar
gaarsiiya,gaar
gaarey,gaar
gaardiska,gaar
gaara,gaar
gaarayo,gaar
gaaraan,gaar
gaarayaa,gaar
gaarsiisany,gaar
gaartey,gaar
gaaray,gaar
gaaraa,gaar
gaarsiyo,gaar
gaarta,gaar
gaarsiiye,gaar
gaarto,gaar
gaarso,gaar
gaarsiisa,gaar
gaartaa,gaar
gaaraabbidhaan,gaar
gaaraabbidhood,gaar
gaararro,gaar
gaarcadde,gaar
gaardin,gaar
gaardiyid,gaar
gaardis,gaar
gaardisii,gaar
gaardisiin,gaar
gaarhaye,gaar
gaarheyn,gaar
gaarniin,gaar
gaariddameer,gaar
gaarifaras,gaar
gaarigacan,gaar
gaarigacmeed,gaar
gaarinnimo,gaar
gaariwale,gaar
gaaridameer,gaar
gaaroodin,gaar
gaarrax,gaar
gaarsii,gaar
gaarsiis,gaar
gaareyn,gaar
gaaraysa,gaar
gaarsiintii,gaar
gaaristood,gaar
gaarkood,gaar
gaarsiisnayn,gaar
gaareen,gaar
gaarsiisana,gaar
gaarsiiyaan,gaar
gaariyaal,gaar
gaaraya,gaar
gaaritaankooda,gaar
gaarna,gaar
gaaridda,gaar
gaarana,gaar
gaardiska,gaardi
gaardin,gaardi
gaardiyid,gaardi
gaardis,gaardi
gaardisii,gaardi
gaardisiin,gaardi
gaarin,gaari
gaarid,gaari
gaariddameer,gaari
gaarifaras,gaari
gaarigacan,gaari
gaarigacmeed,gaari
gaarinnimo,gaari
gaariwale,gaari
gaaridameer,gaari
gaaristood,gaari
gaariyaal,gaari
gaaritaankooda,gaari
gaaridda,gaari
gaaroodin,gaaroodi
gaashaandhigid,gaashaandhig
gaasirid,gaasir
gaasirmid,gaasir
gaasirnaan,gaasir
gaasirnaansho,gaasir
gabaaraggeddin,gabaaraggeddi
gabarnimadeeda,gabar
gabareymaanyo,gabar
gabarnimo,gabar
gabarraale,gabar
gabarey,gabar
gabarta,gabar
gabaxle,gabax
gabayga,gabay
gabayre,gabay
gabayaa,gabay
gabaye,gabay
gabayoox,gabay
gabaysii,gabay
gabaysiin,gabay
gabayadana,gabay
gabayada,gabay
gabbaannimo,gabbaan
gabbaatiyid,gabbaati
gabbado,gabbad
gabbadaan,gabbad
gabbalday,gabbal
gabbaldaye,gabbal
gabbald,gabbal
gabbaldhac,gabbal
gabbaldhacsad,gabbal
gabbaldhacsasho,gabbal
gabbaldhacso,gabbal
gabbaldhacsi,gabbal
gabbaldhaca,gabbal
gabbaldhici,gabbal
gabbaldhicid,gabbal
gabbaldhicin,gabbal
gabbalee,gabbal
gabbaleyn,gabbal
gabbalgaab,gabbal
gabbalgaabad,gabbal
gabbalgaabsad,gabbal
gabbalgaabsasho,gabbal
gabbalgaabso,gabbal
gabbalgaabsi,gabbal
gabbaljiif,gabbal
gabbalsiidhac,gabbal
gablannimo,gablan
goblannimo,goblan
gabloolid,gablool
gabtoolid,gabtool
gaboodfalid,gaboodfal
gaboodfalo,gaboodfal
gabowga,gabow
gabowday,gabow
gabowsho,gabow
gabraarad,gabraar
gabraarasho,gabraar
gabraaro,gabraar
gabraarato,gabraar
gabranaan,gabran
gabran,gabran
gabranaansho,gabran
gacanta,gacan
gacannada,gacan
gacanka,gacan
gacandhaafid,gacan
gacandhiibid,gacan
gacandho,gacan
gacandur,gacan
gacantiisa,gacan
gacangeli,gacan
gacantooda,gacan
gacangelid,gacan
gacangelin,gacan
gacangelis,gacan
gacanhaadi,gacan
gacanhaadin,gacan
gacanhaadis,gacan
gacanhelid,gacan
gacanjiiddo,gacan
gacankudhiigle,gacan
gacankutaagle,gacan
gacanqaadid,gacan
gacanqabad,gacan
gacanqabasho,gacan
gacanqabo,gacan
gacanqabsad,gacan
gacanqabsasho,gacan
gacanqabso,gacan
gacanqabsi,gacan
gacansaarid,gacan
gacansarrayn,gacan
gacansarree,gacan
gacansayrid,gacan
gacansiin,gacan
gacantogaale,gacan
gacantogaaleyn,gacan
gacantogaalee,gacan
gacantogaaleys,gacan
gacantogaaleysad,gacan
gacantogaaleysasho,gacan
gacanto,gacan
gacantogaalaysad,gacan
gacantogaaleysi,gacan
gacantogaalaysasho,gacan
gacantogaaleyso,gacan
gacaneed,gacan
gacanteeda,gacan
gacantu,gacan
gacansin,gacan
gacandhaafid,gacandhaaf
gacandhiibid,gacandhiib
gacanqaadid,gacanqaad
gacansaarid,gacansaar
gacansayrid,gacansayr
gadaalabbarid,gadaalabbar
gadawaarid,gadawaar
gaddoonka,gaddoon
gaddoonkaasi,gaddoon
gadoodid,gadood
gadoodsan,gadood
gadooday,gadood
gadoodsanaan,gadood
gadoodsanaansho,gadood
gedaadid,gedaad
gedaadsan,gedaad
gedaadsanaan,gedaad
gedaadsanaansho,gedaad
gedoodid,gedood
gedoodsan,gedood
gedoodsanaan,gedood
gedoodsanaansho,gedood
gidaadsan,gidaad
gidaadid,gidaad
gidaadsanaan,gidaad
gidaadsanaansho,gidaad
gafuurtaagid,gafuurtaag
gaggabbasho,gaggab
gaggabis,gaggab
gaggabid,gaggab
gaggabaysad,gaggab
gaggabaysasho,gaggab
gaggabaysi,gaggab
gaggabayso,gaggab
gaggabi,gaggab
gaggabin,gaggab
gaggabo,gaggab
gaggabsan,gaggab
gaggabiyey,gaggab
gaggabsanaan,gaggab
gaggabsanaansho,gaggab
gaggabeysad,gaggab
gaggabeysasho,gaggab
gaggabeysi,gaggab
gaggabeyso,gaggab
galaalan,galaal
galaali,galaal
galaalasho,galaal
galaalgali,galaal
galaalgalin,galaal
galaalid,galaal
galaalnaan,galaal
galaalnaansho,galaal
galaangalad,galaan
galaangalasho,galaan
galaangali,galaan
galaangalin,galaan
galaangalis,galaan
galaangalo,galaan
galaayuusid,galaayuus
galaclee,galac
galacleyn,galac
galgaalbixin,galgaal
galgaalid,galgaal
galladee,gallad
galladayn,gallad
galladid,gallad
galladaysad,gallad
galladaysasho,gallad
galladaysan,gallad
galladayso,gallad
galladaysi,gallad
galladaysnaan,gallad
galladaysnaansho,gallad
gariirid,gariir
gariirrada,gariir
gariirku,gariir
gariirsiin,gariir
gariirad,gariir
gariiri,gariir
gariirin,gariir
gariiriso,gariir
gariirshe,gariir
gariirka,gariir
gariiro,gariir
gariiraya,gariir
gariirsiiya,gariir
galoofow,galoof
galoofaadi,galoof
galoofaadid,galoof
galoofaadin,galoof
galoofid,galoof
galoofoobid,galoof
galoofnimo,galoof
galoofaadi,galoofaad
galoofaadid,galoofaad
galoofaadin,galoofaad
ololid,olol
ololiyo,olol
olola,olol
ololka,olol
ololin,olol
ololayn,olol
ololee,olol
olole,olol
ololeyn,olol
ololi,olol
ololsan,olol
ololay,olol
ololsanaan,olol
ololsanaansho,olol
galoolay,galool
galoolid,galool
galoolmid,galool
galoolnaan,galool
galoolnaansho,galool
gamaamadid,gamaamad
gamaamadan,gamaamad
gamaamaday,gamaamad
gamaamadnaan,gamaamad
gamaamadnaansho,gamaamad
gamaamudan,gamaamud
gamaamudnaan,gamaamud
gamaamudnaansho,gamaamud
gamaamudid,gamaamud
amamud,amamud
gamaarid,gamaar
gamaari,gamaar
gamaarin,gamaar
gamashiyid,gamashi
gamashiga,gamashi
gambin,gambi
gambis,gambi
gambisan,gambi
gambise,gambi
gambisnaan,gambi
gambisnaansho,gambi
gambiyid,gambi
gambisasho,gambi
gambool,gambo
gambooley,gambo
gamboon,gambo
gamboonaan,gambo
gamboonaansho,gambo
gamboor,gambo
iwaayid,iwaa
gammaanka,gammaan
gammaanku,gammaan
gamuuran,gamuur
gamuurid,gamuur
gamuurnaan,gamuur
gamuurnaansho,gamuur
gamuuxan,gamuux
gamuuxid,gamuux
gamuuxnaan,gamuux
gamuuxnaansho,gamuux
gamuuxanaan,gamuux
gumuuxan,gumuux
gumuuxid,gumuux
gumuuxnaan,gumuux
gumuuxnaansho,gumuux
gannadid,gannad
ganaaxan,ganaax
ganaaxay,ganaax
ganaaxid,ganaax
ganaaxnaan,ganaax
ganaaxnaansho,ganaax
ganacsata,ganac
ganacsade,ganac
ganacsi,ganac
ganacsado,ganac
ganacsada,ganac
ganaceed,ganac
ganaca,ganac
ganacsiga,ganac
ganacsatadu,ganac
ganacjaban,ganac
ganacjabnaan,ganac
ganacjabnaansho,ganac
ganacjebi,ganac
ganacjebin,ganac
ganacsad,ganac
ganacsasho,ganac
ganacso,ganac
ganacsato,ganac
ganacsigu,ganac
ganacsigaas,ganac
gandooban,gandoob
gandoobid,gandoob
gandoobnaan,gandoob
gandoobnaansho,gandoob
gantooban,gantoob
gantoobid,gantoob
gantoobnaan,gantoob
gantoobnaansho,gantoob
gandoodid,gandood
gantaalid,gantaal
garaangarin,garaangar
garaangariyo,garaangar
garaangari,garaangar
garaangarid,garaangar
garaangaris,garaangar
garangarta,garangar
garangari,garangar
garangarid,garangar
garangarin,garangar
garangaris,garangar
garangarro,garangar
garaangiri,garaangir
garaangirid,garaangir
garaangirin,garaangir
garaangiris,garaangir
garabsaarid,garabsaar
garabyeelid,garabyeel
garacaa,garac
garacad,garac
garaca,garac
garanayn,garan
garanwaa,garan
garanwaayid,garan
garanta,garan
garansiin,garan
garangarta,garan
garangari,garan
garangarid,garan
garangarin,garan
garanayt,garan
garangaaris,garan
garangaris,garan
garangoor,garan
garangoorri,garan
garannuug,garan
garansii,garan
garansiis,garan
garansoon,garan
garansoonaan,garan
garansoonaansho,garan
garanyo,garan
garansiiyo,garan
garanaytka,garan
garangarro,garan
garbabbeelid,garbabbeel
garbadduuban,garbadduub
garbadduubid,garbadduub
garbadduubnaan,garbadduub
garbadduubnaansho,garbadduub
gardadduuban,gardadduub
gardadduubid,gardadduub
gardadduubnaans,gardadduub
gardadduubnaan,gardadduub
gardadduubnaansho,gardadduub
garbin,garbi
garbis,garbi
garbixi,garbi
garbixin,garbi
gargaarid,gargaar
gargaarsimo,gargaar
gargaaro,gargaar
gargaarsad,gargaar
gargaarsasho,gargaar
gargaarso,gargaar
gargaare,gargaar
gergaarid,gergaar
garnaqayo,garnaq
garnaqsi,garnaq
garnaqid,garnaq
garnaqay,garnaq
garnaqo,garnaq
garnaqa,garnaq
garoob,garo
garoorin,garo
garoorid,garo
garooriyey,garo
garoomey,garo
garowsho,garo
garoobbayn,garo
garoobbee,garo
garoobnimo,garo
garoocan,garo
garoocasho,garo
garooco,garo
garoocid,garo
garoocnaan,garo
garoocnaansho,garo
garooman,garo
garoomanaan,garo
garoomanaansho,garo
garoonnaan,garo
garoomasho,garo
garoomo,garo
garoomato,garo
garoomid,garo
garoonnaansho,garo
garoonshiid,garo
garoori,garo
garoorshe,garo
garowbudaale,garo
garowbutaale,garo
garowkari,garo
garowkarin,garo
garowkaris,garo
garowsad,garo
garowsasho,garo
garowso,garo
garowsi,garo
garowshiinyo,garo
garowga,garo
garooriyo,garo
garood,garo
garoobid,garo
garoonka,garo
garoocan,garooc
garoocasho,garooc
garooco,garooc
garoocid,garooc
garoocnaan,garooc
garoocnaansho,garooc
garoonnaan,garoon
garoonnaansho,garoon
garoonshiid,garoon
garoonka,garoon
garoorin,garoor
garoorid,garoor
garooriyey,garoor
garoori,garoor
garoorshe,garoor
garooriyo,garoor
garowsho,garow
garowbudaale,garow
garowbutaale,garow
garowkari,garow
garowkarin,garow
garowkaris,garow
garowsad,garow
garowsasho,garow
garowso,garow
garowsi,garow
garowshiinyo,garow
garowga,garow
garqaadan,garqaad
garqaadad,garqaad
garqaadid,garqaad
garqaaday,garqaad
garqaadasho,garqaad
garqaado,garqaad
garransii,garran
garransiin,garran
garruunnaan,garruun
garruunnaansho,garruun
garruunaan,garruun
garsoornimo,garsoor
garsooraha,garsoor
garsoorid,garsoor
garsoore,garsoor
gashaanti,gashaan
gashaantinnimo,gashaan
gąsariirid,gąsariir
geseriirid,geseriir
gawaadad,gawaad
gawaadid,gawaad
gawaanraacid,gawaanraac
gawaanraaci,gawaanraac
gawaanraacin,gawaanraac
gawaanraacis,gawaanraac
gawdiidid,gawdiid
gawriirid,gawriir
gawracin,gawrac
gawracay,gawrac
gawracatada,gawrac
gawraco,gawrac
gawracid,gawrac
gawracan,gawrac
gawracasho,gawrac
gawracato,gawrac
gawracnaan,gawrac
gawracnaansho,gawrac
gawraca,gawrac
gebilka,gebi
gebiga,gebi
gebid,gebi
gebiib,gebi
gebigood,gebi
gebidhac,gebi
gebidhaclayn,gebi
gebidhacle,gebi
gebidhaclays,gebi
gebidhaclee,gebi
gebikayeer,gebi
gebin,gebi
gebiyandhoorre,gebi
gebiyahandhoor,gebi
gebis,gebi
gebiska,gebi
geddisan,geddi
geddisantay,geddi
geddisantahay,geddi
geddisanyihiin,geddi
geddin,geddi
geddis,geddi
geddismi,geddi
geddisasho,geddi
geddiyid,geddi
geddisad,geddi
geddisley,geddi
geddisnaan,geddi
geddiso,geddi
geddicadsad,geddi
geddicadsasho,geddi
geddicadso,geddi
geddicadsi,geddi
geddisnaansho,geddi
geddiggelin,geddi
geddisa,geddi
geddisme,geddi
geddoonka,geddoon
geeddigu,geeddi
geeddiggeli,geeddi
geeddiggelin,geeddi
geeddiggelis,geeddi
geeddiyid,geeddi
geeddiga,geeddi
geedqaaday,geedqaad
geedqaadid,geedqaad
oodqaadid,oodqaad
geeraarid,geeraar
geeraarshaa,geeraar
geeraarshe,geeraar
geesi,gees
geeso,gees
geesood,gees
geeskiiba,gees
geesoole,gees
geesuhuna,gees
geesole,gees
geesinnimada,gees
geesinnimo,gees
geesooleyaal,gees
geesaha,gees
geesa,gees
geeska,gees
geesto,gees
geesho,gees
geesdareen,gees
geesaari,gees
geesaas,gees
geesaasid,gees
geesacarro,gees
geesaley,gees
geesarriyaad,gees
geesarriyood,gees
geesasaari,gees
geesasaarid,gees
geesaxir,gees
geesee,gees
geeseyn,gees
geesigelin,gees
geesigeli,gees
geesiggeli,gees
geesiggelin,gees
geesiyad,gees
geesley,gees
geesmadow,gees
geesmarooq,gees
geestahanyo,gees
geestay,gees
geestiisa,gees
geesle,gees
geesinimo,gees
geesluhu,gees
geesasaari,geesasaar
geesasaarid,geesasaar
gelinayo,gelin
gelinkiisa,gelin
gelinka,gelin
gelinkeeda,gelin
gelindhexaad,gelin
gelindhexe,gelin
gelinhoraad,gelin
gelinsii,gelin
gelinsiin,gelin
gelinsiis,gelin
gelinsocod,gelin
gelinkeed,gelin
gelinkii,gelin
gelinta,gelin
gelineysa,gelin
gelisa,gelis
geliso,gelis
gembis,gembi
gembiyay,gembi
gembisan,gembi
gembiyid,gembi
gembise,gembi
gembisnaan,gembi
gembin,gembi
gembiyey,gembi
gembisnaansho,gembi
gerqaadid,gerqaad
gerseriir,gerseriir
gasariir,gasariir
gersurasho,gersur
gersurid,gersur
geyrad,geyr
geyrasho,geyr
geyro,geyr
geyre,geyr
gibilka,gibil
gibilkoodu,gibil
gibilku,gibil
gibilkiisu,gibil
gibillo,gibil
gibilcad,gibil
gibilmadoobaad,gibil
gibilmadoobaansho,gibil
gibilmadoobow,gibil
gibilmadow,gibil
gibilxeer,gibil
gibilkani,gibil
gibilkiisa,gibil
gigtirid,gigtir
gigtiran,gigtir
gigtiray,gigtir
gigtirnaan,gigtir
gigtirnaansho,gigtir
giircad,giir
giirmadow,giir
giiran,giir
giirasho,giir
giiro,giir
giirbaq,giir
giircas,giir
giirgiiran,giir
giirgiiray,giir
giirgiirid,giir
giirgiiris,giir
giirgiirnaan,giir
giirgiirnaansho,giir
giirid,giir
giirnaan,giir
giirnaansho,giir
giirre,giir
giirtaagid,giir
giiryaalannimo,giir
giiryaale,giir
giirgiiran,giirgiir
giirgiiray,giirgiir
giirgiirid,giirgiir
giirgiiris,giirgiir
giirgiirnaan,giirgiir
giirgiirnaansho,giirgiir
giirtaagid,giirtaag
giisid,giis
gilgilid,gilgil
gilgilad,gilgil
gilgilasho,gilgil
gilgilan,gilgil
gilgilay,gilgil
gilgilo,gilgil
gilgilmid,gilgil
giraangiri,giraangir
giraangirid,giraangir
giraangirin,giraangir
giraangiris,giraangir
girgirka,girgir
girgirro,girgir
girgire,girgir
girgirid,girgir
girgiro,girgir
giringirid,giringir
giringiri,giringir
giringirin,giringir
giringiris,giringir
godadowga,godadow
godantahay,godan
godanoo,godan
godanta,godan
godane,godan
godanto,godan
godanyahay,godan
godolnaqsi,godol
gododka,godo
godontahay,godo
godolnaqsi,godo
godobreed,godo
godobtir,godo
godobsad,godo
godobsasho,godo
godobso,godo
godobsi,godo
godobreeb,godo
gododootamid,godo
godootamid,godo
godobreed,godob
godobtir,godob
godobsad,godob
godobsasho,godob
godobso,godob
godobsi,godob
godobreeb,godob
goglanaan,goglan
goglanaansho,goglan
gogoldhig,gogol
gogolgelin,gogol
gogoldhaafid,gogol
gogoldhigad,gogol
gogoldhigasho,gogol
gogollaab,gogol
gogolxaar,gogol
gogolxaarid,gogol
gogollada,gogol
gogollo,gogol
gogoldhaafid,gogoldhaaf
goldooxid,goldoox
goobaaban,goobaab
goobaabin,goobaab
goobaabay,goobaab
goobaabasho,goobaab
goobaabo,goobaab
goobaabid,goobaab
goobaabnaan,goobaab
goobaabnaansho,goobaab
goobaabida,goobaab
golongolid,golongol
golongolsan,golongol
golongolsanaan,golongol
golongolsanaansho,golongol
gommodka,gommod
gommodid,gommod
goobisteed,goob
goobta,goob
goobada,goob
goobahaas,goob
goobahaasi,goob
goobtaas,goob
goobid,goob
goobaaban,goob
goobadu,goob
goobooyin,goob
goobaabin,goob
goobaabay,goob
goobaabasho,goob
goobaabo,goob
goobaabid,goob
goobaabnaan,goob
goobaabnaansho,goob
goobaal,goob
goobali,goob
goobare,goob
goobasho,goob
goobataal,goob
goobayn,goob
goobee,goob
goobdumis,goob
goobi,goob
goobis,goob
goobin,goob
goobjoog,goob
goobxaarad,goob
goobxaarasho,goob
goobxaaro,goob
goobyaalid,goob
goobaha,goob
goobooyinka,goob
goobaabida,goob
goobooyinkaas,goob
goobeed,goob
goobood,goob
goobooyin,goobo
goobooyinka,goobo
goobooyinkaas,goobo
goobood,goobo
goobyaalid,goobyaal
gooddis,gooddi
gooddin,gooddi
gooddiyid,gooddi
goofaadhi,goof
goofaari,goof
goofaadhiyid,goof
goofaarin,goof
goofid,goof
goofood,goof
gooniddaaq,gooni
goonibbaar,gooni
goohid,gooh
gooloobid,gool
goolboodo,gool
goolibbaarid,gool
goollawaraabe,gool
goolow,gool
goolhaye,gool
goolmoonaansho,gool
goolobbaar,gool
goolad,gool
goolka,gool
goolibbaarid,goolibbaar
goonnibbaarid,goonnibbaar
goonniya,goon
goonjab,goon
goonjebshe,goon
goonka,goon
goonni,goon
goonnibaarka,goon
goonnibbaarid,goon
gooniddaaq,goon
goonibbaar,goon
goonnidaaq,goon
goonno,goon
goonadotroofiin,goon
goonkiisa,goon
goonadotrofiinis,goon
goolobbaar,goolobbaar
goosaaran,goosaar
goosaarasho,goosaar
goosaarid,goosaar
goosaarnaan,goosaar
goosaarnaansho,goosaar
goosaaro,goosaar
goosaarad,goosaar
koosaaran,koosaar
koosaarasho,koosaar
koosaarid,koosaar
koosaarnaan,koosaar
koosaaro,koosaar
koosaarad,koosaar
koosaaray,koosaar
koosaarnaansho,koosaar
goosaato,goosaato
goosho,goosh
gooshid,goosh
gooshidda,goosh
goosha,goosh
goosasho,goos
goosto,goos
goosmid,goos
goosho,goos
gooshid,goos
gooshidda,goos
goosgoos,goos
goosaaran,goos
goosaarasho,goos
goosaarid,goos
goosaarnaan,goos
goosaarnaansho,goos
goosaaro,goos
goosad,goos
goosarad,goos
gooso,goos
goosi,goos
goosaato,goos
goos,goos
goosin,goos
goostay,goos
goosatay,goos
goosaarad,goos
goosha,goos
goosayga,goos
goosmay,goos
gorodgoo,gorod
gorodgoyn,gorod
gorodda,gorod
gororid,goror
gorori,goror
gorord,goror
gororin,goror
gororsasho,goror
gorrosid,gorros
gowracay,gowrac
gowraco,gowrac
gowracan,gowrac
gowracasho,gowrac
gowracato,gowrac
gowracnaan,gowrac
gowracnaansho,gowrac
gowracid,gowrac
gowriirid,gowriir
gowriirso,gowriir
gowriirsad,gowriir
gowriirsasho,gowriir
gowriirsi,gowriir
gowiir,gowiir
gowsaha,gows
gowsdambeed,gows
gowska,gows
gowsdheero,gows
gubanayso,guban
gubanaya,guban
gubanaayo,guban
gudbani,gudban
gudbanaan,gudban
gudbanaansho,gudban
gudbanaa,gudban
gudbane,gudban
gudbeyso,gudbe
gudubta,gudub
gudubsasho,gudub
gudubto,gudub
gudubtay,gudub
gudubka,gudub
gudubtaa,gudub
guddoonkiisa,guddoon
guddoonso,guddoon
guddoonshe,guddoon
guddoonsad,guddoon
guddoonsasho,guddoon
guddoonsi,guddoon
guddoonsii,guddoon
guddoonsiin,guddoon
gudoodi,gudo
gudow,gudo
gudohooda,gudo
guduudin,guduudi
guduudiyo,guduudi
guduudow,guduudo
gufaacoo,gufaaco
gufaacood,gufaaco
gugaca,gugac
gugacid,gugac
gulaalid,gulaal
gulaalmid,gulaal
gulaalnaan,gulaal
gulaalnaansho,gulaal
guluulucid,guluuluc
gumaadid,gumaad
gumaaxid,gumaax
gumaaxmay,gumaax
gumaaxay,gumaax
gumaaxmid,gumaax
gumaaxnaan,gumaax
gumaaxnaansho,gumaax
gunaanadaynaa,gunaanad
gunaanadid,gunaanad
gunaanadan,gunaanad
gunaanadnaan,gunaanad
gunaanadnaansho,gunaanad
gunaanadseegid,gunaanad
gunaanadka,gunaanad
gunaanadseegid,gunaanadseeg
gundhis,gundhi
gundhin,gundhi
gundhigad,gundhi
gundhigasho,gundhi
gundhigo,gundhi
gundhigid,gundhi
gundhigad,gundhig
gundhigasho,gundhig
gundhigo,gundhig
gundhigid,gundhig
gungaaro,gungaar
gungaarid,gungaar
gunrogan,gunrog
gunrogey,gunrog
gunrogid,gunrog
gunrognaan,gunrog
gunrognaansho,gunrog
guntanaan,guntan
guntanaansho,guntan
guntane,guntan
guntanyahay,guntan
guntin,gunti
guntiin,gunti
guntiino,gunti
guntintiisa,gunti
guntid,gunti
guntinta,gunti
guntiis,gunti
gunuunusid,gunuunus
gunuusid,gunuus
guraabbaasid,guraabbaas
gurdanraacid,gurdan
gurdanraacid,gurdanraac
guriga,guri
gurigeeda,guri
gurigeedii,guri
guridambays,guri
gurid,guri
guricas,guri
guridambaysnimo,guri
guriggelid,guri
guriggee,guri
guriggeyn,guri
gurijoog,guri
gurin,guri
gurisamaad,guri
guriyoobid,guri
guriweyn,guri
guriyeelashada,guri
gurigeenna,guri
guriyaha,guri
gurigu,guri
gurigooda,guri
gurigeeyo,guri
gurijoogto,guri
gurmad,gurmad
gurood,guro
guudfuulid,guudfuul
guudmarid,guudmar
guulaysatay,guul
guulaysan,guul
guulaysasho,guul
guulguulayo,guul
guulguul,guul
guuleystay,guul
guulid,guul
guulmay,guul
guulaamee,guul
guulaameyn,guul
guulaamo,guul
guuleeto,guul
guulalloobid,guul
guulallowsan,guul
guulallowsanaan,guul
guulallowsanaansho,guul
guulan,guul
guulato,guul
guuldarraysad,guul
guuld,guul
guuldarraysasho,guul
guuldarrayso,guul
guuldarraysi,guul
guuldarro,guul
guuleysad,guul
guuleysasho,guul
guulayso,guul
guuleysi,guul
guuleyso,guul
guuli,guul
guulin,guul
guulis,guul
guulle,guul
guulmid,guul
guulwade,guul
guulaysato,guul
guulayaan,guul
guulo,guul
guulallowsan,guulallow
guulallowsanaan,guulallow
guulallowsanaansho,guulallow
guumeysoobid,guumeys
guumeysow,guumeys
guursasho,guur
guurkiisa,guur
guuraan,guur
guurid,guur
guursan,guur
guuro,guur
guursaday,guur
guurin,guur
guuraaga,guur
guursanayo,guur
guuragelin,guur
guurayn,guur
guureen,guur
guursado,guur
guuray,guur
guuri,guur
guuraayo,guur
guurti,guur
guurkooda,guur
guuraya,guur
guursi,guur
guursato,guur
guure,guur
guurey,guur
guurarraac,guur
guurasocod,guur
guuree,guur
guurays,guur
guureggelid,guur
guuraysii,guur
guureggeli,guur
guuraysiin,guur
guureggelin,guur
guurdoon,guur
guurgal,guur
guuroobid,guur
guurre,guur
guurree,guur
guurreyn,guur
guurro,guur
guursad,guur
guurso,guur
guursimo,guur
guurka,guur
guurto,guur
guura,guur
guurayaan,guur
guursadey,guur
guuridda,guur
guurguurin,guur
guursanaya,guur
guureyso,guur
guuraa,guur
guuraraac,guur
guureysa,guur
guuriyey,guur
guursa,guur
guursanaaya,guur
guurs,guur
guuxid,guux
guuxaweyn,guux
guuxo,guux
hąadid,hąad
hąadsasho,hąad
hąadso,hąad
haajiro,haajir
haajirid,haajir
haajirtey,haajir
haayirid,haayir
hamaanad,hamaan
hamaansasho,hamaan
hamaanso,hamaan
hamaanid,hamaan
hamaansi,hamaan
hamaansad,hamaan
haanta,haan
haantu,haan
haaneedin,haan
haandawaco,haan
haandhurwaa,haan
haaneedi,haan
haaneedid,haan
haaneedis,haan
haaneedsad,haan
haaneedsasho,haan
haaneedso,haan
haaneedka,haan
haanse,haan
haansee,haan
haanseyn,haan
haanseysan,haan
haanseeyay,haan
haanseysnaan,haan
haanseysnaansho,haan
haantaawilfid,haan
haanyoo,haan
haanyood,haan
haaneedin,haaneed
haaneedi,haaneed
haaneedid,haaneed
haaneedis,haaneed
haaneedsad,haaneed
haaneedsasho,haaneed
haaneedso,haaneed
haaneedka,haaneed
raansho,raan
raando,raan
raan,raan
raandhiis,raan
raanida,raan
raani,raan
raandee,raan
raanbi,raan
raandayn,raan
raandays,raan
raandaysan,raan
raandaysnaan,raan
raandaysnaansho,raan
raaniyad,raan
raansow,raan
raansanaansho,raan
haawey,haaw
haawad,haaw
haawasho,haaw
haawo,haaw
haawi,haaw
haawid,haaw
haawilood,haaw
haawin,haaw
haawis,haaw
haawiya,haaw
habaarkiisu,habaar
habaaro,habaar
habaarid,habaar
habaarkiisa,habaar
habaarmid,habaar
habaarnaan,habaar
habaarnaansho,habaar
habaarqabe,habaar
habaaray,habaar
habaarramid,habaar
habaarran,habaar
habaartamid,habaar
habaartan,habaar
habaarrama,habaar
habacsan,habac
habacsanaan,habac
habacsanaansho,habac
habaryar,habar
habartood,habar
habarey,habar
habardugaag,habar
habarjinni,habar
habaroobid,habar
habarticaa,habar
habarticay,habar
habarwacad,habar
habarwacasho,habar
habarwaco,habar
habarwadaag,habar
habarraacis,habar
habarteed,habar
habaysanyihiin,habay
habaysnayn,habay
habayn,habay
habaysasho,habay
habaysanayn,habay
habayo,habay
habays,habay
habaysmid,habay
habaysnaan,habay
habaysnaansho,habay
habaynta,habay
habaysanyihiin,habaysan
habaysanayn,habaysan
habiiraqid,habiiraq
habjaqle,habjaq
habjaqid,habjaq
habjaqlee,habjaq
habjaqleyn,habjaq
habroorid,habroor
habuuqid,habuuq
habuuqsasho,habuuq
habuuqso,habuuq
habuuqasho,habuuq
haquuqid,haquuq
haquuqsasho,haquuq
haquuqso,haquuq
haquuqasho,haquuq
haquuqo,haquuq
hadaafid,hadaaf
hadaafi,hadaaf
hadaafin,hadaaf
hadaafis,hadaaf
hadaaqid,hadaaq
hadafkoodu,hadaf
hadalka,hadal
hadallo,hadal
hadalkiisaan,hadal
hadalkiisu,hadal
hadala,hadal
hadalsiin,hadal
hadalkeed,hadal
hadalkooda,hadal
hadalbaran,hadal
hadalbadi,hadal
hadalbadni,hadal
hadalcun,hadal
hadalku,hadal
hadalhayn,hadal
hadalhee,hadal
hadaljeeli,hadal
hadalla,hadal
hadalsii,hadal
hadaltiro,hadal
hadalyaqaan,hadal
hadalkiisa,hadal
hadallada,hadal
hadalkeeda,hadal
hadalkana,hadal
hadalno,hadal
hadalladii,hadal
haddidid,haddid
haddidaad,haddid
handadaad,handad
handadid,handad
handadi,handad
handadin,handad
hadeecid,hadeec
hudeecid,hudeec
hadoodilid,hadoodil
hadoodilan,hadoodil
hadoodillan,hadoodil
hadoodillanaan,hadoodil
hadoodilnaan,hadoodil
hadoodillanaansho,hadoodil
hadoodilnaansho,hadoodil
hafaran,hafar
hafaryo,hafar
hafarmid,hafar
hagaagsaneyn,hagaag
hagaagsan,hagaag
hagaagid,hagaag
hagaagsanaan,hagaag
hagaagsanaansho,hagaag
hagaagsasho,hagaag
hagaagso,hagaag
hagaagaasho,hagaag
hagaagto,hagaag
hagaago,hagaag
hagaagtay,hagaag
hagaasid,hagaas
hagaasi,hagaas
hagaasin,hagaas
hagaastay,hagaas
hagagid,hagag
haghago,haghag
haghaglee,haghag
haghagid,haghag
haghaglayn,haghag
haghagle,haghag
haghagleyn,haghag
haghagaglee,haghag
hagoogta,hagoog
hagoogad,hagoog
hagoogasho,hagoog
hagoogan,hagoog
hagoogo,hagoog
hagoogid,hagoog
hagoognaan,hagoog
hagoognaansho,hagoog
hagoogba,hagoog
hakisa,hakis
halaagnaan,halaag
halaagid,halaag
halaagmid,halaag
halaagnaansho,halaag
halaagna,halaag
halligmid,hallig
hallignaan,hallig
halligid,hallig
halligis,hallig
hallignaansho,hallig
halaanhali,halaanhal
halaanhalid,halaanhal
halaanhalin,halaanhal
halaanhalis,halaanhal
halaaqid,halaaq
halaaqo,halaaq
halaaqoo,halaaq
halaaqood,halaaq
halalaco,halalac
haleeley,haleel
haleelid,haleel
haleela,haleel
haleelo,haleel
haleelsii,haleel
haleelsiin,haleel
halgaado,halgaad
halgaadee,halgaad
halgaadeyn,halgaad
halgaadid,halgaad
hallowsan,hallow
hallowsanaan,hallow
hallowsanaansho,hallow
hallowday,hallow
halmaansii,halmaan
halmaansiin,halmaan
halmaansiis,halmaan
hilmaansii,hilmaan
hilmaansiin,hilmaan
haloosin,haloosi
haloosiyid,haloosi
halqaadid,halqaad
halqaaday,halqaad
halraacid,halraac
hambaasid,hambaas
hambaasi,hambaas
hambaasin,hambaas
hambalaalaqid,hambalaalaq
hambalaalaqsan,hambalaalaq
hambalaalaqsanaan,hambalaalaq
hambalaalaqsanaansho,hambalaalaq
humbuluuluqid,humbuluuluq
hamboraac,hambo
hamboorriyid,hambo
hamboorriyid,hamboorri
hammin,hammi
hammiyid,hammi
hammisan,hammi
hammisii,hammi
hammisiin,hammi
hammisnaan,hammi
hammisnaansho,hammi
hamuungorayo,hamuun
hamuungorgor,hamuun
hamuunta,hamuun
hamuuntirad,hamuun
hamuuntirasho,hamuun
hamuuntiro,hamuun
hamuuntirid,hamuun
hamuuntirad,hamuuntir
hamuuntirasho,hamuuntir
hamuuntiro,hamuuntir
hamuuntirid,hamuuntir
hanaqaadid,hanaqaad
handaraaban,handaraab
handaraabay,handaraab
handaraabasho,handaraab
handaraabo,handaraab
handaraabid,handaraab
handaraabnaan,handaraab
handaraabnaansho,handaraab
hanfadi,hanfad
hanfadid,hanfad
hanfadin,hanfad
hanfade,hanfad
hanfariirsan,hanfariir
hanfariiri,hanfariir
hanfariirid,hanfariir
hanfariirin,hanfariir
hanfariiray,hanfariir
hanfariirsanaan,hanfariir
hanfariirsanaansho,hanfariir
hangalle,hangal
hangallee,hangal
hangalleyn,hangal
hangalleys,hangal
hanqal,hanqal
hanqalaal,hanqal
hanqalooqsasho,hanqal
hanqaloocso,hanqal
hanqaloocid,hanqal
hanqaloocsasho,hanqal
hanqaloocsad,hanqal
hanqaloocs,hanqal
hanqaloocsi,hanqal
hanqalka,hanqal
hanqaltaagid,hanqal
hanjiidan,hanjiid
hanjiidasho,hanjiid
hanjiido,hanjiid
hanjiidid,hanjiid
hanjiidnaan,hanjiid
hanjiidnaansho,hanjiid
hankaagid,hankaag
hankaagsan,hankaag
hankaagsanaan,hankaag
hankaagsanaansho,hankaag
haqabtirid,haqabtir
hanqaloocso,hanqalooc
hanqaloocid,hanqalooc
hanqaloocsasho,hanqalooc
hanqaloocsad,hanqalooc
hanqaloocs,hanqalooc
hanqaloocsi,hanqalooc
hanqaltaagid,hanqaltaag
hanqaraarac,hanqar
hanqarmid,hanqar
hanqarid,hanqar
hantidiisa,hanti
hantida,hanti
hantidiisu,hanti
hantidii,hanti
hantideeda,hanti
hantiyo,hanti
hantiyid,hanti
hantidhawr,hanti
hantiggelin,hanti
hantiggoosad,hanti
hantiggoosi,hanti
hantigoosad,hanti
hantihurid,hanti
hantiile,hanti
hantin,hanti
hantiwadaag,hanti
hantiwadaagga,hanti
hantiwadaagee,hanti
hantiwadaageyn,hanti
hantiwadaagnimo,hanti
hantiyoobid,hanti
hantiyow,hanti
hantiba,hanti
hantigelin,hanti
hantihurid,hantihur
hanuuni,hanuun
hanuunid,hanuun
hanuunin,hanuun
hanuunis,hanuun
hanuuniye,hanuun
hanuuniya,hanuun
hanuunsan,hanuun
hanuunsanaan,hanuun
hanuunsanaansho,hanuun
hanuunsa,hanuun
haqabbeelid,haqabbeel
haqqabbeel,haqqabbeel
haraacin,haraaci
hiraacin,hiraaci
haraahirid,haraahir
haraahirsan,haraahir
haraahirsanaan,haraahir
haraahirsanaansho,haraahir
hiraahirid,hiraahir
hiraahirsan,hiraahir
hiraahirsanaan,hiraahir
hiraahirsanaansho,hiraahir
hiraahirsa,hiraahir
haraanhirid,haraanhir
haraanhirsan,haraanhir
haraanhirsanaan,haraanhir
haraanhirsanaansho,haraanhir
haraatin,haraati
haraatiggeelle,haraati
haraatiyid,haraati
haraatiyo,haraati
harraatin,harraati
harraatiyid,harraati
harraatir,harraati
harari,harar
hardafin,hardaf
hardafid,hardaf
hardafi,hardaf
hardiyid,hardi
hardin,hardi
hertin,herti
hargabid,hargab
hargabsan,hargab
hargabsanaan,hargab
hargabsanaansho,hargab
hargabka,hargab
hargagid,hargag
hargagsan,hargag
hargagsanaan,hargag
hargagsanaansho,hargag
xargago,xargag
xargagidda,xargag
xargaga,xargag
xargagoosasho,xargag
xargagooso,xargag
xargagsan,xargag
xargagay,xargag
xargagsanaan,xargag
xargagsanaansho,xargag
hargalo,hargal
hargalmo,hargal
hargalid,hargal
hargali,hargal
hargalulid,hargal
hergeli,hergel
hergelid,hergel
hergelin,hergel
hergelis,hergel
harjadid,harjad
harqaanle,harqaan
harqaanka,harqaan
harqaanku,harqaan
harraadbeelaan,harraad
harraadid,harraad
harraadan,harraad
harraadsan,harraad
harraadbeelid,harraad
harraadi,harraad
harraadin,harraad
harraadnaan,harraad
harraadnaansho,harraad
harraadsanaan,harraad
harraadsanaansho,harraad
harraadtir,harraad
harraadtirid,harraad
harraadka,harraad
harraado,harraad
harraaday,harraad
harraadani,harraad
harraadbeelaan,harraadbeel
harraadbeelid,harraadbeel
haruufid,haruuf
hawaarid,hawaar
hawaaran,hawaar
hawaarsan,hawaar
hawaari,hawaar
hawaarin,hawaar
hawaarnaan,hawaar
hawaarsanaan,hawaar
hawaarnaansho,hawaar
hawaarsanaansho,hawaar
hawaawiyid,hawaawi
hawaawiri,hawaawi
hawaawiridid,hawaawi
hawaawirin,hawaawi
hawaawiri,hawaawir
hawaawiridid,hawaawir
hawaawirin,hawaawir
hawaawiridid,hawaawirid
hawakaco,hawakac
hiyikaca,hiyikac
hiyikacsan,hiyikac
hawirid,hawir
hawirmid,hawir
hawirnaan,hawir
hawirnaansho,hawir
hawlgalkiisu,hawl
hawlgalnay,hawl
hawlahan,hawl
hawlgelin,hawl
hawleedka,hawl
hawleed,hawl
hawlmaalmeedka,hawl
hawlan,hawl
hawleedyo,hawl
hawlo,hawl
hawlahaas,hawl
hawlaha,hawl
hawlqabadka,hawl
hawlgalo,hawl
hawlgacmeed,hawl
hawlid,hawl
hawlkar,hawl
hawlla,hawl
hawlaysan,hawl
hawlaysnaan,hawl
hawlaysnaansho,hawl
hawldabre,hawl
hawldiid,hawl
hawldiiddo,hawl
hawldiidid,hawl
hawldiidnimo,hawl
hawlfududayn,hawl
hawlgeb,hawl
hawlgabid,hawl
hawlgebid,hawl
hawlgeli,hawl
hawlgelid,hawl
hawlgelis,hawl
hawlkarnimo,hawl
hawllan,hawl
hawlloon,hawl
hawllanaan,hawl
hawlloonaan,hawl
hawlloonaansho,hawl
hawllanaansho,hawl
hawllanow,hawl
hawlmaalmeed,hawl
hawlqaad,hawl
hawlwadaag,hawl
hawlwadeen,hawl
hawlyar,hawl
hawlyaraan,hawl
hawlyaraansho,hawl
hawlyari,hawl
hawlyarayn,hawl
hawlyaree,hawl
hawlyaraysad,hawl
hawlyaraysasho,hawl
hawlyarayso,hawl
hawlyaraysi,hawl
hawlanyahay,hawl
hawlgabaan,hawl
hawlgalka,hawl
hawlgalay,hawl
hawlgalaan,hawl
hawlwadeeno,hawl
hawlgabid,hawlgab
hawlgabaan,hawlgab
hawlgeb,hawlgeb
hawlgebid,hawlgeb
hawlgalkiisu,hawlgal
hawlgalnay,hawlgal
hawlgalo,hawlgal
hawlgalka,hawlgal
hawlgalay,hawlgal
hawlgalaan,hawlgal
hawohankaagid,hawohankaag
haydalid,haydal
haydalmid,haydal
haydalnaan,haydal
haydalnaansho,haydal
haynini,hayn
haynta,hayn
haynin,hayn
hayntooda,hayn
hayrafid,hayraf
haystay,hays
hayso,hays
haystaan,hays
haysta,hays
haysto,hays
haysa,hays
haystana,hays
haysan,hays
haysay,hays
haysata,hays
haystayaashu,hays
haysato,hays
haysey,hays
haystey,hays
haysad,hays
haysasho,hays
haysamo,hays
haysi,hays
haysimo,hays
haystimo,hays
haystaa,hays
haysashadii,hays
hebednimo,hebed
heecid,heec
heeco,heec
heeganka,heegan
heegganaan,heeggan
heegganaansho,heeggan
heehaaba,heehaab
heehaabid,heehaab
heehaabayaan,heehaab
heelad,heel
heelasho,heel
heelo,heel
heeli,heel
heellan,heel
heelloon,heel
heellanaan,heel
heellanaansho,heel
heello,heel
heelloonaan,heel
heelloonaansho,heel
heelaa,heel
heemogolobiinta,heemo
heemogolobiinka,heemo
heensaynayo,heen
heenseeyo,heen
heensasho,heen
heensad,heen
heensarraar,heen
heensasaar,heen
heenso,heen
heensi,heen
heensayn,heen
heensee,heen
heensaysan,heen
heense,heen
heenseysnaan,heen
heenseysan,heen
heenseysnaansho,heen
heenseyanaan,heen
heensaha,heen
heerka,heer
heerarkooda,heer
heertamarka,heer
heerkulku,heer
heerar,heer
heerkulkooda,heer
heerkul,heer
heerkulkiisa,heer
heerkulka,heer
heertamarkooda,heer
heertamarta,heer
heerkii,heer
heerkoodana,heer
heerarka,heer
heeraaryeeyaan,heer
heeryadu,heer
heerkooda,heer
heerkoodii,heer
heerkay,heer
heerkulkiisu,heer
heerheer,heer
heeraab,heer
heeraaran,heer
heeraarasho,heer
heeraaro,heer
heeraarid,heer
heeraarnaan,heer
heeraarnaansho,heer
heerin,heer
heerid,heer
heerkulbeeg,heer
heerkulbeege,heer
heermid,heer
heernaan,heer
heernaansho,heer
heertamarrada,heer
heertis,heer
heeryee,heer
heeryo,heer
heeryeyn,heer
heeryeysan,heer
heeryeysnaan,heer
heeryeysnaansho,heer
heerkoodu,heer
heerkulkoodu,heer
heerkan,heer
heerkulkuna,heer
heerkulkeedu,heer
heerkulbeegyada,heer
heertiis,heer
heeraabka,heer
heerkiisa,heer
heerkulkii,heer
heeryaysan,heer
heeryaysnaan,heer
heeraaryeeyaan,heeraar
heeraaran,heeraar
heeraarasho,heeraar
heeraaro,heeraar
heeraarid,heeraar
heeraarnaan,heeraar
heeraarnaansho,heeraar
heesayo,hees
heesid,hees
heesa,hees
heesta,hees
heeso,hees
heesaha,hees
heesaa,hees
heesaannimo,hees
heeshi,hees
heesi,hees
heesihii,hees
hingilan,hingil
hingilid,hingil
hingilnaan,hingil
hingilnaansho,hingil
hergalmo,hergal
hergalid,hergal
herinta,herin
herintu,herin
herinka,herin
hibitiqid,hibitiq
hiddarraacid,hiddarraac
higaagad,higaag
higaagasho,higaag
higaago,higaag
higaagid,higaag
higaagmid,higaag
higaagnaan,higaag
higaagnaansho,higaag
higgoo,higgo
higgood,higgo
hingood,hingo
hingoo,hingo
hiifid,hiif
hiifidda,hiif
huufid,huuf
huufsan,huuf
huufsanaan,huuf
huufsanaansho,huuf
huufayo,huuf
hiilo,hiil
hiillo,hiil
hiilin,hiil
hiillinayo,hiil
hiiliyo,hiil
hiili,hiil
hiilee,hiil
hiileyn,hiil
hiileysan,hiil
hiileeyay,hiil
hiileysasho,hiil
hiileyso,hiil
hiileysnaan,hiil
hiileysnaansho,hiil
hiilgurasho,hiil
hiilguro,hiil
hiilli,hiil
hiilid,hiil
hiilis,hiil
hiillin,hiil
hiillis,hiil
hiiliyam,hiil
hiilley,hiil
hiilyam,hiil
hiilisa,hiil
hiinraagid,hiinraag
hinraagid,hinraag
hiirammaalid,hiirammaal
hiirammaalis,hiirammaal
hilbawadaageen,hilbawadaag
hillaacyo,hillaac
hillaacid,hillaac
hiloobid,hilo
hilowday,hilo
hiloobidda,hilo
hiloowdo,hilo
hilowday,hilow
himmadjabid,himmadjab
himmadjabsan,himmadjab
himmadjabsanaan,himmadjab
himmadjabsanaansho,himmadjab
himmadjabsa,himmadjab
himmajabid,himmajab
himmajabsan,himmajab
himmajabsa,himmajab
himmajabay,himmajab
himmajabsanaan,himmajab
himmajabsanaa,himmajab
himmajabsanaansho,himmajab
hinaaso,hinaas
hinaase,hinaas
hinaasid,hinaas
hinaasin,hinaas
hiraanhirid,hiraanhir
hiraanhirsan,hiraanhir
hiraanhirsanaan,hiraanhir
hiraanhirsanaansho,hiraanhir
hiwaawirid,hiwaawir
niyakacsan,niyakac
niyakacsanaan,niyakac
niyakacsanaansho,niyakac
hodannimo,hodan
hodantinnimo,hodan
hodanoobid,hodan
hodanow,hodan
hodantooyo,hodan
hodanka,hodan
hogatusaalee,hogatus
hogatusaaleyn,hogatus
hogatusid,hogatus
hogatuska,hogatus
hoggaansanaan,hoggaansan
hoggaansanaansho,hoggaansan
hoggaansanayn,hoggaansan
hogood,hogo
hogotusaalee,hogo
hogob,hogo
hogocraac,hogo
hogolraac,hogo
hogocraacid,hogo
hogolraacid,hogo
hogof,hogo
hogoggoli,hogo
hogoggolin,hogo
hogol,hogo
hogoraacid,hogo
hogoraac,hogo
hogotusaaleyn,hogo
hohobta,hohob
holacda,holac
holaca,holac
hoogey,hoog
hoogaami,hoog
hoogaamin,hoog
hoogaansad,hoog
hoogaansasho,hoog
hoogaanso,hoog
hoogaansi,hoog
hoogid,hoog
hoolhoola,hoolhool
hoolhoolid,hoolhool
hoorku,hoor
hoorka,hoor
hoore,hoor
hoorkiisa,hoor
hoora,hoor
hoorbeeg,hoor
hooreysa,hoor
hooraha,hoor
hoorsaday,hoor
hoorsasho,hoor
hoorid,hoor
hoorar,hoor
hoorihii,hoor
hoorarka,hoor
hooroobeyn,hoor
hoori,hoor
hoorrimaad,hoor
hoorin,hoor
hooris,hoor
hooromoon,hoor
hoorri,hoor
hoorsad,hoor
hoorso,hoor
hoorsi,hoor
hoorjed,hoor
hoorayaasha,hoor
hooruhu,hoor
hooray,hoor
hooreyaasha,hoor
hoostiisa,hoos
hoosaad,hoos
hooseed,hoos
hooseysana,hoos
hoose,hoos
hoosaysa,hoos
hoosaadka,hoos
hooseeya,hoos
hooseyn,hoos
hoosaysana,hoos
hooseysa,hoos
hoosha,hoos
hooseeysa,hoos
hooseeyo,hoos
hoostiiisa,hoos
hoosaasin,hoos
hooska,hoos
hoostooda,hoos
hooseeyaa,hoos
hooseyo,hoos
hoosta,hoos
hoosna,hoos
hoosjiooge,hoos
hoosteeda,hoos
hoostiis,hoos
hoostii,hoos
hoosana,hoos
hooskooda,hoos
hoosaas,hoos
hoosaasi,hoos
hoosaharre,hoos
hooskuhar,hoos
hoosayn,hoos
hoosee,hoos
hoosaysii,hoos
hoosaysiin,hoos
hoosdadab,hoos
hoosdaloolo,hoos
hoosdhebid,hoos
hoosdhigid,hoos
hooseyeyaasha,hoos
hoosgal,hoos
hoosgalla,hoos
hooskalla,hoos
hoosgashi,hoos
hoosgeli,hoos
hoosgelid,hoos
hoosgelin,hoos
hoosgunti,hoos
hooshid,hoos
hoosi,hoos
hoosid,hoos
hoosiis,hoos
hoosiman,hoos
hoosimasho,hoos
hoosimo,hoos
hoosinnaan,hoos
hoosinnaansho,hoos
hoosjoog,hoos
hoosjooge,hoos
hoosjoogid,hoos
hooskatuur,hoos
hoosmari,hoos
hoosmarin,hoos
hooso,hoos
hoosubbax,hoos
hoosaadyo,hoos
hooseeyehiisuba,hoos
hoosbaxayaal,hoos
hoosad,hoos
hooseyso,hoos
hooseeyso,hoos
hoosaadkan,hoos
hoosayso,hoos
hooseen,hoos
hoostana,hoos
hooseeyaha,hoos
hoostisa,hoos
hoosdhigid,hoosdhig
hoosha,hoosh
hooshid,hoosh
hoosinnaan,hoosin
hoosinnaansho,hoosin
hooyooyinkood,hooyo
hooyoy,hooyo
horaadka,horaad
horaadis,horaad
horaadi,horaad
horaadin,horaad
horaadkiisu,horaad
horaadda,horaad
horaysa,horay
horayn,horay
horkaca,horkac
horkace,horkac
horkeenid,horkeen
hormarinayey,hormar
hormariyaa,hormar
hormarsado,hormar
hormariya,hormar
hormarin,hormar
hormara,hormar
hormaraya,hormar
hormaridda,hormar
hormaro,hormar
hormarid,hormar
hormari,hormar
hormaris,hormar
hormarsad,hormar
hormarsasho,hormar
hormarso,hormar
hormarsi,hormar
hormariyo,hormar
hormaraan,hormar
hormarta,hormar
hormarinta,hormar
hormosalaadid,hormosalaad
horseedid,horseed
horseednimo,horseed
horseedaya,horseed
hortagga,hortag
hortagid,hortag
hortago,hortag
hortagayo,hortag
hortagidda,hortag
hortagayaasha,hortag
hortagaan,hortag
hortagi,hortag
huddanaan,huddan
huddanaansho,huddan
hoyaadid,hoyaad
hoyaadi,hoyaad
hoyaadin,hoyaad
hulaaqid,hulaaq
huleelid,huleel
huleeli,huleel
huleelin,huleel
huleelis,huleel
hillaabad,hillaab
hillaabasho,hillaab
hillaabid,hillaab
hillaabo,hillaab
hillaab,hillaab
huluuqid,huluuq
huluuqan,huluuq
huluuqnaan,huluuq
huluuqnaansho,huluuq
humbuluuluqid,humbul
humbululuuqid,humbul
humbulan,humbul
humbulid,humbul
humbulnaan,humbul
humbulnaansho,humbul
hundhurid,hundhur
hundhursad,hundhur
hundhursasho,hundhur
hundhursan,hundhur
hundhura,hundhur
hundhursanaan,hundhur
hundhursanaansho,hundhur
hundhurso,hundhur
hundhursi,hundhur
hunguriga,hunguri
hunguricadka,hunguri
hungurigacad,hunguri
hunguridoon,hunguri
hungurijuqjuq,hunguri
hunguriweyn,hunguri
hunguriweynaan,hunguri
hunguriweynaansho,hunguri
hunguriweyni,hunguri
hunguriweyne,hunguri
hungurixume,hunguri
hungurixumo,hunguri
hunguriyee,hunguri
hunguriyeyn,hunguri
hunguriyoo,hunguri
hunguriyood,hunguri
hunguricadka,hunguricad
hunyucsad,hunyuc
hunyucsasho,hunyuc
hunyucsan,hunyuc
hunyucsanaan,hunyuc
hunyucsanaansho,hunyuc
hunyucso,hunyuc
hunyucsi,hunyuc
huyucsan,huyuc
huyucsanaan,huyuc
huyucid,huyuc
huyucsad,huyuc
huyucsasho,huyuc
huyucsanaansho,huyuc
huyucso,huyuc
huyucsi,huyuc
hurdansii,hurdan
hurdansiin,hurdan
hurdana,hurdan
hurdisiin,hurdi
hurdisiiyo,hurdi
hurdisii,hurdi
hurdid,hurdi
hurdin,hurdi
hurgufid,hurguf
hurgufan,hurguf
hurgufasho,hurguf
hurgufo,hurguf
hurgufnaan,hurguf
hurgufnaansho,hurguf
hurgunsan,hurgun
hurgunsanaan,hurgun
hurgunsanaansho,hurgun
huruufid,huruuf
huurigana,huur
huursanaadaan,huur
huurkuba,huur
huurka,huur
huursasho,huur
huurid,huur
huurin,huur
huuro,huur
huursad,huur
huursan,huur
huursanaan,huur
huursanaansho,huur
huurso,huur
huursi,huur
huuray,huur
huurshay,huur
huuriyo,huur
huurada,huur
huuriga,huur
huuriyada,huur
huuriyey,huur
huurigana,huuri
huurid,huuri
huurin,huuri
huuriyo,huuri
huuriga,huuri
huuriyada,huuri
huuriyey,huuri
huwanaan,huwan
huwanaansho,huwan
ibamaryo,ibamar
ibamaryee,ibamar
ibamarad,ibamar
ibamarasho,ibamar
ibamaran,ibamar
ibamaray,ibamar
ibamaryeysan,ibamar
ibamaro,ibamar
ibamaryeysad,ibamar
ibamaryey,ibamar
ibamaryeys,ibamar
ibamarid,ibamar
ibamarnaan,ibamar
ibamarnaansho,ibamar
ibamaryeyso,ibamar
ibamaryeyn,ibamar
ibamaryeysasho,ibamar
ibamaryeysi,ibamar
ibamaryeysnaan,ibamar
ibamaryeysnaansho,ibamar
icraabi,icraab
icraabid,icraab
icraabin,icraab
icraabis,icraabis
ictikaafid,ictikaaf
ictikaafsan,ictikaaf
ictikaafsanaan,ictikaaf
ictikaafsanaansho,ictikaaf
ictiqaadsan,ictiqaad
ictiqaadsanaan,ictiqaad
ictiqaadid,ictiqaad
ictiqaadsanaansho,ictiqaad
ictiraafid,ictiraaf
ictiraafsan,ictiraaf
ictiraafsanaan,ictiraaf
ictiraafsanaansho,ictiraaf
idaadid,idaad
idanqaadasho,idan
idanqaado,idan
idansan,idan
idansanaan,idan
idansanaansho,idan
idinka,idin
idinna,idin
idinku,idin
idinkuna,idin
idinla,idin
idinkaga,idin
idinkula,idin
idinkala,idin
ifbaxday,ifbax
iftiinkeeda,iftiin
iftiinka,iftiin
iftiinsado,iftiin
iftiinkeeduna,iftiin
iftiino,iftiin
iftiinta,iftiin
iftiinsasho,iftiin
iftiinku,iftiin
igarnimo,igar
igtishaafid,igtishaaf
iibsanaaya,iibsan
iibsanaan,iibsan
iibsanaansho,iibsan
iibsanayaa,iibsan
iidaanka,iidaan
iidaanto,iidaan
iidaannaan,iidaan
iidaannaansho,iidaan
iidaankaa,iidaan
ijtihaadid,ijtihaad
ikhtilaafid,ikhtilaaf
iskhilaafid,iskhilaaf
ikhtiraacid,ikhtiraac
ilaalisa,ilaal
ilaaliya,ilaal
ilaalin,ilaal
ilaalo,ilaal
ilaalinta,ilaal
ilaaliyo,ilaal
ilaala,ilaal
ilaaliyana,ilaal
ilaalinayo,ilaal
ilaaliyaa,ilaal
ilaalee,ilaal
ilaaleyn,ilaal
ilaaleysad,ilaal
ilaaleysasho,ilaal
ilaaleyso,ilaal
ilaaleysi,ilaal
ilaali,ilaal
ilaalid,ilaal
ilaalsasho,ilaal
ilaalisana,ilaal
ilaalisaa,ilaal
ilaaliyaha,ilaal
ilaaliye,ilaal
ilaaliiye,ilaal
ilaalinayn,ilaal
ilaalsho,ilaal
ilaalinaysa,ilaal
ilaaqid,ilaaq
ilaaqtamid,ilaaq
ilaaqad,ilaaq
ilaaqeen,ilaaq
ilaysraacid,ilaysraac
ilbaxnimada,ilbax
ilbaxnimo,ilbax
ilbaxsan,ilbax
ilbaxsanaan,ilbax
ilbaxsanaansho,ilbax
ilbiriqsigiiba,ilbiriqsi
ilduufid,ilduuf
ilduufi,ilduuf
ilduufin,ilduuf
ilduufis,ilduuf
ilduufsan,ilduuf
ilduufay,ilduuf
ilduufsanaan,ilduuf
ilduufsanaansho,ilduuf
ilfashaqid,ilfashaq
ilgiirid,ilgiir
kululaanayaa,kulul
kululaan,kulul
kululaada,kulul
kululaysay,kulul
kululeeyey,kulul
kululaato,kulul
kululaatay,kulul
kululaansho,kulul
kululayn,kulul
kululeysasho,kulul
kululyihiin,kulul
kululaysa,kulul
kululeeyo,kulul
kululeyso,kulul
kululeyn,kulul
kululee,kulul
kululaaday,kulul
kululaysaa,kulul
kululaysasho,kulul
kululeeyay,kulul
kululaado,kulul
illinka,illin
illintir,illin
illintirsi,illin
illinyaqaan,illin
illowse,illow
illowsho,illow
illowsan,illow
illowsanaan,illow
illowsanaansho,illow
illowsii,illow
illowsiin,illow
illowsiis,illow
ilmood,ilmo
ilmosidaha,ilmo
ilmooley,ilmo
ilmohooda,ilmo
ilmoside,ilmo
ilxaaxid,ilxaax
imtixaankii,imtixaan
imtixaanka,imtixaan
imtixaanid,imtixaan
imtixaannaan,imtixaan
imtixaannaansho,imtixaan
inantu,inan
inannimmo,inan
inannimo,inan
inanlayaal,inan
indhabbeelid,indhabbeel
indhabbeelis,indhabbeel
indhakuulad,indhakuul
indhakuulasho,indhakuul
indhakuulan,indhakuul
indhakuulo,indhakuul
indhakuulid,indhakuul
indhakuulnaan,indhakuul
indhakuulnaansho,indhakuul
indhadaraandarid,indhadaraandar
indhadduuban,indhadduub
indhadduubid,indhadduub
indhadduubnaan,indhadduub
indhadduubnaansho,indhadduub
indhasarcaadi,indhasarcaad
indhasarcaadid,indhasarcaad
indhasarcaadin,indhasarcaad
indhasarcaadis,indhasarcaad
indhasarcaadsan,indhasarcaad
indhasarcaadsanaan,indhasarcaad
indhasarcaadsanaansho,indhasarcaad
indhasarcaadiyaan,indhasarcaad
inkaaran,inkaar
inkaaray,inkaar
inkaarid,inkaar
inkaarnaan,inkaar
inkaarnaansho,inkaar
inkaarqabe,inkaar
inkaari,inkaar
inkiro,inkir
inkirid,inkir
inkiraad,inkir
inkirmo,inkir
inkirsan,inkir
inkirsanaan,inkir
inkirsanaansho,inkir
inkira,inkir
innaa,inna
innayd,inna
innagu,inna
innaga,inna
innaan,inna
innana,inna
inqilaabid,inqilaab
inshaadid,inshaad
intifaacid,intifaac
intifaacsad,intifaac
intifaacsasho,intifaac
intifaacso,intifaac
intifaacsado,intifaac
intixaanid,intixaan
intixaannaan,intixaan
intixaannaansho,intixaan
iraaradan,iraarad
iraaradid,iraarad
irmaani,irmaan
irmaanayn,irmaan
irmaaneyn,irmaan
irmaanaa,irmaan
irmaanaan,irmaan
irmaanaansho,irmaan
irmaanee,irmaan
irmaanin,irmaan
irmaansad,irmaan
irmaansasho,irmaan
irmaanso,irmaan
irmaansi,irmaan
irmaank,irmaan
irmaankii,irmaan
irmaanis,irmaan
irmaaniye,irmaan
afdhaafid,afdhaaf
afgaranwaayid,afgaranwaa
isbeddelin,isbeddel
isbeddelay,isbeddel
isbeddelo,isbeddel
isbeddellada,isbeddel
isbeddelku,isbeddel
isbeddelka,isbeddel
isbeddelkaas,isbeddel
isbeddello,isbeddel
isbeddelid,isbeddel
isbeddeleen,isbeddel
isbeddela,isbeddel
isbeddelayo,isbeddel
isbeddeley,isbeddel
isbeddeleyn,isbeddel
isbeddelladaasin,isbeddel
isbeddelayn,isbeddel
isciilkaabin,isciilkaabi
isciilkaabiyid,isciilkaabi
isdaafacid,isdaafac
isdifaacid,isdifaac
isdabamari,isdabamar
isdabamarid,isdabamar
isdabamarin,isdabamar
isdabamaris,isdabamar
isdabamar,isdabamar
isdabammari,isdabammar
isdabammarid,isdabammar
isdabammarin,isdabammar
isdabammaris,isdabammar
isdhaafsata,isdhaaf
isdhaafsasho,isdhaaf
isdhaafsadaan,isdhaaf
isdhaafsan,isdhaaf
isdhaafsiga,isdhaaf
isdhaafshadii,isdhaaf
isdhaafsi,isdhaaf
isdhaafdhaafid,isdhaaf
isdhaafdhaafsan,isdhaaf
isdhaafdhaafay,isdhaaf
isdhaafdhaafsanaan,isdhaaf
isdhaafdhaafsanaansho,isdhaaf
isdhaafi,isdhaaf
isdhaafin,isdhaaf
isdhaafis,isdhaaf
isdhaafsad,isdhaaf
isdhaafsanaan,isdhaaf
isdhaafsanaansho,isdhaaf
isdhaafsanow,isdhaaf
isdhaafidda,isdhaaf
isdhaafsato,isdhaaf
isdhaafinayo,isdhaaf
isdhaafsado,isdhaaf
isdhaafdhaafid,isdhaafdhaaf
isdhaafdhaafsan,isdhaafdhaaf
isdhaafdhaafay,isdhaafdhaaf
isdhaafdhaafsanaan,isdhaafdhaaf
isdhaafdhaafsanaansho,isdhaafdhaaf
isdhinto,isdhin
isdhintay,isdhin
isfantatiirid,isfantatiir
isgaarsiinta,isgaarsiin
isgaarsiintooda,isgaarsiin
isgarabdhigid,isgarabdhig
isgarabtaagid,isgarabtaag
iskayeelyeelid,iskayeelyeel
isyeelyeelid,isyeelyeel
iskuddubbadhacmo,iskuddubbadhac
islaanka,islaan
islaanku,islaan
islaannimo,islaan
dubbarididda,dubbarid
dubbaridid,dubbarid
dubbaridasho,dubbarid
dubbarido,dubbarid
dubbarida,dubbarid
islaaxi,islaax
islaaxid,islaax
islaaxin,islaax
isliska,islis
islisid,islis
ismaalaakadeedid,ismaalaakadeed
ismaandhaafid,ismaandhaaf
ismanshashuurid,ismanshashuur
ismashashuur,ismashashuur
ismashashuurid,ismashashuur
istaagin,istaag
istaagid,istaag
istaaga,istaag
istaagidda,istaag
istaago,istaag
istaagi,istaag
istaagga,istaag
istaagan,istaag
istaagnaan,istaag
istaagnaansho,istaag
istaagsasho,istaag
istaagay,istaag
istaagaan,istaag
istaageyn,istaag
istaahilid,istaahil
istaahila,istaahil
istaahilaan,istaahil
istareexid,istareex
istareexsan,istareex
istareexsanaan,istareex
istareexsanaansho,istareex
isticmaalid,isticmaal
isticmaalaan,isticmaal
isticmaali,isticmaal
isticmaalaa,isticmaal
isticmaalo,isticmaal
isticmaalkeed,isticmaal
isticmaala,isticmaal
isticmaalayo,isticmaal
isticmaalkooda,isticmaal
isticmaalin,isticmaal
isticmaalay,isticmaal
isticmaalka,isticmaal
isticmaalidda,isticmaal
isticmaalaya,isticmaal
isticmaalaysa,isticmaal
isticmaalkood,isticmaal
isticmaalada,isticmaal
istiilid,istiil
istiilka,istiil
isugeynta,isugeyn
isweydaarsi,isweydaar
isweydaarsan,isweydaar
isweydaarsasho,isweydaar
isweydaarin,isweydaar
isweydaarasho,isweydaar
isweydaarinta,isweydaar
iskayeeleel,iskayeeleel
itaaldarro,itaal
itaalka,itaal
itaalid,itaal
itaalsad,itaal
itaalsasho,itaal
itaalso,itaal
itaalsi,itaal
itaalsheegad,itaal
itaalsheegasho,itaal
itaalsheego,itaal
itaalxumo,itaal
itaalkeedu,itaal
itixaanid,itixaan
itixaannaan,itixaan
itixaannaansho,itixaan
ixtiraamid,ixtiraam
jaadad,jaad
jaadadka,jaad
jaadadkiisa,jaad
jaadan,jaad
jaadkaas,jaad
jaadka,jaad
jaademid,jaad
jaadid,jaad
jaadjaad,jaad
jaahwareersan,jaahwareer
jaahwareerid,jaahwareer
jaahwareeri,jaahwareer
jaahwareerin,jaahwareer
jaahwareeray,jaahwareer
jaahwareersanaan,jaahwareer
jaahwareersanaansho,jaahwareer
jahawareersan,jahawareer
jahawareeri,jahawareer
jahawareerin,jahawareer
jahawareerid,jahawareer
jahawareersanaan,jahawareer
jahawareersanaansho,jahawareer
jaajuusid,jaajuus
jaajuusnimo,jaajuus
jaasuusid,jaasuus
jaasuusnimo,jaasuus
jaangooyo,jaan
jaangoysa,jaan
jaangoynaya,jaan
jaanka,jaan
jaanta,jaan
jaango,jaan
jaandheer,jaan
jaangeri,jaan
jaangoo,jaan
jaangooyn,jaan
jaangoyn,jaan
jaanguur,jaan
jaanguuri,jaan
jaanguurid,jaan
jaanguurin,jaan
jaanguuris,jaan
jaanqaadid,jaan
jaanrog,jaan
jaanrogid,jaan
jaansaaran,jaan
jaansaarid,jaan
jaansaarnaan,jaan
jaansaarnaansho,jaan
jaantus,jaan
jaaniin,jaan
jaangooyay,jaan
jaanqaadid,jaanqaad
jaansaaran,jaansaar
jaansaarid,jaansaar
jaansaarnaan,jaansaar
jaansaarnaansho,jaansaar
jaarrin,jaarri
jaawqarreer,jaawqarreer
jaawin,jaawi
jaawis,jaawi
jaawqarrerid,jaawqarrer
jabaqeed,jabaq
jabaqda,jabaq
jabaqdii,jabaq
jabaqdu,jabaq
jacjacid,jacjac
jacjacle,jacjac
jacjaclee,jacjac
jacjacleyn,jacjac
jacjacleys,jacjac
jactadsan,jactad
jactadku,jactad
jactadan,jactad
jactaday,jactad
jactadi,jactad
jactadid,jactad
jactadin,jactad
jactadnaan,jactad
jactadnaansho,jactad
jactadka,jactad
jadeerwacad,jadeerwac
jadeerwacasho,jadeerwac
jadeerwaco,jadeerwac
jafjafid,jafjaf
jahaadid,jahaad
jihaadid,jihaad
jahooyinka,jaho
jahooyin,jaho
jajabyada,jajab
jajabiya,jajab
jajabinta,jajab
jajabo,jajab
jajabsasho,jajab
jajabiso,jajab
jajabay,jajab
jajabkiisa,jajab
jajabka,jajab
jajabe,jajab
jajabow,jajab
jajabnaan,jajab
jajaban,jajab
jajabi,jajab
jajabid,jajab
jajaba,jajab
jajuubid,jajuub
jujuubid,jujuub
jalaalaq,jalaal
jalaalaqayn,jalaal
jalaalaqee,jalaal
jalaalaqo,jalaal
jalaalid,jalaal
jalawsan,jalaw
jalawsanaan,jalaw
jalawsanaansho,jalaw
jalawga,jalaw
jalbeebad,jalbeeb
jalbeebsasho,jalbeeb
jalbeebasho,jalbeeb
jalbeebo,jalbeeb
jalbeebsad,jalbeeb
jalbeebsi,jalbeeb
jalbeebi,jalbeeb
jalbeebin,jalbeeb
jalbeebso,jalbeeb
jalbeebtamid,jalbeeb
jaldisasho,jaldi
jaldiso,jaldi
jaldiyasho,jaldi
jaldiyid,jaldi
jaldiyo,jaldi
jildisasho,jildi
jildiso,jildi
jildiyasho,jildi
jildiyid,jildi
jildin,jildi
jildis,jildi
jildiyo,jildi
jallaadeysnaan,jallaad
jallaadasho,jallaad
jallaado,jallaad
jallaaddee,jallaad
jallaaddeyn,jallaad
jallaadee,jallaad
jallaadeysan,jallaad
jallaadyo,jallaad
jallaadeysnaansho,jallaad
jallaadid,jallaad
jallaadmid,jallaad
jallaadnaan,jallaad
jallaadnaansho,jallaad
jillaadad,jillaad
jillaadasho,jillaad
jillaadid,jillaad
jillaadmid,jillaad
jillaadnaan,jillaad
jillaado,jillaad
jillaadnaansho,jillaad
jambareero,jambareer
jambareerid,jambareer
jambareeroo,jambareer
jambareerood,jambareer
janjeerkeedu,janjeer
janjeerkeeduna,janjeer
janjeerkood,janjeer
janjeerin,janjeer
janjeera,janjeer
janjeersasho,janjeer
janjeeri,janjeer
janjeerid,janjeer
janjeersad,janjeer
janjeersan,janjeer
janjeersanaan,janjeer
janjeersanaansho,janjeer
janjeerso,janjeer
janjeersi,janjeer
janjeersado,janjeer
janjeersanaya,janjeer
janjeero,janjeer
jarabbaran,jarabbar
jarabbarid,jarabbar
jarabbarnaan,jarabbar
jarabbarnaansho,jarabbar
jarabbaray,jarabbar
jaranjar,jaran
jaranjaro,jaran
jaranjarada,jaran
jararaacid,jararaac
jarjarasho,jarjar
jarjarid,jarjar
jarjaris,jarjar
jarjarmid,jarjar
jarjarnaan,jarjar
jarjarnaansho,jarjar
jarjaray,jarjar
jarjaro,jarjar
jawaabayo,jawaab
jawaabtii,jawaab
jawaabid,jawaab
jawaabaya,jawaab
jawaabta,jawaab
jawaabiddeeda,jawaab
jawaabtu,jawaab
jawaabis,jawaab
jawaabaan,jawaab
jawaabuhuna,jawaab
jawaabi,jawaab
jawigu,jawi
jąwraran,jąwr
jąwrarran,jąwr
jąwrarnaan,jąwr
jąwrar,jąwr
jąwrarnaansho,jąwr
jąwrid,jąwr
jowrfaleen,jowr
jowrfalid,jowr
jowrid,jowr
jawraray,jawrar
jawrarid,jawrar
jawrfaleen,jawrfal
jawrfalid,jawrfal
jowrfaleen,jowrfal
jowrfalid,jowrfal
jaynafid,jaynaf
jaynafnimo,jaynaf
jaynafsan,jaynaf
jaynafsanaan,jaynaf
jaynafsanaansho,jaynaf
jebisay,jebis
jebiso,jebis
jebisey,jebis
jeebis,jeeb
jeebka,jeeb
jeeban,jeeb
jeebid,jeeb
jeeble,jeeb
jeebnaan,jeeb
jeebnaansho,jeeb
jeebab,jeeb
jeebkiisa,jeeb
jeedalid,jeedal
jeedalley,jeedal
jeedalka,jeedal
jeedalqawle,jeedal
jeegaanbeeg,jeegaan
jeegaanta,jeegaan
jeelbaxo,jeel
jeelbixin,jeel
jeelagasho,jeel
jeelago,jeel
jeelagid,jeel
jeelka,jeel
jeelbixid,jeel
jeelbixi,jeel
jeelgoo,jeel
jeelgoyn,jeel
jeelid,jeel
jeellan,jeel
jeellanaan,jeel
jeella,jeel
jeellanaansho,jeel
jeelo,jeel
jeelasho,jeel
jeelagasho,jeelag
jeelago,jeelag
jeelagid,jeelag
jeelbaxo,jeelbax
jeeqaaqid,jeeqaaq
jeermiga,jeer
jeermiyaal,jeer
jeermi,jeer
jeermigii,jeer
jeerinka,jeer
jeermidile,jeer
jeermaniyam,jeer
jeeraari,jeer
jeeraaro,jeer
jeeraarin,jeer
jeeraro,jeer
jeerarin,jeer
jeerin,jeer
jeerjeer,jeer
jeermiyada,jeer
jeermisdile,jeer
jeermis,jeer
jeermiska,jeer
jeermidileyaal,jeer
jeermitir,jeer
jeermitire,jeer
jeermitirid,jeer
jeerna,jeer
jeermigu,jeer
jeerinkana,jeer
jeermigiisa,jeer
jeesjeesid,jeesjees
jeexeed,jeex
jeexeen,jeex
jeexjeexmay,jeex
jeexjeexyada,jeex
jeexa,jeex
jeexdaa,jeex
jeexin,jeex
jeexid,jeex
jeexayo,jeex
jeexanka,jeex
jeexjeex,jeex
jeexmid,jeex
jeexasho,jeex
jeexay,jeex
jeexjeexasho,jeex
jeexjeexa,jeex
jeexda,jeex
jeexane,jeex
jeexdin,jeex
jeexgogol,jeex
jeexnaan,jeex
jeexnaansho,jeex
jeexyada,jeex
jeexjeexo,jeex
jeexanka,jeexan
jeexane,jeexan
jeldisasho,jeldi
jeldiso,jeldi
jeldiyasho,jeldi
jeldiyid,jeldi
jeldiyo,jeldi
jibaadgaabis,jibaad
jibaadid,jibaad
jibaadaan,jibaad
jibaalee,jibaal
jibaaleyn,jibaal
jibaaleys,jibaal
jibaalid,jibaal
jibaaxda,jibaax
jibaaxid,jibaax
jibaaxay,jibaax
jibaggaarid,jibaggaar
jibakeenid,jibakeen
jibbaaro,jibbaar
jibbaaran,jibbaar
jibbaarka,jibbaar
jibbaarrada,jibbaar
jibbaaray,jibbaar
jibbaarnaan,jibbaar
jibbaarnaansho,jibbaar
jibbaarane,jibbaar
jibbaarkeedu,jibbaar
jidaalid,jidaal
jidaalis,jidaal
jidiinqallalid,jidiinqallal
jihooyinka,jiho
jihooyin,jiho
jiidanayo,jiidan
jiidanta,jiidan
jiidood,jiido
jiifey,jiif
jiifto,jiif
jiifaa,jiif
jiifa,jiif
jiifid,jiif
jiifsasho,jiif
jiifin,jiif
jiifo,jiif
jiifi,jiif
jiifsad,jiif
jiifso,jiif
jiifta,jiif
jiifba,jiif
jiifku,jiif
jiifiyo,jiif
jiifaan,jiif
jiifka,jiif
jiilaalka,jiil
jiilaashad,jiil
jiilaasho,jiil
jiilaashi,jiil
jiilaashin,jiil
jiilid,jiil
jiilaalku,jiil
jiilaalkii,jiil
jiilba,jiil
jiilaaladuna,jiil
jiilaalkuna,jiil
jiilaalka,jiilaal
jiilaalku,jiilaal
jiilaalkii,jiilaal
jiilaaladuna,jiilaal
jiilaalkuna,jiilaal
jiirka,jiir
jiirago,jiir
jiiro,jiir
jiirid,jiir
jiirasho,jiir
jiiraan,jiir
jiiraggo,jiir
jiirgo,jiir
jiirnicid,jiir
jiirnixid,jiir
jiirsii,jiir
jiirsiin,jiir
jiira,jiir
jiiris,jiir
jiirayaan,jiir
jiirada,jiir
jikaarid,jikaar
jikaartamid,jikaar
jilbajoogid,jilbajoog
jilbajoogsad,jilbajoog
jilbajoogsasho,jilbajoog
jilbajoogso,jilbajoog
jilbajoogsi,jilbajoog
jilibka,jilib
jilibdhigid,jilib
jilibdhigasho,jilib
jilibdhigo,jilib
jiliblaab,jilib
jilibixirid,jilib
jilibxiran,jilib
jilibxirid,jilib
jilibixir,jilib
jilibxirnaan,jilib
jilibxirnaansho,jilib
jilibdhigid,jilibdhig
jilibdhigasho,jilibdhig
jilibdhigo,jilibdhig
jilibxiran,jilibxir
jilibxirid,jilibxir
jilibxirnaan,jilibxir
jilibxirnaansho,jilibxir
jilibixirid,jilibixir
jilibixir,jilibixir
jillaabto,jillaab
jillaabid,jillaab
jillaabad,jillaab
jillaabasho,jillaab
jimbacad,jimbac
jimbacasho,jimbac
jimbacay,jimbac
jimbacmid,jimbac
jimbacnaan,jimbac
jimbaco,jimbac
jimiimicid,jimiimic
jimirricid,jimirric
junubid,junub
junuubid,junuub
jinsiyadaha,jinsi
jinsiyad,jinsi
jinsiyeedka,jinsi
jinsiyadlaawe,jinsi
jinsiyada,jinsi
jinsilaawe,jinsi
jinsila,jinsi
jinsiyo,jinsi
ribanaanta,riban
jirraaqid,jirraaq
jirraaqis,jirraaq
jirraaqo,jirraaq
jirrabid,jirrab
jirrabaad,jirrab
jirrabmid,jirrab
jirrabnaan,jirrab
jirrabnaansho,jirrab
jirroole,jirro
jirrow,jirro
jixinjixid,jixinjix
johorad,johor
joogte,joog
joogta,joog
joogga,joog
joogsato,joog
joogsi,joog
jooga,joog
joogo,joog
joogay,joog
joognimo,joog
joogin,joog
joogteysaa,joog
joogsadaan,joog
joogteysato,joog
jooggiisu,joog
joogtada,joog
joogsashada,joog
joogtayn,joog
joogtaysasho,joog
joogi,joog
joogeen,joog
joogsad,joog
joogteynta,joog
joogsatay,joog
joogid,joog
joogtay,joog
joogsado,joog
joogsada,joog
joogey,joog
joogsasho,joog
joogaba,joog
joogteeyaa,joog
joogiddiisu,joog
joogaa,joog
joogeeduna,joog
joogjoogsi,joog
jooggoodu,joog
joogajooge,joog
joogsanayn,joog
joogbeege,joog
joogis,joog
joogjoog,joog
joogjooge,joog
joogjoogid,joog
joogjoogle,joog
joogjoogsad,joog
joogjoogsasho,joog
joogjoogso,joog
joogso,joog
joogtee,joog
joogteyn,joog
jooggeedu,joog
joogista,joog
joogtaynta,joog
joogistiisa,joog
joogayaa,joog
jooggu,joog
joogaan,joog
joogtid,joog
jooge,joog
joogtana,joog
jululid,julul
junuunid,junuun
juudaanka,juudaan
juuqi,juuq
juuqid,juuq
juuqin,juuq
juuqis,juuq
juuqjuuqid,juuq
juuqjuuqid,juuqjuuq
kaasoo,kaas
kaashadaan,kaas
kaasi,kaas
kaashad,kaas
kaasho,kaas
kaashi,kaas
kaashasho,kaas
kaashanayo,kaas
kaashiga,kaas
kaadiy,kaad
kaaday,kaad
kaadida,kaad
kaadimacaan,kaad
kaadimareenka,kaad
kaadihays,kaad
kaadihaysta,kaad
kaadirabid,kaad
kaadidu,kaad
kaadar,kaad
kaadir,kaad
kaaddhal,kaad
kaaddhalnimo,kaad
kaadibadshe,kaad
kaadicaso,kaad
kaadiduna,kaad
kaadidana,kaad
kaadigubasho,kaad
kaadimaren,kaad
kaadiqabad,kaad
kaadimma,kaad
kaadimmacaan,kaad
kaadin,kaad
kaadiyid,kaad
kaadiraac,kaad
kaadiraaci,kaad
kaadiraacin,kaad
kaadiraacis,kaad
kaadish,kaad
kaadishiil,kaad
kaadishirid,kaad
kaadisokorow,kaad
kaadsad,kaad
kaadsasho,kaad
kaadsanla,kaad
kaadso,kaad
kaadsi,kaad
kaadshid,kaad
kaadshii,kaad
kaadshiin,kaad
kaadsiinyo,kaad
kaadsho,kaad
kaadshaya,kaad
kaadshayo,kaad
kaadiyo,kaad
kaadinayo,kaad
kaada,kaad
kaadiy,kaadi
kaadida,kaadi
kaadimacaan,kaadi
kaadimareenka,kaadi
kaadihays,kaadi
kaadihaysta,kaadi
kaadirabid,kaadi
kaadidu,kaadi
kaadir,kaadi
kaadibadshe,kaadi
kaadicaso,kaadi
kaadiduna,kaadi
kaadidana,kaadi
kaadigubasho,kaadi
kaadimaren,kaadi
kaadiqabad,kaadi
kaadimma,kaadi
kaadimmacaan,kaadi
kaadin,kaadi
kaadiyid,kaadi
kaadiraac,kaadi
kaadiraaci,kaadi
kaadiraacin,kaadi
kaadiraacis,kaadi
kaadish,kaadi
kaadishiil,kaadi
kaadishirid,kaadi
kaadisokorow,kaadi
kaadiyo,kaadi
kaadinayo,kaadi
kaadimareenka,kaadimareen
kaadishirid,kaadishir
kaafiya,kaafi
kaafir,kaafi
kaafirad,kaafi
kaafiriin,kaafi
kaafiyid,kaafi
kaafiga,kaafi
kufrin,kufri
kufriyid,kufri
kufrinnimo,kufri
kufrisii,kufri
kufrisiin,kufri
kaaftoonto,kaaftoon
kaaftoonkooda,kaaftoon
kaaftoonka,kaaftoon
Kaaga,Kaaga
kaaha,kaah
kaahyada,kaah
kaahfale,kaah
kaahfaleed,kaah
kaahfal,kaah
kaahfala,kaah
kaahinta,kaah
kaaheedu,kaah
kaahfalid,kaah
kaahi,kaah
kaahid,kaah
kaahda,kaah
kaahiyo,kaah
kaahinta,kaahin
kaalmeyn,kaal
kaalmo,kaal
kaalsiyam,kaal
kaalmayn,kaal
kaalinka,kaal
kaalshiyam,kaal
kaalshum,kaal
kaale,kaal
kaaliyo,kaal
kaalkaaliyaha,kaal
kaali,kaal
kaalandar,kaal
kaalay,kaal
kaalaya,kaal
kaalbaa,kaal
kaalid,kaal
kaaliyam,kaal
kaaliye,kaal
kaalmee,kaal
kaalmaysasho,kaal
kaalmayso,kaal
kaalmaysi,kaal
kaalo,kaal
kaalori,kaal
kaalmeyso,kaal
kaalmeeyo,kaal
kaaliya,kaal
kaalma,kaal
kaalnaansho,kaal
kaalso,kaal
kaalmaynayo,kaal
kaalinta,kaal
kaalintoodu,kaal
kaalimo,kaal
kaala,kaal
kaalinka,kaalin
kaalinta,kaalin
kaalintoodu,kaalin
kaamilay,kaamil
kaamilid,kaamil
kaamilmid,kaamil
kaamilnaan,kaamil
kaamilnaansho,kaamil
kaamild,kaamil
kaartis,kaar
kaarboon,kaar
kaarbogsayl,kaar
kaarboonka,kaar
kaarboogsayl,kaar
kaarboonatam,kaar
kaarboonig,kaar
kaarto,kaar
kaarbonayt,kaar
kaarbal,kaar
kaarboneyt,kaar
kaarbooneytyada,kaar
kaarboonayt,kaar
kaarboo,kaar
kaarbohaydrayt,kaar
kaarboohaydraytyada,kaar
kaart,kaar
kaarid,kaar
kaarad,kaar
kaarbogsilik,kaar
kaarboohaydrayt,kaar
kaarbo,kaar
kaarbuuno,kaar
kaarotiin,kaar
kaarotinoydh,kaar
kaarran,kaar
kaarranaan,kaar
kaarranaansho,kaar
kaaranaan,kaar
kaartabollaato,kaar
kaartoogaraafiyada,kaar
kaartooyinka,kaar
kaara,kaar
kaarboohoydraytyada,kaar
kaarboohaydaytyo,kaar
kaarboonaydr,kaar
kaarboonku,kaar
kaarboohydraytyada,kaar
kaarbooneyt,kaar
kaarbale,kaar
kaarbalka,kaar
kaarbooney,kaar
kaawiyadeeyo,kaawi
kaawiyad,kaawi
kaawin,kaawi
kaawiyadayn,kaawi
kaawiyadee,kaawi
kaawiyadeysan,kaawi
kaawiyadeeyay,kaawi
kaawiyadeysnaan,kaawi
kaawiyadeysnaansho,kaawi
kaayay,kaay
kaayday,kaay
kaayi,kaay
kaaye,kaay
kaayeysasho,kaay
kaayeyso,kaay
kaayeysi,kaay
kaayid,kaay
kaaysasho,kaay
kaayso,kaay
Kayaga,Kayaga
kabarray,kabar
kabaraadid,kabar
kabaraadis,kabar
kabardillaacsasho,kabar
kabardillaacsi,kabar
kabardillaacso,kabar
kabare,kabar
kabaro,kabar
kabaraadid,kabaraad
kabaraadis,kabaraad
kabasiibid,kabasiib
kabawaarid,kabawaar
kabawaari,kabawaar
kabawaaris,kabawaar
kabawaarin,kabawaar
kabawaaro,kabawaar
kawaweerid,kawaweer
kawaweeris,kawaweer
kawaweero,kawaweer
kabbaxu,kabbax
kabbaxeed,kabbax
kabbisanta,kabbis
kabbisiin,kabbis
kabbisan,kabbis
kabbisid,kabbis
kabbisii,kabbis
kabbisnaan,kabbis
kabbisnaansho,kabbis
kabbisay,kabbis
kebbisan,kebbis
kebbisid,kebbis
kebbisii,kebbis
kebbisiin,kebbis
kebbisnaan,kebbis
kebbisnaansho,kebbis
kabboo,kabbo
kabboosho,kabbo
kabrarid,kabrar
kabrarro,kabrar
kabtin,kabti
kabtiyid,kabti
kacaankii,kacaan
kacaanad,kacaan
kacaandiid,kacaan
kacaannimo,kacaan
kacdoodid,kacdood
kadaalliyid,kadaalli
kadalloobid,kadalloob
kadalloobi,kadalloob
kadalloobin,kadalloob
kadalloobsad,kadalloob
kadalloobsasho,kadalloob
kadalloobsan,kadalloob
kadalloobay,kadalloob
kadalloobsanaan,kadalloob
kadalloobsanaansho,kadalloob
kadalloobso,kadalloob
kadalloobsi,kadalloob
kadankoodid,kadankood
kadankoodsad,kadankood
kadankoodsasho,kadankood
kadankoodsan,kadankood
kadankooday,kadankood
kadankoodsanaan,kadankood
kadankoodsanaansho,kadankood
kadankoodso,kadankood
kadankoodsi,kadankood
kaddibna,kaddib
kaddibaad,kaddib
kaddibid,kaddib
kaddibiye,kaddib
kadeeday,kadeed
kadeedid,kadeed
kadeedmid,kadeed
kadeednaan,kadeed
kadeednaansho,kadeed
kaduudnaansho,kaduud
kaduudid,kaduud
kaduuday,kaduud
kaduudi,kaduud
kaduudin,kaduud
kaduudmid,kaduud
kaduudnaan,kaduud
kaduudka,kaduud
kuduudan,kuduud
kuduudi,kuduud
kuduudid,kuduud
kuduudin,kuduud
kuduudnaan,kuduud
kuduudnaansho,kuduud
kuduudiya,kuduud
kafaalaqaadid,kafaalaqaad
karfanid,karfan
kaftandhable,kaftan
kaftanlow,kaftan
kahsitire,kahsi
kalabbarasho,kalabbar
kalabbaro,kalabbar
kalabbarid,kalabbar
kalabbarmid,kalabbar
kalabbarnaan,kalabbar
kalabbarnaansho,kalabbar
kalabbartan,kalabbar
kalabbare,kalabbar
kalabbarka,kalabbar
kalabbaxsan,kalabbax
kalabbaxay,kalabbax
kalabbaxsanaan,kalabbax
kalabbaxsanaansho,kalabbax
kalabbaxsasho,kalabbax
kalabbaxso,kalabbax
kalabbaxa,kalabbax
kalabboodid,kalabbood
kalabboodsan,kalabbood
kalabbooday,kalabbood
kalabboodsanaan,kalabbood
kalabboodsanaansho,kalabbood
kalafuqid,kalafuq
kalafuqsad,kalafuq
kalafuqsasho,kalafuq
kalafuqsan,kalafuq
kalafuqsanaan,kalafuq
kalafuqsanaansho,kalafuq
kalafuqso,kalafuq
kalafuqsi,kalafuq
kalagguurid,kalagguur
kalagguuris,kalagguur
kalaqaadid,kalaqaad
kalasoocmid,kalasooc
kalasoocnaan,kalasooc
kalasoocnaansho,kalasooc
kalkaalo,kalkaal
kalkaalid,kalkaal
kalkaaliso,kalkaal
kalkaaliye,kalkaal
kalkaaliya,kalkaal
kallahaad,kallah
kallaho,kallah
kallahid,kallah
kallahsan,kallah
kallahsanaan,kallah
kallahsanaansho,kallah
kalleetiyid,kalleeti
kallifid,kallif
kalliftay,kallif
kamandhuurid,kamandhuur
kambalid,kambal
kanjabid,kanjab
karaarka,karaar
karaari,karaar
karaarid,karaar
karaarin,karaar
karaaris,karaar
karan ,karan
karantiil,karan
karantiinku,karan
karantiilid,karan
karantiinku,karantiin
karbaashid,karbaash
karinayo,karin
karinta,karin
karinbillayn,karin
karinbillee,karin
karinbillaysad,karin
karinbillaysasho,karin
karinbillaysan,karin
karinbillo,karin
karinbillayso,karin
karinbillaysi,karin
karinbillaysnaan,karin
karinbillaysnaansho,karin
karinbillays,karin
karinbille,karin
karingaabad,karin
karinaayo,karin
karinnada,karin
karoorad,karoor
karooran,karoor
karoorasho,karoor
karoorid,karoor
karoornaan,karoor
karoornaansho,karoor
karooro,karoor
karoorka,karoor
karuurasho,karuur
karuuro,karuur
karuur ,karuur
karuurad,karuur
karuuran ,karuur
karuurid,karuur
karuurmid,karuur
karuurnaan,karuur
karuurnaansho,karuur
karuuran ,karuuran
kashifta,kashif
kashifid,kashif
kashifaad,kashif
kashifmid,kashif
kashifnaan,kashif
kashifnaansho,kashif
kashifo,kashif
kashkaashad,kashkaash
kashkaasho,kashkaash
kashkaashan,kashkaash
kashkaashay,kashkaash
kashkaashid,kashkaash
kashkaashis,kashkaash
kashkaashnaan,kashkaash
kashkaashnaansho,kashkaash
kawaanle,kawaan
kawaan,kawaan
kawaanasho,kawaan
kawaano,kawaan
kawaanid,kawaan
kawaanley,kawaan
kawdiidi,kawdiid
kawdiidid,kawdiid
kawdiidin,kawdiid
kawirasho,kawir
kawiro,kawir
kawirid,kawir
kawirka,kawir
kawkabid,kawkab
kawlid,kawl
shawlid,shawl
shawlax,shawl
shawlaxo,shawl
shawle,shawl
kayni,kayn
kaynaani,kayn
kaynaanid,kayn
kaynaanin,kayn
kaynroobaad,kayn
kaynta,kayn
kaynosoyik,kayn
kaynaha,kayn
kaynaani,kaynaan
kaynaanid,kaynaan
kaynaanin,kaynaan
kediso,kedi
kedis,kedi
kediga,kedi
kedin,kedi
kediyo,kedi
keenay,keen
keeneysaa,keen
keenid,keen
keena,keen
keentay,keen
keenaan,keen
keeno,keen
keento,keen
keeni,keen
keenta,keen
keene,keen
keenin,keen
keeneen,keen
keentaa,keen
keenaa,keen
keenayana,keen
keenidda,keen
keensasho,keen
keeneeyo,keen
keeneysa,keen
keenaysana,keen
keensanayaba,keen
keenayn,keen
keenee,keen
keenis,keen
keensad,keen
keenso,keen
keenana,keen
keentana,keen
keenaaya,keen
keenayo,keen
keenayaasha,keen
keeratoosis,keer
keliyah,keli
keliya,keli
kelida,keli
keligii,keli
kelikeli,keli
keliyaysteen,keli
keliyaysasho,keli
keliyeysasho,keli
keliyaale,keli
keligiis,keli
kelidiis,keli
keligitaliye,keli
keligi,keli
keligoodtashadayaal,keli
kelitashad,keli
kelitashi,keli
keligillabe,keli
keligood,keli
kelinnimo,keli
keligitashade,keli
keligitashe,keli
kelitalis,keli
keliyeysad,keli
keliyeyso,keli
keliyada,keli
keligooda,keli
keligiisa,keli
keliga,keli
keligoodu,keli
keligeed,keli
kelid,keli
kellida,kelli
kellibalow,kelli
kelliggub,kelli
kellijuluqle,kelli
kellifid,kelli
kelliyood,kelli
keyrkeyri,keyrkeyr
keyrkeyrid,keyrkeyr
keyrkeyrin,keyrkeyr
khaashid,khaash
khaawisid,khaawis
khaayirid,khaayir
khaayisid,khaayis
khabaarid,khabaar
khabaarsad,khabaar
khabaarsasho,khabaar
khabaarso,khabaar
khabaarsi,khabaar
khabareed,khabar
khabarka,khabar
khabarsasho,khabar
khabarsad,khabar
khabarso,khabar
khabarsi,khabar
khaddaabid,khaddaab
khaddifid,khaddif
khaddifsan,khaddif
khaddifsanaan,khaddif
khaddifsanaansho,khaddif
khatifid,khatif
khatifsanaan,khatif
khatifsan,khatif
khatifsa,khatif
khatifsanaansho,khatif
khafiifiyo,khafiif
khafiifa,khafiif
khafiifi,khafiif
khafiifid,khafiif
khafiifin,khafiif
khafiifis,khafiif
khafiifnimo,khafiif
khafiifsan,khafiif
khafiifsanaan,khafiif
khafiifsanaansho,khafiif
khafiifna,khafiif
khafiifka,khafiif
khajalid,khajal
khajilaad,khajil
khajilid,khajil
khaliifay,khaliif
khaliifan,khaliif
khaliifid,khaliif
khaliifnaan,khaliif
khaliifnaansho,khaliif
khaliifnimo,khaliif
khaliifkooda,khaliif
khaljiyid,khalji
khalkhalgeli,khalkhal
khalkhali,khalkhal
khalkhalgelin,khalkhal
khalkhalin,khalkhal
khalkhalgelis,khalkhal
khalkhalid,khalkhal
khalkhalis,khalkhal
khalkhalsan,khalkhal
khalkhalsanaan,khalkhal
khalkhalsanaansho,khalkhal
khalkhalay,khalkhal
khamaarid,khamaar
khammaaro,khammaar
khammaarid,khammaar
khamaasid,khamaas
khamiirinta,khamiir
khamiiray,khamiir
khamiirin,khamiir
khamiiriyay,khamiir
khamiiri,khamiir
khamiirsan,khamiir
khamiirsanaan,khamiir
khamiirsasho,khamiir
khamiirsi,khamiir
khamiirso,khamiir
khamiista,khamiis
kharaabi,kharaab
kharaabid,kharaab
kharaabin,kharaab
kharaabsan,kharaab
kharaabay,kharaab
kharaabsanaan,kharaab
kharaabsanaansho,kharaab
kharraabiyey,kharraab
kharraabi,kharraab
kharraabsan,kharraab
kharraabsanaan,kharraab
kharraabsanaansh,kharraab
kharraabin,kharraab
kharraabsanaansho,kharraab
khariifid,khariif
kharribaad,kharrib
kharribay,kharrib
kharribid,kharrib
kharribmid,kharrib
kharribnaan,kharrib
kharribnaansho,kharrib
khasabtahay,khasab
khashkhashaad,khashkhash
khashkhashid,khashkhash
qashqashaad,qashqash
qashqashid,qashqash
khashuucid,khashuuc
khashuucsan,khashuuc
khashuucsanaan,khashuuc
khashuucsanaansho,khashuuc
khushuucid,khushuuc
khushuucsan,khushuuc
khushuucsanaan,khushuuc
khushuucsanaans,khushuuc
khushuucsanaansho,khushuuc
khasifid,khasif
khasirid,khasir
khasiraad,khasir
khatalid,khatal
khatalmid,khatal
khatalaad,khatal
khatalay,khatal
khatalnaan,khatal
khatalnaansho,khatal
khatalo,khatal
khatalmay,khatal
khilaafsan,khilaaf
khilaafid,khilaaf
khilaafo,khilaaf
khilaafsanaan,khilaaf
khilaafsanaansho,khilaaf
khilaafsanyihiin,khilaaf
khoofid,khoof
khuuris,khuuri
khuurin,khuuri
kibirin,kibir
kibirsan,kibir
kibirsanaan,kibir
kibirsanaansho,kibir
kicineysa,kicin
kidfanaan,kidfan
kidfanaansho,kidfan
kifaaxid,kifaax
kiilogaraam,kiil
kiilogaram,kiil
kiilad,kiil
kiilasho,kiil
kiilan,kiil
kiilay,kiil
kiilayn,kiil
kiilee,kiil
kiilid,kiil
kiilnaan,kiil
kiilnaansho,kiil
kiilomitir,kiil
kiilowaat,kiil
kiiloogaraam,kiil
kiiloo,kiil
kiilogaraam,kiilo
kiilogaram,kiilo
kiilomitir,kiilo
kiilowaat,kiilo
kiiloogaraam,kiilo
kiiloo,kiilo
kiina,kiin
kiintaal,kiin
kiinjo,kiin
kiinje,kiin
kiishay,kiis
kiish,kiis
kiisii,kiis
kiishfaxalka,kiis
kiishfaxal,kiis
kiishyaro,kiis
kiisana,kiis
kiisad,kiis
kiishad,kiis
kiishka,kiis
kiisid,kiis
kiismiskiin,kiis
kiisu,kiis
kiisuna,kiis
kiisana,kiisa
kiisad,kiisa
kilkilooyinka,kilkil
kilkilada,kilkil
kilkilayn,kilkil
kilkilee,kilkil
kilkilays,kilkil
kilkilid,kilkil
kilkilo,kilkil
kilkiluhu,kilkil
killaal,killaal
kirkirid,kirkir
kirkirmid,kirkir
kirkirnaan,kirkir
kirkirnaansho,kirkir
kirkirre,kirkir
kirkiran,kirkiran
kirtanka,kirtan
kitaabfurid,kitaabfur
kobocsan,koboc
kobocsanaan,koboc
kobocsanaansho,koboc
kobocsasho,koboc
kobocso,koboc
kontoroolan,kontorool
kontoroolay,kontorool
kontoroolasho,kontorool
kontoroolo,kontorool
kontoroolid,kontorool
kontoroolnaan,kontorool
kontoroolnaansho,kontorool
kolkolna,kolkol
koobay,koob
koobani,koob
koobanyahay,koob
koobantahay,koob
koobo,koob
koobi,koob
koobaysa,koob
koobanyihiin,koob
koobane,koob
koobnaado,koob
kooba,koob
koobnaan,koob
koobnaa,koob
koobaabin,koob
koobaaban,koob
koobaabasho,koob
koobaabid,koob
koobaabo,koob
koobka,koob
koobta,koob
koobaad,koob
koobiga,koob
koobaabnaan,koob
koobaabnaansho,koob
koobmay,koob
koobid,koob
koobin,koob
koobir,koob
koobmid,koob
koobniin,koob
koobnaansho,koob
koobmo,koob
koobaya,koob
koobanyahana,koob
koobisa,koob
koobaynaa,koob
koobaabin,koobaab
koobaaban,koobaab
koobaabasho,koobaab
koobaabid,koobaab
koobaabo,koobaab
koobaabnaan,koobaab
koobaabnaansho,koobaab
koobani,kooban
koobanyahay,kooban
koobantahay,kooban
koobanyihiin,kooban
koobane,kooban
koobanyahana,kooban
koodadka,kood
koodari,kood
koodh,kood
koodsan,kood
koodsanaan,kood
koodka,kood
koodhi,kood
koodhiin,kood
koodi,kood
koodin,kood
koodis,kood
koodu,kood
koodadka,kooda
koodari,kooda
koore,koor
koorahu,koor
koora,koor
kooraha,koor
koorta,koor
koordhaata,koor
koorniya,koor
koorabixis,koor
kooraggooye,koor
kooraggooyennimo,koor
kooraqore,koor
koorasaar,koor
koorayn,koor
kooree,koor
koori,koor
koorib,koor
koorid,koor
koorin,koor
koorkoox,koor
koorrib,koor
kooruhu,koor
koranwaayid,koranwaa
kordhisa,kordhis
kordhisasho,kordhis
kordhiso,kordhis
kormeerid,kormeer
kormeere,kormeer
kormeero,kormeer
koronkoraysad,koronkor
koronkoraysasho,koronkor
koronkorayso,koronkor
koronkoraysi,koronkor
koronkorro,koronkor
kororsasho,koror
kororsiimo,koror
kororsaday,koror
korortay,koror
kororta,koror
kororka,koror
kororsad,koror
kororso,koror
kororsi,koror
kororsan,koror
korsaaro,korsaar
korsaaran,korsaar
korsaarid,korsaar
korsaarnaan,korsaar
korsaarnaansho,korsaar
korsoohid,korsooh
kudaalid,kudaal
kufkufo,kufkuf
kufkufasho,kufkuf
kufkufid,kufkuf
kuhaanlow,kuhaan
kuhaanka,kuhaan
kulaalayda,kulaal
kulaalay,kulaal
kulaaleyda,kulaal
kulaale,kulaal
kulaaleyaasha,kulaal
kulaalaha,kulaal
kulaalayaal,kulaal
kulaalid,kulaal
kulaalayaasha,kulaal
kulanka,kulan
kulannada,kulan
kulantay,kulan
kulansaday,kulan
kulanto,kulan
kulanno,kulan
kulansiin,kulan
kulannadeedu,kulan
kulanti,kulan
kulansan,kulan
kulansanaan,kulan
kulansanaansho,kulan
kulanta,kulan
kulansatay,kulan
kuldiiri,kuldiir
kuldiirid,kuldiir
kuldiirin,kuldiir
kuldiiris,kuldiir
kulmiska,kulmis
kulmisyo,kulmis
kuududid,kuudud
kuududi,kuudud
kuududin,kuudud
kuududiye,kuudud
kuududshe,kuudud
kuulam,kuul
kuulad,kuul
kuulasho,kuul
kuulan,kuul
kuulo,kuul
kuuli,kuul
kuulid,kuul
kuulnaan,kuul
kuulnaansho,kuul
kuula,kuul
kuurgelid,kuur
kuurid,kuur
kuurgelidda,kuur
kuurgalaya,kuur
kuurgeli,kuur
kuurgelin,kuur
kuuri,kuur
kuurin,kuur
kuurkuursad,kuur
kuurkuursasho,kuur
kuurkuurso,kuur
kuurkuursi,kuur
kuurgalaya,kuurgal
kuuskuusan,kuus
kuuskuusanta,kuus
kuusanyahay,kuus
kuuska,kuus
kuusmid,kuus
kuusid,kuus
kuuskuuso,kuus
kuusnaansho,kuus
kuusad,kuus
kuusin,kuus
kuuskuus,kuus
kuuskuusid,kuus
kuusnaan,kuus
kuusni,kuus
kuusha,kuus
kuusanta,kuus
kuusanyahay,kuusan
kuusanta,kuusan
tumaati,tuma
tumaaluhu,tuma
tumay,tuma
tumayo,tuma
tuman,tuma
tumaalku,tuma
tumasho,tuma
tuma,tuma
tumaali,tuma
tumato,tuma
teeda,teeda
laabatay,laab
laabta,laab
laabqaboojis,laab
laabo,laab
laabay,laab
laabi,laab
laabxuunshada,laab
laabid,laab
laabto,laab
laablaabid,laab
laabmayaan,laab
laabkooda,laab
laabato,laab
laabtiisu,laab
laabmaan,laab
laab ,laab
laabad,laab
laabasho,laab
laabbis,laab
laabniin,laab
laabjeex,laab
laabqarrar,laab
laabla,laab
laablaabad,laab
laablaabasho,laab
laablaabo,laab
laablaabmid,laab
laablaabnaan,laab
laablaabnaansho,laab
laablakac,laab
laablakicid,laab
laabmid,laab
laabnaan,laab
laabnaansho,laab
laabni,laab
laabqoyanaan,laab
laabqoyanaansho,laab
laabraacid,laab
laabsami,laab
laabtaxaw,laab
laabxuunsho,laab
laabtuurle,laab
laabidda,laab
laabaa,laab
laabmayn,laab
laabtu,laab
laabani,laab
laabanta,laab
laabashada,laab
laabyo,laab
laabtaan,laab
laabantahay,laab
laabmayso,laab
laabatadiisa,laab
laabani,laaban
laabanta,laaban
laabantahay,laaban
laablaabid,laablaab
laablaabad,laablaab
laablaabasho,laablaab
laablaabo,laablaab
laablaabmid,laablaab
laablaabnaan,laablaab
laablaabnaansho,laablaab
laabqoyanaan,laabqoyan
laabqoyanaansho,laabqoyan
laabraacid,laabraac
laacid,laac
laacayaal,laac
laacdamid,laac
laactamid,laac
laace,laac
laaceyaashiisu,laac
laacib,laac
laacayaasha,laac
laacsan,laac
laaday,laad
laadid,laad
laado,laad
laadis,laad
laadhan,laad
laadadyo,laad
laadadyoo,laad
laadadyood,laad
laadasho,laad
laadaan,laad
laada,laad
laafadu,laaf
laafid,laaf
laafyo,laaf
laafyoo,laaf
laafyood,laaf
laagtika,laag
laagtig,laag
laageed,laag
laagtaas,laag
laageedkaas,laag
laagfaaf,laag
laagwebi,laag
laagihiis,laag
laalaaban,laal
laallaadda,laal
laalaab,laal
laallaada,laal
laaluushid,laal
laalaadin,laal
laalaadaan,laal
laalaabid,laal
laalaadda,laal
laalaada,laal
laalaabasho,laal
laallaadiyo,laal
laallaadin,laal
laallaadsasho,laal
laallaaddaa,laal
laalaabka,laal
laalaadiyo,laal
laaluusho,laal
laalaqsanaan,laal
laallaabmid,laal
laallaabyo,laal
laallaabata,laal
laallaabad,laal
laallaabasho,laal
laallaabid,laal
laallaabnaan,laal
laallaabnaansho,laal
laallaabo,laal
laalacshoobid,laal
laalacshoomid,laal
laali,laal
laalid,laal
laalis,laal
laalin,laal
laallaadi,laal
laallaadid,laal
laalaadis,laal
laallaadsan,laal
laallaadsanaan,laal
laallaadsanaansho,laal
laalmid,laal
laalnaan,laal
laalnaansho,laal
laaluushad,laal
laaluushan,laal
laaluushnaan,laal
laaluushnaansho,laal
laalaadinaya,laal
laallaadinaya,laal
laallaadsho,laal
laalaadsasho,laal
laallaabma,laal
loola,lool
loolka,lool
loolal,lool
loolalka,lool
loollamid,lool
loolad,lool
loolasho,lool
loolo,lool
looli,lool
loolib,lool
loolid,lool
loolin,lool
loolli,lool
loolsad,lool
loolsasho,lool
loolsan,lool
looliyey,lool
loolsanaan,lool
loolsanaansho,lool
loolso,lool
loolsi,lool
laalacshoobid,laalac
laalacshoomid,laalac
laallaabmid,laallaab
laallaabyo,laallaab
laallaabata,laallaab
laallaabad,laallaab
laallaabasho,laallaab
laallaabid,laallaab
laallaabnaan,laallaab
laallaabnaansho,laallaab
laallaabo,laallaab
laallaabma,laallaab
laallaadda,laallaad
laallaada,laallaad
laallaadiyo,laallaad
laallaadin,laallaad
laallaadsasho,laallaad
laallaaddaa,laallaad
laallaadi,laallaad
laallaadid,laallaad
laallaadsan,laallaad
laallaadsanaan,laallaad
laallaadsanaansho,laallaad
laallaadinaya,laallaad
laallaadsho,laallaad
laaluushid,laaluush
laaluusho,laaluush
laaluushad,laaluush
laaluushan,laaluush
laaluushnaan,laaluush
laaluushnaansho,laaluush
laangooyo,laan
laanlaan,laan
laanta,laan
laanna,laan
laanqayr,laan
laangarre,laan
laancaddaad,laan
laancigaaleed,laan
laandeyr,laan
laandheer,laan
laandheeraan,laan
laandheeraansho,laan
laandheeri,laan
laandheere,laan
laandhici,laan
laandhicin,laan
laandhicis,laan
laangare,laan
laangoo,laan
laangooyn,laan
laansho,laan
laanqayreed,laan
laamihiisa,laami
laamihiisu,laami
laamin,laami
laaqi,laaq
laaqid,laaq
laaqin,laaq
laaqis,laaq
laasad,laas
laasaska,laas
laasho,laas
laasasho,laas
laashinnimo,laas
laasimasho,laas
laasimo,laas
laasimid,laas
laaso,laas
laastiko,laas
laastiig,laas
laashinnimo,laashin
laasimasho,laasim
laasimo,laasim
laasimid,laasim
laayacmid,laayac
laayacnaan,laayac
laayacnaansho,laayac
layacay,layac
layacmid,layac
layacnaan,layac
layacnaansho,layac
laboodka,labo
labosaabka,labo
labosaab,labo
labood,labo
labajibbaaran,labajibbaar
labajibbaarane,labajibbaar
labajibbaaranuhuna,labajibbaar
labajibbaarka,labajibbaar
labajibbaarid,labajibbaar
labajibbaarnaan,labajibbaar
labajibbaarnaansho,labajibbaar
labajibbaarada,labajibbaar
labajibbaareneyaal,labajibbaar
labajibbaaranayaal,labajibbaar
labajibbaarkeedu,labajibbaar
laballaabid,laballaab
laballaabayn,laballaab
laballaabee,laballaab
laballaabays,laballaab
laballaabmid,laballaab
laballaabnaan,laballaab
laballaabnaansho,laballaab
laballaaboobid,laballaab
laballaabooti,laballaab
laballaabootin,laballaab
laballaabootis,laballaab
labanlaabka,labanlaab
labanlaabay,labanlaab
labanlaabid,labanlaab
labanlaabmid,labanlaab
labanlaabnaan,labanlaab
labanlaabnaansho,labanlaab
labanlaabo,labanlaab
labalaab,labalaab
labalaabanyahay,labalaab
labalaabma,labalaab
laballisid,laballis
labanlaabka,laban
labanlaabay,laban
labanlaabid,laban
labanlaabmid,laban
labanlaabnaan,laban
labanlaabnaansho,laban
labanlaabo,laban
labashubid,labashub
labbisad,labbis
labbisasho,labbis
labbisan,labbis
labbiso,labbis
labbisid,labbis
labbisnaan,labbis
labbisnaansho,labbis
lebbisasho,lebbis
lebbisan,lebbis
lebbisad,lebbis
lebbisid,lebbis
lebbisnaan,lebbis
lebbisnaansho,lebbis
lebbiso,lebbis
labeebka,labeeb
labeebshe,labeeb
labeebyo,labeeb
labeebnimo,labeeb
lacanadayn,lacanad
lacanadee,lacanad
lacanadeyn,lacanad
lacanadeysan,lacanad
lacanadeysnaan,lacanad
lacanadeysnaansho,lacanad
lacanadid,lacanad
lacanadoobid,lacanad
lacanadow,lacanad
nacaladeyn,nacalad
nacaladee,nacalad
nacaladeysan,nacalad
nacaladeysnaan,nacalad
nacaladid,nacalad
nacaladoobid,nacalad
nacaladow,nacalad
nacaladaysan,nacalad
nacaladeysnaansho,nacalad
nacaladi,nacalad
nacaladobid,nacalad
liciifid,liciif
liciifka,liciif
liciifi,liciif
liciifin,liciif
liciifis,liciif
lacnadee,lacnad
lacnadeyn,lacnad
lacnadeysan,lacnad
lacnadeysnaan,lacnad
lacnadeysnaansho,lacnad
lacnadid,lacnad
ladaabad,ladaab
ladaabasho,ladaab
ladaabo,ladaab
ladaabi,ladaab
ladaabin,ladaab
ladaabis,ladaab
lafaggurid,lafaggur
lafdhabarle,lafdhabar
lafdhabarley,lafdhabar
lafdhabarta,lafdhabar
lafdhabarleyda,lafdhabar
lafdhabarla,lafdhabar
lafdhabarleydu,lafdhabar
lafdhabarka,lafdhabar
lafdhabartu,lafdhabar
lafdhabarreyda,lafdhabar
lakabyada,lakab
lakabyo,lakab
lakabyadiisa,lakab
lakabeed,lakab
lakabeedyo,lakab
lakabka,lakab
lakabku,lakab
lakabyaga,lakab
laliyaan,lali
laliso,lali
lalid,lali
lalin,lali
lalis,lali
laliye,lali
lallaboo,lallabo
lallabood,lallabo
lamaddegaannada,lamaddegaan
lamaddegaanka,lamaddegaan
lamaddegaanku,lamaddegaan
lamaddegaanno,lamaddegaan
lammaaniyay,lammaan
lammaaninayo,lammaan
lammaane,lammaan
lammaanaha,lammaan
lammaaneyaal,lammaan
lammaanid,lammaan
lammaanood,lammaan
lammaanna,lammaan
lammaanaan,lammaan
lammaanaansho,lammaan
lammaanasho,lammaan
lammaani,lammaan
lammaanin,lammaan
lammaano,lammaan
lammaanan,lammaan
lammaanayn,lammaan
laqannimo,laqan
laqanyayn,laqan
laqanyee,laqan
laqanyo,laqan
laqanyoo,laqan
laqanyood,laqan
laqanyaysan,laqan
laqwin,laqwi
laqwiyid,laqwi
lawlawid,lawlaw
laxaamadan,laxaamad
laxaamadid,laxaamad
laxaamadnaan,laxaamad
laxaamadnaansho,laxaamad
layliyin,layli
laylin,layli
layliyid,layli
layliyey,layli
laylis,layli
laylisan,layli
laylisanaan,layli
laylisanaansho,layli
laynta,layn
lebernimo,leber
leebabka,leeb
leeble,leeb
leebab,leeb
leebraac,leeb
leebka,leeb
leebkaas,leeb
leeddafuulid,leeddafuul
leelleelid,leelleel
leelleelsan,leelleel
leelleelsanaan,leelleel
leelleelsanaansho,leelleel
leelleeltiran,leelleel
leelleeltiray,leelleel
leelleeltirid,leelleel
leelleeltirnaan,leelleel
leelleeltirnaansho,leelleel
leelleeltiran,leelleeltir
leelleeltiray,leelleeltir
leelleeltirid,leelleeltir
leelleeltirnaan,leelleeltir
leelleeltirnaansho,leelleeltir
legdanaan,legdan
legdanaansho,legdan
legdanka,legdan
libaasid,libaas
libgadid,libgad
libiqsanayn,libiq
libiqsi,libiq
libiqsasho,libiq
libiqsad,libiq
libiqso,libiq
libkeenid,libkeen
libkeeni,libkeen
niibkeenid,niibkeen
lifaaqay,lifaaq
lifaaqan,lifaaq
lifaaqyada,lifaaq
lifaaqiisa,lifaaq
lifaaqa,lifaaq
lifaaqyo,lifaaq
lifaaqo,lifaaq
lifaaqyadu,lifaaq
lifaaqmaa,lifaaq
lifaaqid,lifaaq
lifaaqaa,lifaaq
lifaaqoon,lifaaq
lifaaqi,lifaaq
lifaaqayo,lifaaq
lifaaqmo,lifaaq
lifaaqanyihiin,lifaaq
lifaaqmaan,lifaaq
lifaaqdaa,lifaaq
lifaaqmi,lifaaq
liifad,liif
liifid,liif
liifmid,liif
liifnaan,liif
liifnaansho,liif
liifadna,liif
liifaqo,liif
ligligii,liglig
ligligid,liglig
liibaanin,liibaan
liibaanid,liibaan
liicay,liic
liicid,liic
liicliicid,liic
liici,liic
liicis,liic
liicin,liic
liicliicsan,liic
liicliica,liic
liicliicsanaan,liic
liicliicsanaansho,liic
liicsad,liic
liicsasho,liic
liicsan,liic
liicsanaan,liic
liicsanaansho,liic
liicso,liic
liicsi,liic
liicinta,liic
liicaya,liic
liicliicid,liicliic
liicliicsan,liicliic
liicliica,liicliic
liicliicsanaan,liicliic
liicliicsanaansho,liicliic
liidata,liid
liidato,liid
liido,liid
liidasho,liid
liidnimo,liid
liidatey,liid
liidataa,liid
liidaanyeysan,liid
liidaanyo,liid
liidaanyeysnaan,liid
liidaanyeysnaansho,liid
liidaanyoo,liid
liidaanyood,liid
liidid,liid
liidka,liid
liidi,liid
liishaannaan,liishaan
liishaannaansho,liishaan
liishaanka,liishaan
lingaxan,lingax
lingaxasho,lingax
lingaxnaan,lingax
lingaxnaansho,lingax
lingaxo,lingax
ningaxan,ningax
ningaxasho,ningax
ningaxnaan,ningax
ningaxo,ningax
ningaxay,ningax
ningaxnaansho,ningax
liqdaaran,liqdaar
liqdaarid,liqdaar
liqdaarnaan,liqdaar
liqdaarnaansho,liqdaar
lixaadka,lixaad
lixaadyo,lixaad
lixaadsasho,lixaad
lixaadso,lixaad
lixaadla,lixaad
lixaadsad,lixaad
lixaadsi,lixaad
loodsanaansho,loodsan
loodsanaansho,loodsanaan
loofarad,loof
loofarid,loof
loofarnimo,loof
loofid,loof
loofsan,loof
loofsanaan,loof
loofsanaansho,loof
loofarad,loofar
loofarid,loofar
loofarnimo,loofar
loogu,loog
looga,loog
looguna,loog
loogana,loog
loogaga,loog
loogid,loog
loogala,loog
loognaansho,loog
loogama,loog
looyaansan,looyaan
looyaansanaan,looyaan
looyaansanaansho,looyaan
luflufid,lufluf
luflufo,lufluf
lugduubid,lugduub
lugqaadid,lugqaad
lullumee,lullume
lullumeyn,lullume
luloo,lulo
lulood,lulo
luqluqad,luqluq
luqluqasho,luqluq
luqluqo,luqluq
luqluqid,luqluq
luqunjibbaarid,luqunjibbaar
luudidda,luudi
luudid,luudi
luudin,luudi
luudis,luudi
luufluufi,luufluuf
luufluufid,luufluuf
luufluufin,luufluuf
luufluufis,luufluuf
luufluufsan,luufluuf
luufluufsanaan,luufluuf
luufluufsanaansho,luufluuf
luulid,luuli
luulin,luuli
luuliyo,luuli
luunqabad,luun
luuqeyn,luuq
luuqeeyo,luuq
luuqayn,luuq
luuqeynta,luuq
luuqeenayo,luuq
luuqad,luuq
luuqo,luuq
luuqee,luuq
luuqays,luuq
luuqin,luuq
luuqi,luuq
luusluusad,luusluus
luusluusasho,luusluus
luusluuso,luusluus
luusluusid,luusluus
maaddiga,maaddi
maaddiyad,maaddi
maaggan,maag
maagganyahay,maag
maagid,maag
maagma,maag
maagani,maag
maageeran,maag
maageersan,maag
maageerasho,maag
maageero,maag
maageerid,maag
maageernaan,maag
maageernaansho,maag
maageersanaan,maag
maageersanaansho,maag
maageeranaan,maag
maagganaan,maag
maagganaansho,maag
maago,maag
mąagid,mąag
mąagasho,mąag
mąago,mąag
maageeran,maageer
maageersan,maageer
maageerasho,maageer
maageero,maageer
maageerid,maageer
maageernaan,maageer
maageernaansho,maageer
maageersanaan,maageer
maageersanaansho,maageer
maageeranaan,maageer
meegaaran,meegaar
meegaarsan,meegaar
meegaarasho,meegaar
meegaarid,meegaar
meegaaro,meegaar
meegaarnaan,meegaar
meegaarnansho,meegaar
meegaarsanaan,meegaar
meegaarsanaansho,meegaar
waageeran,waageer
waageerasho,waageer
waageerid,waageer
waageero,waageer
waageernaan,waageer
waageernaansho,waageer
waageersan,waageer
waageersanaan,waageer
waageersanaansho,waageer
weegaarka,weegaar
weegaarasho,weegaar
weegaarid,weegaar
weegaaro,weegaar
weegaaran,weegaar
weegaarnaan,weegaar
weegaarnaansho,weegaar
weegaarsan,weegaar
weegaarsanaan,weegaar
weegaarsanaansho,weegaar
maahmaahyo,maahmaah
maahmaahid,maahmaah
maalintii,maal
maalo,maal
maalmeed,maal
maalmood,maal
maalayey,maal
maaliyadeed,maal
maalinta,maal
maalmeedka,maal
maalgeliyaan,maal
maalmeedkiisa,maal
maalqabeen,maal
maalinba,maal
maalmahooda,maal
maalid,maal
maalintaas,maal
maalmo,maal
maalayo,maal
maala,maal
maalay,maal
maalinteeda,maal
maaliyad,maal
maali,maal
maalintu,maal
maaltows,maal
maalka,maal
maalan,maal
maaleeyo,maal
maalgeli,maal
maalgelin,maal
maalgelis,maal
maalniin,maal
maalig,maal
maalikiyada,maal
maalikiyadu,maal
maalindhaaf,maal
maalinna,maal
maalingaalid,maal
maalingoosad,maal
maalingoosato,maal
maalinjoogid,maal
maalinnimo,maal
maalinqad,maal
maalinsocod,maal
maalmadoone,maal
maalnaan,maal
maalni,maal
maalooti,maal
maalqabeennimo,maal
maalsii,maal
maalsiin,maal
maalmihii,maal
maalkooda,maal
maalintiisa,maal
maallada,maal
maalikiyada,maaliki
maalikiyadu,maaliki
maalintii,maalin
maalinta,maalin
maalinba,maalin
maalintaas,maalin
maalinteeda,maalin
maalintu,maalin
maalindhaaf,maalin
maalinna,maalin
maalingaalid,maalin
maalingoosad,maalin
maalingoosato,maalin
maalinjoogid,maalin
maalinnimo,maalin
maalinqad,maalin
maalinsocod,maalin
maalintiisa,maalin
maalingaalid,maalingaal
maalinjoogid,maalinjoog
maammulid,maammul
maammulan,maammul
maammulay,maammul
maammulasho,maammul
maammulo,maammul
maammule,maammul
maammulnaan,maammul
maammulnaansho,maammul
maammulxumo,maammul
maamulo,maamul
maamulid,maamul
maamulka,maamul
maamulasho,maamul
maamula,maamul
maamulan,maamul
maamule,maamul
maamulnaan,maamul
maamulnaansho,maamul
maamulaxumo,maamul
maamulxumo,maamul
maamulkeeda,maamul
maamulayo,maamul
maamulaan,maamul
maamulahu,maamul
maamuuso,maamuus
maamuusid,maamuus
maamuusiyad,maamuus
maamuusjebi,maamuus
maamuusjebid,maamuus
maamuusjebin,maamuus
maamuusayo,maamuus
naamuusid,naamuus
naamuusjebi,naamuus
naamuusjebid,naamuus
naamuusjebin,naamuus
naamuusiyad,naamuus
maanso,maan
maansayahan,maan
maanta,maan
maanka,maan
maansada,maan
maano,maan
maanagal,maan
maangal,maan
maankiisa,maan
maansho,maan
maangaabnimo,maan
maankiisu,maan
maankuba,maan
maankeedu,maan
maanguruuf,maan
maanguruuftu,maan
maantood,maan
maanfoos,maan
maankaal,maan
maantay,maan
maanicid,maan
maanacan,maan
maanacnaan,maan
maanacnaansho,maan
maanayeyn,maan
maanyee,maan
maandha,maan
maandhay,maan
maandhaafid,maan
maandhe,maan
maandhow,maan
maandoobid,maan
maandoori,maan
maankeeda,maan
maandoorin,maan
maandooriye,maan
maandoorsan,maan
maandoorsanaan,maan
maandoorsanaansho,maan
maangaab,maan
maangaaban,maan
maangaabi,maan
maangaabnaan,maan
maangaabnaansho,maan
maangadid,maan
maangalnimo,maan
maanku,maan
maanganiis,maan
maangarad,maan
maangarasho,maan
maangaro,maan
maanlaawe,maan
maanlaay,maan
maanomitir,maan
maanqaad,maan
maanqaadid,maan
maansabooliyid,maan
maansayn,maan
maansee,maan
maansha,maan
maansoo,maan
maansood,maan
maantomaanto,maan
maantoolayn,maan
maantoolee,maan
maantoolaysad,maan
maantoolaysasho,maan
maantoolaysi,maan
maantoolayso,maan
maantoole,maan
maanyar,maan
maanyaraan,maan
maanyaraansho,maan
maanyari,maan
maanyaro,maan
maanyeyn,maan
maanshayn,maan
maanwareero,maan
maangalka,maan
maansoole,maan
maantooley,maan
maansanaansho,maan
maansad,maan
maanseed,maan
maandooriyayaasha,maan
maanacan,maanac
maanacnaan,maanac
maanacnaansho,maanac
maandhaafid,maandhaaf
maangadid,maangad
maansabooliyid,maansabooli
maarmaanka,maar
maarmiin,maar
maararroobid,maar
maarniin,maar
maarmiwaayid,maar
maarmin,maar
maarmiddoodu,maar
maararoobo,maar
maarmaan,maar
maaruqa,maar
maarmid,maar
maarmaantahay,maar
maarid,maar
maarad,maar
maarasho,maar
maari,maar
maarin,maar
maaris,maar
maareysnaansho,maar
maaran,maar
maarrow,maar
maararruugle,maar
maaraweyn,maar
maardhoodid,maar
maaree,maar
maareeye,maar
maareyn,maar
maareysan,maar
maareeyey,maar
maareysasho,maar
maareyso,maar
maareysnaan,maar
maaroobid,maar
maarow,maar
maarriin,maar
maarsasho,maar
maaruq,maar
maaruqid,maar
maarta,maar
maartu,maar
maareeya,maar
maarayn,maar
maardhoodid,maardhood
maaroobid,maaro
maarow,maaro
maaxasho,maax
maaxidda,maax
maaxda,maax
maaxdaan,maax
maaxa,maax
maaxad,maax
maaxo,maax
maaxi,maax
maaxid,maax
maaxin,maax
maaxsan,maax
maaxsanaan,maax
maaxsanaansho,maax
maaxsanow,maax
mabsuudi,mabsuud
mabsuudid,mabsuud
mabsuudin,mabsuud
maqsuudi,maqsuud
maqsuudid,maqsuud
maqsuudin,maqsuud
macdanta,macdan
macdannod,macdan
macdanaha,macdan
macdantu,macdan
macdaneed,macdan
macdanood,macdan
macdanteeda,macdan
macdanka,macdan
macdanno,macdan
macaanoo,macaan
macaanka,macaan
macaankooda,macaan
macaansasho,macaan
macaanayn,macaan
macaanna,macaan
macaansiga,macaan
macaanba,macaan
macaansho,macaan
macaanaan,macaan
macaanaansho,macaan
macaani,macaan
macaanow,macaan
macaane,macaan
macaanee,macaan
macaaneyn,macaan
macaaneys,macaan
macaaneysad,macaan
macaaneysasho,macaan
macaaneyso,macaan
macaaneysi,macaan
macaaneeya,macaan
macaansad,macaan
macaanso,macaan
macaansi,macaan
macaanaysasho,macaan
macaanyihiin,macaan
macaansado,macaan
macaashi,macaash
macaashid,macaash
macaashin,macaash
macaashle,macaash
macaluulid,macaluul
macaluulan,macaluul
macaluuli,macaluul
macaluulin,macaluul
macaluulnaan,macaluul
macaluulnaansho,macaluul
macangagid,macangag
macangagnimo,macangag
maciindarro,maciin
maciinid,maciin
maciinla,maciin
maciinlaawe,maciin
maciinsad,maciin
maciinsasho,maciin
maciinsi,maciin
maciinso,maciin
macsuuman,macsuum
macsuumay,macsuum
macsuumid,macsuum
madiixid,madiix
madaarid,madaar
madalsanaansho,madal
madalbaaji,madal
madalbaajin,madal
madalbaajis,madal
madalhufi,madal
madalhufin,madal
madalhufis,madal
madalsad,madal
madalsasho,madal
madalsan,madal
madalsanaan,madal
madalsanow,madal
madalso,madal
madalsi,madal
madarad,madar
madaxbannaan,madax
madaxle,madax
madaxa,madax
madaxda,madax
madaxbannaano,madax
madaxsurasho,madax
madaxiisu,madax
madaxqaad,madax
madaxeeda,madax
madaxeed,madax
madaxiisa,madax
madaxdooda,madax
madaxnimo,madax
madaxbannaani,madax
madaxdiisa,madax
madaxu,madax
madaxshub,madax
madaxlaha,madax
madaxbannaanaan,madax
madaxbannaanaansho,madax
madaxbaannanow,madax
madaxbannaanow,madax
madaxbuq,madax
madaxbushi,madax
madaxee,madax
madaxeyn,madax
madaxfalluuq,madax
madaxfarad,madax
madaxfareed,madax
madaxfurad,madax
madaxfurasho,madax
madaxfuro,madax
madaxkuti,madax
madaxla,madax
madaxmaygaag,madax
madaxti,madax
madaxtinnimo,madax
madaxsalaax,madax
madaxsalaaxid,madax
madaxtooyo,madax
madaxweynuhu,madax
madaxtusid,madax
madaxwareer,madax
madaxweyne,madax
madaxyaro,madax
madaxooda,madax
madaxnimadiisa,madax
madaxbannanidda,madax
madaxtusid,madaxtus
madhaleysnimo,madhaleys
madid,madi
madiidid,madi
madiidimi,madi
madiidimid,madi
madiidimin,madi
madiidinnimo,madi
madiidinsad,madi
madiidinsasho,madi
madiidinsi,madi
madiidinso,madi
madiixid,madi
madiidid,madiid
madiidimi,madiid
madiidimid,madiid
madiidimin,madiid
madiidinnimo,madiid
madiidinsad,madiid
madiidinsasho,madiid
madiidinsi,madiid
madiidinso,madiid
midiidinnimo,midiid
midiidimi,midiid
midiidid,midiid
midiidimid,midiid
midiidimin,midiid
midiidinsasho,midiid
midiidinso,midiid
midiidimay,midiid
midiidinsad,midiid
midiidinsi,midiid
madiidinnimo,madiidin
madiidinsad,madiidin
madiidinsasho,madiidin
madiidinsi,madiidin
madiidinso,madiidin
midiidinnimo,midiidin
midiidinsasho,midiidin
midiidinso,midiidin
midiidinsad,midiidin
midiidinsi,midiidin
madluunnimo,madluun
madluunsan,madluun
madluunsanaan,madluun
madluunsanaansho,madluun
madmadow,madmad
madmadid,madmad
madowga,madow
madowgu,madow
madowdhalaal,madow
madowyahay,madow
magaagid,magaag
magacyadii,magac
magacyadooda,magac
magacyada,magac
magacyadana,magac
magaca,magac
magacyadan,magac
magacuya,magac
magacaabnay,magac
magacaabaa,magac
magacyo,magac
magaceed,magac
magacaas,magac
magacuyaal,magac
magacaaban,magac
magacaabay,magac
magacaabo,magac
magacsiin,magac
magaciisa,magac
magaciis,magac
magacaabid,magac
magacuyaallada,magac
magacuyaalka,magac
magacaabanaya,magac
magacu,magac
magacyadiis,magac
magaceeda,magac
magacdar,magac
magacdarid,magac
magacdarree,magac
magacdarreyn,magac
magacdarreys,magac
magacdarri,magac
magacdarro,magac
magacdheer,magac
magacdheeraan,magac
magacdheeraansho,magac
magacdheeri,magac
magacdheerow,magac
magacaabanyahay,magac
magacdaro,magac
magacuyaallo,magac
magacoodu,magac
magacabaa,magac
magacaabi,magac
magacyadu,magac
magacyadaas,magac
magacyadaasna,magac
magacyad,magac
magacy,magac
magacaasi,magac
magacuyaallaka,magac
magdhawda,magdhaw
maggowsad,maggow
maggowsasho,maggow
maggowso,maggow
maggowsi,maggow
maggowsii,maggow
maggowsiin,maggow
magoogid,magoog
magooliyay,magool
magoolay,magool
magoolayaal,magool
magooli,magool
magoola,magool
magoolid,magool
magoolin,magool
magoolkeeda,magool
magwadaagid,magwadaag
mahadnaqid,mahadnaq
mahiibi,mahiib
mahiibid,mahiib
mahiibin,mahiib
mahiibsasho,mahiib
mahiibsii,mahiib
mahiibsiin,mahiib
mahiibso,mahiib
majagorori,majagoror
majagororid,majagoror
majagororin,majagoror
majagororsan,majagoror
majagororsanaan,majagoror
majagororsanaansho,majagoror
majarroori,majarroor
majarroorid,majarroor
majarroorin,majarroor
majarroorsan,majarroor
majarroorsanaan,majarroor
majarroorsanaansho,majarroor
majasaarid,majasaar
manjasaarid,manjasaar
majasuuxi,majasuux
majasuuxid,majasuux
majasuuxin,majasuux
majasuuxsan,majasuux
majasuuxsanaansho,majasuux
majasuuxsanaan,majasuux
manjasuuxi,manjasuux
manjasuuxid,manjasuux
manjasuuxin,manjasuux
manjasuuxsan,manjasuux
manjasuuxanaan,manjasuux
manjasuuxsanaan,manjasuux
majiiraha,majiir
majiirid,majiir
majiirad,majiir
majiirasho,majiir
majiiro,majiir
majiire,majiir
majiiranaysa,majiir
majiirsii,majiir
majiirsiin,majiir
majiireyaasha,majiir
majinta,majin
majinow,majin
makaaban,makaab
makaabi,makaab
makaabid,makaab
makaabin,makaab
makaabis,makaab
makaabnaan,makaab
makaabnaansho,makaab
makalaalaxsan,makal
makalaalaxay,makal
makalaalaxsanaan,makal
makalaalaxsanaansho,makal
makalaalixid,makal
makalan,makal
makalid,makal
makalnaan,makal
makalnaansho,makal
makalaalaxsan,makalaalax
makalaalaxay,makalaalax
makalaalaxsanaan,makalaalax
makalaalaxsanaansho,makalaalax
makhoorid,makhoor
mokhoorid,mokhoor
makhuuri,makhuur
makhuurid,makhuur
makhuurin,makhuur
makhuursan,makhuur
makhuursanaan,makhuur
makhuursanaansho,makhuur
malaakhad,malaakh
malaakhadi,malaakh
malaakhadin,malaakh
malaakhid,malaakh
malaaska,malaas
malaasay,malaas
malaasantay,malaas
malaaseysasho,malaas
malaaseyso,malaas
malaasid,malaas
malaasmid,malaas
malaasnaan,malaas
malaasnaansho,malaas
malaasni,malaas
malaasku,malaas
malaasantay,malaasan
maliilid,maliil
maliili,maliil
maliilin,maliil
maliil,maliil
mariili,mariil
mariilid,mariil
mariilin,mariil
maljiidan,maljiid
maljiidid,maljiid
maljiidnaan,maljiid
maljiidnaansho,maljiid
marjiidid,marjiid
marjiidnaan,marjiid
marjiidan,marjiid
marjiidnaansho,marjiid
mamnuucay,mamnuuc
mamnuucnaan,mamnuuc
mamnuucan,mamnuuc
mamnuucid,mamnuuc
mamnuucnaansho,mamnuuc
mamnuucnow,mamnuuc
mamnuucaan,mamnuuc
manaafacaadsadaan,manaafacaad
manaafacaadsado,manaafacaad
manaafacaadid,manaafacaad
manaafacaadsasho,manaafacaad
manaafacaadso,manaafacaad
manaafacaadsigooda,manaafacaad
manjagororid,manjagoror
manjagorori,manjagoror
manjagororsan,manjagoror
manjagororsanaan,manjagoror
manjagororin,manjagoror
manjagorortay,manjagoror
manjagororsanaansho,manjagoror
mijagororid,mijagoror
mijagororin,mijagoror
mijagororsan,mijagoror
mijagorori,mijagoror
mijagororsanaan,mijagoror
manjarroorid,manjarroor
manjarroori,manjarroor
manjarroorin,manjarroor
manjarroorsan,manjarroor
manjarroorsanaan,manjarroor
manjarrooray,manjarroor
manjarroorsanaansho,manjarroor
mantagid,mantag
mijasaarid,mijasaar
minjasaarid,minjasaar
manqaxi,manqax
minqaxwe,minqax
manshashuurid,manshashuur
matagna,matag
mataggu,matag
matago,matag
matagid,matag
matagi,matag
manyacsan,manyac
manyacsanaan,manyac
manyacsanaansho,manyac
mayacsan,mayac
mayacsanaan,mayac
mayacay,mayac
mayacsanaansho,mayac
maqaarka,maqaar
maqaarkiisa,maqaar
maqaarkooda,maqaar
maqaardhac,maqaar
maqaarholac,maqaar
maqaarsaarid,maqaar
maqaarsad,maqaar
maqaarsasho,maqaar
maqaarso,maqaar
maqaarsi,maqaar
maqaareed,maqaar
maqaarsaarid,maqaarsaar
maqalka,maqal
maqalku,maqal
maqalkooda,maqal
maqalkiisa,maqal
maqalsii,maqal
maqalsiin,maqal
maqalsiiyo,maqal
maqalsiiya,maqal
maqaraarufid,maqaraaruf
maqiiqid,maqiiq
maqiiqan,maqiiq
maqiiqnaan,maqiiq
maqiiqnaansho,maqiiq
maqooradid,maqoorad
maqooradasho,maqoorad
maqoorado,maqoorad
maquurid,maquur
maquuri,maquur
maquurin,maquur
maquursan,maquur
maquursanaan,maquur
maquuriyey,maquur
maquursanaansho,maquur
mukhuuri,mukhuur
mukhuurin,mukhuur
mukhuursan,mukhuur
mukhuurid,mukhuur
mukhuursanaan,mukhuur
mukhuursanaansho,mukhuur
mukhuurasho,mukhuur
maquusid,maquus
maraaciyid,maraaci
maragfurid,maragfur
maraqa,maraq
maraqsaarka,maraq
maraqoobid,maraq
maraqow,maraq
maraqsaar,maraq
maraqsad,maraq
maraqsan,maraq
maraqsanaan,maraq
maraqsanaansho,maraq
maraqsasho,maraq
maraqso,maraq
maraxsad,marax
maraxsasho,marax
maraxsan,marax
maraxsanaan,marax
maraxsanaansho,marax
maraxso,marax
maraxsi,marax
mardaaddin,mardaaddi
mardaaddiyid,mardaaddi
mardaaddii,mardaaddi
marid,mari
mariya,mari
mariso,mari
mariyo,mari
marinka,mari
mariyay,mari
marinteeda,mari
mariyaan,mari
marineyso,mari
maritaanka,mari
mariyey,mari
marintoodu,mari
marinayo,mari
mariidka,mari
maritaankeedu,mari
mariddeedu,mari
mariid,mari
mariye,mari
mariinla,mari
mariddeeduna,mari
marinno,mari
marinta,mari
marino,mari
marinkiisa,mari
mariili,mari
mariilid,mari
mariilin,mari
mariishan,mari
mariishanaan,mari
mariishanaansho,mari
marijiidan,mari
marinnada,mari
mariikh,mari
marimba,mari
mariimid,mari
mariikha,mari
mariddeed,mari
marinla,mari
marinkala,mari
marinleh,mari
marinaya,mari
mariinka,mari
marinka,marin
marinteeda,marin
marineyso,marin
marintoodu,marin
marinayo,marin
marinno,marin
marinta,marin
marino,marin
marinkiisa,marin
marinnada,marin
marinla,marin
marinkala,marin
marinleh,marin
marinaya,marin
mariso,maris
markhaatifurid,markhaatifur
marmaarriyid,marmaarri
marmarsiinyo,marmar
marmarka,marmar
marmariyo,marmar
marmarid,marmar
marmarasho,marmar
marmaro,marmar
marmarhays,marmar
marmarsiino,marmar
marmarsiinyoo,marmar
marmarsoo,marmar
marmarsiinyood,marmar
marmarsood,marmar
marmarin,marmar
maroodi,maro
maroojiya,maro
maroojiskeeda,maro
maroodiga,maro
marooqsan,maro
maroorsadaan,maro
maroojinta,maro
maroojin,maro
maroodiyow,maro
maroog,maro
maroogsad,maro
marooqsasho,maro
maroogsan,maro
maroogsanaan,maro
marooqsanaan,maro
maroogsanaansho,maro
maroogsasho,maro
maroogsi,maro
maroogsin,maro
maroogso,maro
marooqso,maro
marooji,maro
maroojis,maro
marooq,maro
maroojiyey,maro
marooqsad,maro
marooqsanaansho,maro
maroo,maro
marooqsi,maro
maroorso,maro
marooradillaaci,maro
marooradillaacid,maro
marooradillaacin,maro
maroori,maro
maroorid,maro
maroorin,maro
marooro,maro
maroorsamid,maro
maroorsanaan,maro
maroorsanaansho,maro
maroorsanow,maro
maroorsasho,maro
marooyin,maro
maroorsadaan,maroor
maroorso,maroor
marooradillaaci,maroor
marooradillaacid,maroor
marooradillaacin,maroor
maroori,maroor
maroorid,maroor
maroorin,maroor
marooro,maroor
maroorsamid,maroor
maroorsanaan,maroor
maroorsanaansho,maroor
maroorsanow,maroor
maroorsasho,maroor
marooradillaaci,marooradillaac
marooradillaacid,marooradillaac
marooradillaacin,marooradillaac
muraaradillaaci,muraaradillaac
muraaradillaacid,muraaradillaac
muraaradillaacin,muraaradillaac
maroorsanaan,maroorsan
maroorsanaansho,maroorsan
maroorsanow,maroorsan
marqaansii,marqaan
marqaansiin,marqaan
marqaansiis,marqaan
marqaansan,marqaan
marqaansanaan,marqaan
marqaansanaansho,marqaan
marqaansanow,marqaan
marsoobbax,marso
marsooyinka,marso
martigelin,marti
martinnimo,marti
martidu,marti
martiyid,marti
martiggeli,marti
martiggelin,marti
martiqaadid,marti
martiqadin,marti
martiqadis,marti
martisoore,marti
martisoorid,marti
martida,marti
martiyee,marti
martiyeyn,marti
martiqaadid,martiqaad
martqaad,martqaad
martisoore,martisoor
martisoorid,martisoor
maryaadid,maryaad
maryaadi,maryaad
maryaadin,maryaad
maryaadis,maryaad
meryaadi,meryaad
meryaadid,meryaad
meryaadin,meryaad
meryaadis,meryaad
miryaadi,miryaad
miryaadin,miryaad
miryaadid,miryaad
miryaadis,miryaad
masaabaxan,masaabax
masaabaxnaan,masaabax
masaabaxnaansho,masaabax
masaabaxnow,masaabax
masaafiri,masaafir
masaafirid,masaafir
masaafirin,masaafir
masaafiris,masaafir
masaafirsan,masaafir
masaafiriyey,masaafir
masaafirsanaan,masaafir
masaafirsanaansho,masaafir
masaafirsanow,masaafir
masaafuri,masaafur
masaafurid,masaafur
masaafurin,masaafur
masaafuris,masaafur
masaafursan,masaafur
masaafursanaan,masaafur
masaafursanaans,masaafur
masaafursanow,masaafur
masaafursanaansho,masaafur
musaafurid,musaafur
musaafurin,musaafur
musaafursan,musaafur
musaafursanow,musaafur
musaafuri,musaafur
musaafuris,musaafur
musaafursanaan,musaafur
musaafursanaansho,musaafur
masaajidka,masaajid
masaajiddada,masaajid
miskiinnimo,miskiin
miskiinad,miskiin
miskiinlaa,miskiin
masaamaxan,masaamax
masaamaxnaan,masaamax
masaamaxnow,masaamax
masaamaxay,masaamax
masaamaxnaansho,masaamax
musmaaran,musmaar
musmaarasho,musmaar
musmaarid,musmaar
musmaarnaan,musmaar
musmaaro,musmaar
musmaarnaansho,musmaar
masruufasho,masruuf
masruufid,masruuf
masruufo,masruuf
masruufka,masruuf
masabbidan,masabbid
masabbiday,masabbid
masabbidasho,masabbid
masabbido,masabbid
masabbidid,masabbid
masabbidnaan,masabbid
masabbidnaansho,masabbid
masafada,masaf
masafo,masaf
masafta,masaf
masalugaley,masal
masallafid,masal
masalaggaab,masal
masalan,masal
masalid,masal
masallafi,masal
masallafin,masal
masallafsan,masal
masallafsanaan,masal
masallafsanaansho,masal
masalle,masal
masalo,masal
masalugooley,masal
masallifin,masal
masilid,masil
matala,matal
matalo,matal
matalan,matal
matalid,matal
matalaan,matal
matalayaan,matal
meselid,mesel
metela,metel
metelid,metel
masallafid,masallaf
masallafi,masallaf
masallafin,masallaf
masallafsan,masallaf
masallafsanaan,masallaf
masallafsanaansho,masallaf
musallifi,musallif
musallifid,musallif
musallifin,musallif
musallifsan,musallif
musallifsanaan,musallif
musallifnimo,musallif
musallifay,musallif
musallifsanaansho,musallif
masawirid,masawir
masawiray,masawir
masaxiisa,masax
masaxad,masax
masaxan,masax
masaxay,masax
masaxnaan,masax
masaxnaansho,masax
masayri,masayr
masayrsii,masayr
masayrid,masayr
masayrin,masayr
masayrsiin,masayr
masayrrey,masayr
masayrrow,masayr
masayrsan,masayr
masayrsanaan,masayr
masayrsanaansho,masayr
masayrsanow,masayr
masayrtirid,masayr
masayrtirid,masayrtir
maseggada,mase
masee,mase
maseyn,mase
maseyro,mase
maseggadu,mase
mashaqoobid,mashaqo
mashaqow,mashaqo
mashashuurid,mashashuur
mashmashid,mashmash
mashquulsanyahay,mashquul
mashquulsan,mashquul
mashquulid,mashquul
mashquuli,mashquul
mashquulin,mashquul
mashquulis,mashquul
mashquuliyey,mashquul
mashquulsanaan,mashquul
mashquulsanaansho,mashquul
mashquulsanow,mashquul
mashxaradid,mashxarad
maskabjaban,maskabjab
maskabjabi,maskabjab
maskabjabid,maskabjab
maskabjabin,maskabjab
maskabjabnaan,maskabjab
maskabjabnaansho,maskabjab
maskabjabsan,maskabjab
maskabjabsanaan,maskabjab
maskabjabsanaansho,maskabjab
maskarjaban,maskarjab
maskarjabi,maskarjab
maskarjabid,maskarjab
maskarjabin,maskarjab
maskarjabnaan,maskarjab
maskarjabsan,maskarjab
maskarjabnaansho,maskarjab
maskarjabsanaan,maskarjab
maskarjabsanaansho,maskarjab
maskarjaban,maskar
maskarjabi,maskar
maskarjabid,maskar
maskarjabin,maskar
maskarjabnaan,maskar
maskarjabsan,maskar
maskarjabnaansho,maskar
maskarjabsanaan,maskar
maskarjabsanaansho,maskar
maskarjebi,maskar
markarjab,markarjab
maskiinad,maskiin
maskiinnimo,maskiin
maslaxo,maslax
maslaxad,maslax
maslaxaad,maslax
masuugad,masuug
masuugid,masuug
masuugnimo,masuug
masuugsan,masuug
masuugsanaan,masuug
masuugsanaansho,masuug
mataano,mataan
mataana,mataan
mataansan,mataan
mataanayn,mataan
mataanee,mataan
mataansanaan,mataan
mataansanaansho,mataan
mataanaysan,mataan
mataanaha,mataan
mataataxo,mataatax
mataataxdo,mataatax
mataataxsan,mataatax
mataataxsanaan,mataatax
mataataxsanaansho,mataatax
mataataxid,mataatax
mataataxaa,mataatax
mataataxa,mataatax
mataataxay,mataatax
motootaxsan,motootax
motootaxsanaan,motootax
motootaxsanaansho,motootax
mutuutaxsan,mutuutax
mutuutaxsanaan,mutuutax
mutuutaxsanaansho,mutuutax
matatarid,matatar
matatari,matatar
matatarin,matatar
matataris,matatar
matatarsan,matatar
matatariyay,matatar
matatarsanaan,matatar
matatarsanaansho,matatar
mataxid,matax
mataxan,matax
mataxnaan,matax
mataxnaansho,matax
mataxnow,matax
mutuxan,mutux
mutuxnaan,mutux
mutuxnaansho,mutux
mutuxnow,mutux
mutuxid,mutux
matiitixi,matiitix
matiitixid,matiitix
matiitixin,matiitix
matiitixsad,matiitix
matiitixsasho,matiitix
matiitixsan,matiitix
matiitixsanaan,matiitix
matiitixsanaansho,matiitix
matiitixso,matiitix
matilid,matil
matilaad,matil
matilaya,matil
mawjaddu,mawjad
mawjadda,mawjad
mawjadaha,mawjad
mawjado,mawjad
mawjadeed,mawjad
mawjadeedka,mawjad
mawjadahoodu,mawjad
maxmilan,maxmil
maxmilid,maxmil
maxmilnaan,maxmil
maxmilnaansho,maxmil
maxammasan,maxammas
maxammasay,maxammas
maxammasid,maxammas
maxammasnaan,maxammas
maxammasnaansho,maxammas
maxlalan,maxlal
maxlalay,maxlal
maxlalasho,maxlal
maxlalo,maxlal
maxlalid,maxlal
maxlalnaan,maxlal
maxlalnaansho,maxlal
mayaayid,mayaay
mayayid,mayay
mayddiga,mayddi
meecaadi,meecaad
meecaadid,meecaad
meecaadin,meecaad
meecaadsan,meecaad
meecaadsanaan,meecaad
meecaadsanaansho,meecaad
meecaadsanansho,meecaad
mayrax,mayr
mayray,mayr
mayrid,mayr
mayridda,mayr
mayrada,mayr
mayrmid,mayr
mayrasho,mayr
mayra,mayr
mayrto,mayr
mayraxdii,mayr
mayrtalka,mayr
mayranaya,mayr
mayraxeed,mayr
mayrmo,mayr
mayracad,mayr
mayracasho,mayr
mayraco,mayr
mayracid,mayr
mayricid,mayr
mayraq,mayr
mayraqsan,mayr
mayraqsanaan,mayr
mayraqsanaansho,mayr
mayraxsad,mayr
mayraxsasho,mayr
mayraxso,mayr
mayraxsi,mayr
mayrniin,mayr
mayrnaan,mayr
mayrnaansho,mayr
mayrnow,mayr
mayruufi,mayr
mayruufid,mayr
mayruufin,mayr
mayrsan,mayr
mayraxda,mayr
mayraxiyo,mayr
mayraxdiisa,mayr
mayracad,mayrac
mayracasho,mayrac
mayraco,mayrac
mayracid,mayrac
mayranaya,mayran
mayruufi,mayruuf
mayruufid,mayruuf
mayruufin,mayruuf
meelgaarid,meelgaar
meelmarinteeda,meelmar
meelmarid,meelmar
meelmari,meelmar
meelmarin,meelmar
meelmarsan,meelmar
meelmarsanaan,meelmar
meelmarsanaansho,meelmar
meelmartay,meelmar
meerto,meer
meeriska,meer
meereyaasha,meer
meeraysta,meer
meereyareyaasha,meer
meerayaasha,meer
meeraysto,meer
meersan,meer
meerta,meer
meerkari,meer
meerkaridaas,meer
meerkarida,meer
meerkaari,meer
meeraystaan,meer
meermeeridda,meer
meeraysanaya,meer
meeran,meer
meertada,meer
meerisyada,meer
meerkuriga,meer
meerin,meer
meeriskaa,meer
meerid,meer
meeraxeer,meer
meereyaashu,meer
meereyaal,meer
meeree,meer
meereyn,meer
meereysan,meer
meereysasho,meer
meerayso,meer
meereysnaan,meer
meereysnaansho,meer
meereyso,meer
meeri,meer
meerkac,meer
meerkiyuuri,meer
meerkuri,meer
meerkiyuurik,meer
meerkiyuuroos,meer
meermeerid,meer
meermeerin,meer
meermeerto,meer
meertammeerto,meer
meersanaan,meer
meersanaansho,meer
meersasho,meer
meerso,meer
meersi,meer
meertaysad,meer
meertaysasho,meer
meertayso,meer
meertaysi,meer
meereysanayo,meer
meereysiga,meer
meereyaasha,meere
meereyareyaasha,meere
meereyaashu,meere
meereyaal,meere
meeree,meere
meereyn,meere
meereysan,meere
meereysasho,meere
meereysnaan,meere
meereysnaansho,meere
meereyso,meere
meereysanayo,meere
meereysiga,meere
meeriska,meeris
meerisyada,meeris
meeriskaa,meeris
meermeeridda,meermeer
meermeerid,meermeer
meermeerin,meermeer
meermeerto,meermeer
meermeeridda,meermeeri
meermeerid,meermeeri
meermeeri,meermeeri
meermeerin,meermeeri
meherxadid,meherxad
mergin,mergi
mergis,mergi
meytakaalasho,meytakaal
meytakaalo,meytakaal
meytakaalid,meytakaal
miciinsado,miciin
miciinsasho,miciin
miciinid,miciin
miciinddarro,miciin
miciinla,miciin
miciinlaawe,miciin
miciinso,miciin
miciindarro,miciin
miciinsad,miciin
miciinsi,miciin
midaarid,midaar
midabfaquuqid,midabfaquuq
midabtakoorid,midabtakoor
midigsaarid,midigsaar
midowga,midow
mihiibid,mihiib
mihiibi,mihiib
mihiibin,mihiib
mihiibsasho,mihiib
mihiibsi,mihiib
mihiibsiin,mihiib
mihiibso,mihiib
mihiibsii,mihiib
mihindisid,mihindis
mihindisoo,mihindis
mihindisood,mihindis
mindihis,mindihis
miidaandeyin,miidaan
miidaanday,miidaan
miidaandayid,miidaan
miidaansan,miidaan
miidaanshay,miidaan
miidaansanaan,miidaan
miidaansanaansho,miidaan
miigasho,miig
miige,miig
miigee,miig
miigeyn,miig
miigeysan,miig
miigeeyey,miig
miigeysnaan,miig
miigeysnaansho,miig
miiggan,miig
miigganaan,miig
miigganaansho,miig
miigid,miig
miinayn,miin
miinee,miin
miinaysan,miin
miineeyey,miin
miinaysasho,miin
miinayso,miin
miinaysnaan,miin
miinaysnaansho,miin
miino,miin
miinshaaree,miin
miinshaareyn,miin
miinshaarta,miin
miinshaaree,miinshaar
miinshaareyn,miinshaar
miinshaarta,miinshaar
miishaaree,miishaar
miishaareyn,miishaar
miiqaq,miiq
miiqyo,miiq
miiqa,miiq
miiqsan,miiq
miiqid,miiq
miiqyada,miiq
miiqmay,miiq
miiqasho,miiq
miiqo,miiq
miiqmid,miiq
miiqnaan,miiq
miiqnaansho,miiq
miiqle,miiq
miiqnayn,miiq
miirin,miir
miiro,miir
miiray,miir
miirmid,miir
miirmidda,miir
miirmaan,miir
miirasho,miir
miiraan,miir
miirmay,miir
miirto,miir
miira,miir
miiraale,miir
miiroole,miir
miire,miir
miiri,miir
miiris,miir
miirtada,miir
miirnaan,miir
miirnaansho,miir
miirow,miir
miirran,miir
miirranaan,miir
miirranaansho,miir
miirranow,miir
miirrif,miir
miirsad,miir
miirsasho,miir
miirsi,miir
miirsidiid,miir
miirsidiidnimo,miir
miirso,miir
miisaska,miis
miisaankoodu,miis
miisid,miis
miisasho,miis
miisayo,miis
miisay,miis
miisaamid,miis
miisaankiisa,miis
miisan,miis
miisaaneyn,miis
miisaamo,miis
miiso,miis
miistar,miis
miisaanka,miis
miiska,miis
miisas,miis
miishaaree,miis
miishaareyn,miis
miisad,miis
miisaali,miis
miisaaman,miis
miisamay,miis
miisaanan,miis
miisaamasho,miis
miisaanasho,miis
miisaanid,miis
miisaano,miis
miisaaniyad,miis
miisaannaan,miis
miisaannaansho,miis
miisgool,miis
miishmiishad,miis
miishmiisho,miis
miisaanneyn,miis
miisadaha,miis
miisaankoodu,miisaan
miisaankiisa,miisaan
miisaaneyn,miisaan
miisaanka,miisaan
miisaanan,miisaan
miisaanasho,miisaan
miisaanid,miisaan
miisaano,miisaan
miisaaniyad,miisaan
miisaannaan,miisaan
miisaannaansho,miisaan
miisaanneyn,miisaan
mijarroori,mijarroor
mijarroorin,mijarroor
mijarroorid,mijarroor
mijarroorsan,mijarroor
mijarroorsanaan,mijarroor
mijarroorsanaansho,mijarroor
mijilicid,mijilic
milaalid,milaal
milaalmid,milaal
milaalnaan,milaal
milaalnaansho,milaal
milantaa,milan
milanka,milan
milanta,milan
milannada,milan
milanno,milan
milanto,milan
milanyihiin,milan
milancusbeed,milan
milanku,milan
milan ,milan
milanyahay,milan
miliilicid,miliilic
miliilicasho,miliilic
miliilico,miliilic
mililid,milil
mililig,milil
mililigeyn,milil
mililiglee,milil
mililikh,milil
mililikhsan,milil
mililikhsanaan,milil
mililikhsanaansho,milil
mililigleyn,milil
miliqnimada,miliq
miliqsan,miliq
miliqsanaan,miliq
miliqsanaansho,miliq
milkiyo,milki
milkiyid,milki
milkintooda,milki
milkiiluhu,milki
mulkiyad,mulki
mulkintooda,mulki
mulkisiin,mulki
mulkiyid,mulki
milshiyid,milshi
miltansasho,miltan
miltanso,miltan
mindhicirrada,mindhicir
mindhicirka,mindhicir
mindhicirisdab,mindhicir
minfilaadid,minfilaad
minjagorori,minjagoror
minjagororin,minjagoror
minjagororsan,minjagoror
minjagororid,minjagoror
minjagororsanaan,minjagoror
minjagororsanaansho,minjagoror
minjarroori,minjarroor
minjarroorin,minjarroor
minjarroorsan,minjarroor
minjarroorid,minjarroor
minjarroorsanaan,minjarroor
minjarroorsanaansho,minjarroor
minqaadi,minqaad
minqaadid,minqaad
minqaadin,minqaad
mintidid,mintid
mintidnimo,mintid
mintid,mintid
mitidid,mitid
mitidnimo,mitid
miraafid,miraaf
miriqshaanle,miriq
miriqshaanlee,miriq
miriqshaanleyn,miriq
miriqshaanleys,miriq
miririhiisu,mirir
mirirtaa,mirir
miririg,mirir
miririgleyn,mirir
miririglee,mirir
miririn,mirir
miririd,mirir
miriri,mirir
mirirsan,mirir
miriray,mirir
mirirsanaan,mirir
mirirsanaansho,mirir
mirirka,mirir
mirood,miro
miromiro,miro
mirohooda,miro
miscililasho,miscilil
miscililo,miscilil
miscilili,miscilil
miscililid,miscilil
miscililin,miscilil
miscililsan,miscilil
miscililay,miscilil
miscililsanaan,miscilil
miscililsanaansho,miscilil
miscililsasho,miscilil
miscililso,miscilil
misee,mise
miseyn,mise
mitansasho,mitan
mitanso,mitan
mitirro,mitir
mitiri,mitir
mitirin,mitir
mitiris,mitir
mitirkubbe,mitir
mitirsad,mitir
mitirsasho,mitir
mitirsan,mitir
mitirsanaan,mitir
mitirsanaansho,mitir
mitirso,mitir
mitirsi,mitir
miyirbeelidda,miyirbeel
miyirbeelid,miyirbeel
moodo,mood
moodid,mood
moodda,mood
moodaayo,mood
mooddo,mood
moodsiis,mood
moodaayay,mood
moodayey,mood
moodi,mood
moodayo,mood
moodsan,mood
moodsanaan,mood
moodsanaansho,mood
moodsasho,mood
moodso,mood
moodsii,mood
moodsiin,mood
moodka,mood
moogaato,moog
moogaan,moog
moogaansho,moog
moogow,moog
moogeysii,moog
moogeysiin,moog
moogeysiis,moog
moogtamid,moog
mooradduugid,mooradduug
mooskii,moos
mooska,moos
moosan,moos
moosay,moos
moosasho,moos
mooso,moos
moosdameeri,moos
moosid,moos
moosin,moos
moosnaan,moos
moosnaansho,moos
muusiko,muus
muusikada,muus
muusig,muus
muusiga,muus
muusika,muus
muusiqada,muus
muusood,muus
muusadbid,muus
muusaale,muus
muusigga,muus
muusikadeeduna,muus
muusaabid,muus
muusaw,muus
muusannaabid,muus
muusoo,muus
muusiqa,muus
muuso,muus
mudaaharaadid,mudaaharaad
muddaaharaadid,muddaaharaad
mudanyihiin,mudan
mudanayn,mudan
mudanayaal,mudan
mudanti,mudan
mudane,mudan
mudbaxsan,mudbax
mudbaxsanaan,mudbax
mudbaxsanaansho,mudbax
murbaxsan,murbax
murbaxsanaan,murbax
murbaxsanaansho,murbax
muddaci,muddac
mujaahidid,mujaahid
mululid,mulul
mululi,mulul
mululin,mulul
mululrimid,mulul
muluqmuluq,muluq
muluqmuluqlayn,muluq
muluqmuluqlee,muluq
mulxidnimo,mulxid
muquufid,muquuf
muquusid,muquus
muquuri,muquur
muquurin,muquur
muquursan,muquur
muquurid,muquur
muquursanaan,muquur
muquursanaansho,muquur
Muquuf,Muquuf
muraadkii,muraad
muraaddee,muraad
muraaddeyn,muraad
muraaddo,muraad
muraadi,muraad
muraadid,muraad
muraadin,muraad
muraadsad,muraad
muraadsasho,muraad
muraadso,muraad
muraadsi,muraad
muraadkiisii,muraad
muransanyahay,muran
muransan,muran
muransanaan,muran
muransanaansho,muran
murjaanta,murjaan
murqaansan,murqaan
murqaansanaan,murqaan
murqaansanaansho,murqaan
murqaansanow,murqaan
murugood,murug
murugsan,murug
murugta,murug
murugsatada,murug
murugaysan,murug
murugsato,murug
murugoo,murug
murugsad,murug
murugso,murug
murugee,murug
murugeyn,murug
murugeysan,murug
murugeysnaan,murug
murugeysnaansho,murug
murugsanaan,murug
murugsanaansho,murug
murugsanow,murug
murugsasho,murug
murugoodo,murug
murugayn,murug
murugtay,murug
murugood,murugo
murugoo,murugo
murugoodo,murugo
muruqii,muruq
muruqmaal,muruq
muruqyadu,muruq
muruqyada,muruq
muruqyo,muruq
muruqa,muruq
muruqyadooda,muruq
muruqgo,muruq
muruqaysan,muruq
muruqmaalid,muruq
muruqxanuun,muruq
muruqo,muruq
muruqeed,muruq
muruxsan,murux
muruxsanaan,murux
muruxsanaansho,murux
muruxso,murux
musallafi,musallaf
musallafid,musallaf
musallafin,musallaf
musallafnimo,musallaf
musallafsan,musallaf
musallafsanaan,musallaf
musallafsanaansho,musallaf
musaraarid,musaraar
musaraarsan,musaraar
musaraarsanaan,musaraar
musaraarsanaansho,musaraar
musareerid,musareer
musareersan,musareer
musareersanaan,musareer
musareersanaansho,musareer
musuraarsan,musuraar
musuraarid,musuraar
musuraarsanaan,musuraar
musuraarsanaansho,musuraar
musbaaran,musbaar
musbaarasho,musbaar
musbaarid,musbaar
musbaarnaan,musbaar
musbaarnaansho,musbaar
musbaaro,musbaar
mushaaxid,mushaax
mushteegid,mushteeg
muslinka,muslin
muslinku,muslin
muslinnimo,muslin
mustareexi,mustareex
mustareexid,mustareex
mustareexin,mustareex
mustareexsan,mustareex
mustareexsanaan,mustareex
mustareexsanaansho,mustareex
musuqmaasuqid,musuqmaasuq
muudal,muud
muudmuudday,muud
muudmuudid,muud
muudmuudsado,muud
muudid,muud
muudaa,muud
muudi,muud
muudin,muud
muudsasho,muud
muudsii,muud
muudsiin,muud
muudso,muud
muudsado,muud
muuqaalkooda,muuqaal
muuqaallada,muuqaal
muuqaalka,muuqaal
muuqaalkeed,muuqaal
muuqaalo,muuqaal
muuqaalkiisa,muuqaal
muuqaallaada,muuqaal
muuqaalladaas,muuqaal
muuqaallo,muuqaal
muuqaaleed,muuqaal
muuqaalkoodii,muuqaal
muuqaalkeeda,muuqaal
muuqaalceli,muuqaal
muuqaalcelin,muuqaal
muuqaalkoodu,muuqaal
muuqaallobe,muuqaal
muuqaalkiisu,muuqaal
muuqaalkeedii,muuqaal
naabay,naab
naabid,naab
naaban,naab
naabnaabid,naab
naabnaabi,naab
naabnaabin,naab
naabnaan,naab
naabnaansho,naab
naaba,naab
naabnaabid,naabnaab
naabnaabi,naabnaab
naabnaabin,naabnaab
naannaabi,naannaab
naannaabid,naannaab
naannaabin,naannaab
naadinaayay,naadi
naadinayo,naadi
naadirka,naadi
naadin,naadi
naadirnimo,naadi
naadirka,naadir
naadirnimo,naadir
naafcadde,naaf
naafaha,naaf
naaftada,naaf
naafayso,naaf
naafuhu,naaf
naafcadduhu,naaf
naafee,naaf
naafasho,naaf
naafoobid,naaf
naafayn,naaf
naafid,naaf
naafmadoobe,naaf
naafeysan,naaf
naafeysnaan,naaf
naafeysnaansho,naaf
naafto,naaf
naafeeya,naaf
naafleyda,naaf
naafoobid,naafo
naajaxsan,naajax
naajaxsanaan,naajax
naajaxsanaansho,naajax
naanaysta,naanays
naanaysood,naanays
naanaystooda,naanays
naanaysan,naanays
naanaysid,naanays
naanaysnaan,naanays
naanaysnaansho,naanays
naynaasan,naynaas
naynaasid,naynaas
naynaasnaan,naynaas
naynaasnaansho,naynaas
naaqish,naaqis
naaqishid,naaqis
naaqisi,naaqis
naaqisid,naaqis
naaqisin,naaqis
naaqusi,naaqus
naaqusid,naaqus
naaqusin,naaqus
naarood,naar
naaraha,naar
naarajiin,naar
naarid,naar
naarsime,naar
naarsimo,naar
naarjiinta,naar
naarjiinka,naar
naashnaashan,naashnaash
naashnaashid,naashnaash
naashnaashin,naashnaash
naashnaashis,naashnaash
naashnaashnaan,naashnaash
naashnaashnaansho,naashnaash
nashnaashas,nashnaash
nashnaashid,nashnaash
nashnaashin,nashnaash
nashnaashnaan,nashnaash
nashnaashad,nashnaash
nashnaashasho,nashnaash
nashnaashan,nashnaash
nashnaashay,nashnaash
nashnaasho,nashnaash
nashnaashis,nashnaash
nashnaashnaansh,nashnaash
nashnaashnaansho,nashnaash
naashnaashid,naashnaashi
naashnaashin,naashnaashi
naashnaashis,naashnaashi
nashnaashid,nashnaashi
nashnaashin,nashnaashi
nashnaashis,nashnaashi
naaxin,naax
naaxid,naax
naaxdo,naax
naaxi,naax
naaxsan,naax
naaxsanaan,naax
naaxsanaansho,naax
naaxuusjebid,naax
nabaaddiinaxirid,nabaaddiinaxir
nabaadguuray,nabaadguur
nabaadguuri,nabaadguur
nabaadguurid,nabaadguur
nabaadguurin,nabaadguur
nabaadguuris,nabaadguur
nabadgelyo,nabad
nabadgelin,nabad
nabadgalyo,nabad
nabadgelyadeedu,nabad
nabaddeeda,nabad
nabadgelyada,nabad
nabaddoon,nabad
nabadsugidda,nabad
nabaddiyo,nabad
nabadeed,nabad
nabadgelyeyn,nabad
nabadee,nabad
nabadbixi,nabad
nabadbixid,nabad
nabadbixin,nabad
nabadgeli,nabad
nabadgelid,nabad
nabadgeliyo,nabad
nabadgelyee,nabad
nabadsii,nabad
nabadsiin,nabad
nabadsugid,nabad
nabadda,nabad
nabadgalyo,nabadgal
nabarro,nabar
nabarrada,nabar
nabarku,nabar
nabarna,nabar
nabarka,nabar
nabaraan,nabar
nabarrayn,nabar
nabarree,nabar
nabarraysan,nabar
nabaraysan,nabar
nabarraysnaan,nabar
nabarraysnaansho,nabar
nabaraysnaan,nabar
nabaraysnaansho,nabar
nabarradu,nabar
nabdaaddin,nabdaaddi
nabdaaddiyid,nabdaaddi
nabdaaddis,nabdaaddi
nabiibid,nabiib
nabiibnimo,nabiib
namiinid,namiin
namiinnimo,namiin
nabsiyid,nabsi
nacalladeysan,nacallad
nacalladee,nacallad
nacalladeyn,nacallad
nacalladid,nacallad
nacalladoobid,nacallad
nacalladow,nacallad
nacalladeysnaan,nacallad
nacalladeysnaansho,nacallad
nacdalee,nacdal
nacdaleyn,nacdal
nacdalid,nacdal
nacdallee,nacdal
nacdalleyn,nacdal
nacdalleysan,nacdal
nacdalleysnaan,nacdal
nacdalleysnaansho,nacdal
nacfiga,nacfi
nacfiyid,nacfi
nacnaclee,nacnac
nacnacleyn,nacnac
nacnaca,nacnac
nadoocma,nadooc
nadooca,nadooc
nadooci,nadooc
nadoocin,nadooc
nadoocsan,nadooc
nadoociyay,nadooc
nadoocsanaan,nadooc
nadoocsanaansho,nadooc
nadoocsanow,nadooc
nadoocshay,nadooc
nafaqoxumo,nafaqo
nafaqodarro,nafaqo
nafaqooyinka,nafaqo
nafbaxday,nafbax
nafbaxaya,nafbax
nafhurid,nafhur
nefisid,nefis
niyajabsan,niyajab
niyajabsanaan,niyajab
niyajabsanaansh,niyajab
niyajabsanaansho,niyajab
naftirid,naftir
nagaadin,nagaadi
negaadin,negaadi
najaasaysan,najaas
najaasaysnaan,najaas
najaasaysnaansho,najaas
najaasee,najaas
najaaseyn,najaas
najaasnimo,najaas
najaaso,najaas
najaasoobid,najaas
najaasow,najaas
najaasobid,najaas
nijaaso,nijaas
nijaasi,nijaas
nijaasayn,nijaas
nijaaseyn,nijaas
nijaasaysan,nijaas
nijaasaysnaan,nijaas
nijaasee,nijaas
nijaasnimo,nijaas
nijaasoobid,nijaas
nijaasow,nijaas
nijaasaysnaansho,nijaas
nijaasoobin,nijaas
naqdiyid,naqdi
naqashadeysan,naqash
naqraacid,naqraac
naqtiinsad,naqtiin
naqtiinsasho,naqtiin
naqtiinso,naqtiin
nasakhid,nasakh
nasakhaad,nasakh
nasakhan,nasakh
nasakhnaan,nasakh
nasakhnaansho,nasakh
nasakhnow,nasakh
nashirid,nashir
nashiran,nashir
nashirnaan,nashir
nashirnaansho,nashir
nashuugi,nashuug
nashuugid,nashuug
nashuugin,nashuug
nasinaayo,nasin
nastahanaan,nastahan
nastahanaansho,nastahan
nawirid,nawir
naxuusi,naxuus
naxuusid,naxuus
naxuusin,naxuus
nuxuusi,nuxuus
nuxuusid,nuxuus
nuxuusin,nuxuus
naylaha,nayl
nayloon,nayl
naylakobcis,nayl
naylaqaad,nayl
naylduur,nayl
neecawdu,neecaw
neecawsasho,neecaw
neecawso,neecaw
neefsashada,neef
neefaha,neef
neefmareennada,neef
neefta,neef
neeftu,neef
neefo,neef
neefeed,neef
neefuhu,neef
neefsi,neef
neefkii,neef
neefsado,neef
neefku,neef
neefsan,neef
neefka,neef
neefsiga,neef
neefi,neef
neeftuuraaya,neef
neeftaasi,neef
neefraac,neef
neeftani,neef
neefsashadu,neef
neefayn,neef
neefee,neef
neefgurid,neef
neeftuurid,neef
neefin,neef
neefis,neef
neefqalow,neef
neefsad,neef
neefso,neef
neefsata,neef
neefmadoobaha,neef
neefiyo,neef
neeftii,neef
neefgurid,neefgur
neeftuuraaya,neeftuur
neeftuurid,neeftuur
nidiray,nidir
niggaxan,niggax
niggaxasho,niggax
niggaxnaan,niggax
niggaxnaansho,niggax
niggaxo,niggax
niibkeenid,niib
niibaati,niib
niiban,niib
niibasho,niib
niibo,niib
niibee,niib
niibeyn,niib
niibid,niib
niibnaan,niib
niibnaansho,niib
niibnow,niib
niiboobid,niib
niishaabid,niishaab
niishaabmid,niishaab
niishaabnaan,niishaab
niishaabnaansho,niishaab
niishaabtamid,niishaab
nishaabta,nishaab
nishaabo,nishaab
nishaabid,nishaab
nishaabi,nishaab
nishaabmid,nishaab
nishaabnaan,nishaab
nishaabtamid,nishaab
nishaabnaansho,nishaab
nishaabayo,nishaab
nikaaxi,nikaax
nikaaxid,nikaax
nikaaxin,nikaax
nikaaxsan,nikaax
nikaaxsanaan,nikaax
nikaaxsanaansho,nikaax
nikaaxsasho,nikaax
nikaaxso,nikaax
niyadjabsan,niyadjab
niyadjabsanaan,niyadjab
niyadjabsanaansho,niyadjab
nohnohid,nohnoh
noogu,noog
noogo,noog
noogan,noog
noogay,noog
noogid,noog
noognaan,noog
noognaansho,noog
nooga,noog
noolaan,nool
noolyahay,nool
noolihiisa,nool
noolahaas,nool
noolayaasha,nool
noolyihiin,nool
noolayaal,nool
noolaha,nool
noolaado,nool
noolayaashii,nool
noole,nool
noolayn,nool
noolato,nool
noolaa,nool
noolaadaan,nool
noolaasho,nool
nooleyaal,nool
noolaansho,nool
noolaato,nool
noolkaas,nool
noolka,nool
nooloshiisa,nool
noolaada,nool
noolayasha,nool
nooluhu,nool
noolayaasho,nool
noolaanshaha,nool
nooleyn,nool
noolayd,nool
nooleyd,nool
noolayaashu,nool
noolaynba,nool
noolaanshahooda,nool
noolosha,nool
noollada,nool
nooloo,nool
noolow,nool
noola,nool
noolee,nool
noolays,nool
noolyid,nool
nooleeyo,nool
noolaysiin,nool
noolaad,nool
nooleed,nool
noolan,nool
nooleen,nool
noolihiisa,nooli
nugaaleed,nugaal
nugulka,nugul
nujubid,nujub
nuugiddii,nuugid
nuugidda,nuugid
nuunaasid,nuunaas
nuuradda,nuur
nuuradeed,nuur
nuurkii,nuur
nuurka,nuur
nuuriyad,nuur
nuuriyo,nuur
nuuradayn,nuur
nuuradee,nuur
nuuriyadayn,nuur
nuuradaysan,nuur
nuuriyadaysan,nuur
nuuradaysnaan,nuur
nuuradeysan,nuur
nuuradaysdnaansho,nuur
nuuriyadaysnaan,nuur
nuuriyadaysnaa,nuur
nuuradaysnaansho,nuur
nuuriyadee,nuur
nuuradoobid,nuur
nuuradow,nuur
nuuriyadoobid,nuur
nuuriyadow,nuur
nuuri,nuur
nuurid,nuur
nuurin,nuur
nuuriyadaysnaansho,nuur
nuuradda,nuurad
nuuradeed,nuurad
nuuradayn,nuurad
nuuradee,nuurad
nuuradaysan,nuurad
nuuradaysnaan,nuurad
nuuradeysan,nuurad
nuuradaysdnaansho,nuurad
nuuradaysnaansho,nuurad
nuuradoobid,nuurad
nuuradow,nuurad
nuxurka,nuxur
nuxurkiisa,nuxur
oddorosid,oddoros
oggoleysiin,oggol
oggolaado,oggol
oggolaato,oggol
oggolaaday,oggol
oggolayn,oggol
oggolato,oggol
oggolaan,oggol
oggolyahay,oggol
oggolaansho,oggol
oggolaada,oggol
oggoladay,oggol
oggoleyn,oggol
oggolaanayn,oggol
oggolaysiin,oggol
oggolaanaysa,oggol
oggolaasho,oggol
oggolaanin,oggol
oggolaanshaha,oggol
oggolaata,oggol
oggoleysiiyo,oggol
oggolaanayaan,oggol
oggoleen,oggol
oggolaysiiyay,oggol
oggolow,oggol
oggolaysii,oggol
oggolaysiiyo,oggol
oggolaadaa,oggol
oggolaa,oggol
oggolaashadarro,oggol
ogsajiintuna,ogsajiin
ogsajiinta,ogsajiin
ollogid,ollog
ollogleh,ollog
onkodle,onkod
onkodid,onkod
ontorro,ontor
ontorid,ontor
oodan ,oodan
oodane,oodan
oodjiidid,oodjiid
oodkaca,oodkac
oodkacan,oodkac
oodkacasho,oodkac
oodkaco,oodkac
oodkacnaan,oodkac
oodkacnaansho,oodkac
oomaari,oomaar
oomaarid,oomaar
oomaarin,oomaar
oonbeelid,oonbeel
orodka,orod
orodkooda,orod
orodsiin,orod
oroddaa,orod
orodsiiyo,orod
oroddo,orod
orodday,orod
orodo,orod
orodsii,orod
orodsiis,orod
oroobka,oroob
qaabilsanaa,qaab
qaabkiisa,qaab
qaabnax,qaab
qaabkooda,qaab
qaabkoodu,qaab
qaabkan,qaab
qaabkood,qaab
qaabka,qaab
qaabkaasoo,qaab
qaabba,qaab
qaababkooda,qaab
qaaba,qaab
qaabkeeda,qaab
qaabbilsan,qaab
qaabilsan,qaab
qaababkan,qaab
qaabab,qaab
qaabilid,qaab
qaabkiisu,qaab
qaabeynta,qaab
qaabki,qaab
qaabkii,qaab
qaabdarro,qaab
qaabbilid,qaab
qaabayn,qaab
qaabna,qaab
qaabeed,qaab
qaabilayaasha,qaab
qaabilidda,qaab
qaabilaan,qaab
qaabkaasi,qaab
qaababka,qaab
qaabdarrada,qaab
qaabkoodii,qaab
qaabdhiska,qaab
qaabi,qaab
qaabbilaad,qaab
qaabbilo,qaab
qaabbilsanaan,qaab
qaabbilsanaansho,qaab
qaabbilsii,qaab
qaabbilsiin,qaab
qaabdaran,qaab
qaabdarnaan,qaab
qaabdarnaansho,qaab
qaabdarri,qaab
qaabxun,qaab
qaabid,qaab
qaabin,qaab
qaabile,qaab
qaabis,qaab
qaablaawe,qaab
qaabmid,qaab
qaabnaan,qaab
qaabnaansho,qaab
qaabsamaan,qaab
qaabsamaansho,qaab
qaabsami,qaab
qaabsamo,qaab
qaabsanaan,qaab
qaabsanaansho,qaab
qaabuuli,qaab
qaabxumaan,qaab
qaabxumaansho,qaab
qaabxumi,qaab
qaabxumo,qaab
qaabilsantahay,qaab
qaabkiis,qaab
qaabsaddex,qaab
qaabilayaashaasi,qaab
qaabisiin,qaab
qaabbilsan,qaabbil
qaabbilid,qaabbil
qaabbilaad,qaabbil
qaabbilo,qaabbil
qaabbilsanaan,qaabbil
qaabbilsanaansho,qaabbil
qaabbilsii,qaabbil
qaabbilsiin,qaabbil
qaabsanaan,qaabsan
qaabsanaansho,qaabsan
qaacido,qaac
qaaca,qaac
qaacidooyin,qaac
qaacu,qaac
qaaci,qaac
qaacid,qaac
qaacin,qaac
qaacelin,qaac
qiici,qiic
qiicid,qiic
qiicin,qiic
qiiqiyo,qiiq
qiiqbiyood,qiiq
qiiqi,qiiq
qiiqaabid,qiiq
qiiqid,qiiq
qiiqin,qiiq
qiiqsasho,qiiq
qiiqso,qiiq
qiiqu,qiiq
qiiqa,qiiq
qiiqaabid,qiiqaab
qaadanaynaa,qaad
qaadaan,qaad
qaadannay,qaad
qaadanno,qaad
qaadaa,qaad
qaadasho,qaad
qaaday,qaad
qaadid,qaad
qaadayo,qaad
qaado,qaad
qaadin,qaad
qaada,qaad
qaadkood,qaad
qaadidda,qaad
qaaddaa,qaad
qaadda,qaad
qaadanto,qaad
qaaddo,qaad
qaade,qaad
qaadato,qaad
qaadataa,qaad
qaadatay,qaad
qaadan,qaad
qaadi,qaad
qaadashadeeda,qaad
qaadata,qaad
qaadashada,qaad
qaadkiisu,qaad
qaadsiyo,qaad
qaadka,qaad
qaadista,qaad
qaadaayo,qaad
qaadkeeda,qaad
qaadsanaans,qaad
qaadsiiyo,qaad
qaadday,qaad
qaadaya,qaad
qaadashooyin,qaad
qaadanayo,qaad
qaadsiiya,qaad
qaadeyn,qaad
qaadkiisa,qaad
qaaddidda,qaad
qaadanayaan,qaad
qaadsiiyaa,qaad
qaadad,qaad
qaadashaduna,qaad
qaadayaasha,qaad
qaadweyn,qaad
qaadanayn,qaad
qaadanaysa,qaad
qaadis,qaad
qaadaadhigid,qaad
qaaddac,qaad
qaaddacaad,qaad
qaaddan,qaad
qaaddanaan,qaad
qaaddanaansho,qaad
qaaddi,qaad
qaaddicid,qaad
qaaddiro,qaad
qaadqaadid,qaad
qaadqamax,qaad
qaadsii,qaad
qaadsiin,qaad
qaadsiis,qaad
qaadwale,qaad
qaadmay,qaad
qaadiriyada,qaad
qaadanaayo,qaad
qaadhaan,qaad
qaadaadhigay,qaad
qaaddada,qaad
qaadaadhigid,qaadaadhig
qaadaadhigay,qaadaadhig
qaadqaadid,qaadqaad
qaanuun,qaan
qaangaartay,qaan
qaanuunno,qaan
qaangaarnimada,qaan
qaansimidda,qaan
qaansada,qaan
qaangaadh,qaan
qaangaarin,qaan
qaangaadhka,qaan
qaansooyinka,qaan
qaantii,qaan
qaangaaray,qaan
qaanku,qaan
qaangaarka,qaan
qaanado,qaan
qaansaroobaad,qaan
qaangaadhayo,qaan
qaanbax,qaan
qaanbixid,qaan
qaandhebid,qaan
qaangaarid,qaan
qaangal,qaan
qaangelid,qaan
qaanqaami,qaan
qaanqaamin,qaan
qaanqaanni,qaan
qaansaley,qaan
qaansoley,qaan
qaansaqumiye,qaan
qaansheeg,qaan
qaansheegte,qaan
qaansooyin,qaan
qaansoole,qaan
qaanta,qaan
qaantiisi,qaan
qaangaadhana,qaan
qaangadh,qaan
qaangaadho,qaan
qaanuunka,qaan
qaalina,qaalin
qaangaartay,qaangaar
qaangaarnimada,qaangaar
qaangaarin,qaangaar
qaangaaray,qaangaar
qaangaarka,qaangaar
qaangaarid,qaangaar
qaansooyinka,qaanso
qaansoley,qaanso
qaansooyin,qaanso
qaansoole,qaanso
qaarkood,qaar
qaarko,qaar
qaarkeed,qaar
qaarka,qaar
qaarado,qaar
qaarkoodna,qaar
qaarkii,qaar
qaarkiis,qaar
qaaradaha,qaar
qaarkeeda,qaar
qaarad,qaar
qaaradeed,qaar
qaarna,qaar
qaarkisa,qaar
qaariyadaha,qaar
qaarkiisa,qaar
qaarkoodka,qaar
qaarmid,qaar
qaaradihii,qaar
qaarnaan,qaar
qaarba,qaar
qaaraamo,qaar
qaarkoodina,qaar
qaare,qaar
qaaraami,qaar
qaaraamid,qaar
qaarayn,qaar
qaaree,qaar
qaarbuuco,qaar
qaarbuuxo,qaar
qaardheere,qaar
qaarid,qaar
qaaris,qaar
qaarjeex,qaar
qaarood,qaar
qaarqaadid,qaar
qaarqaaqan,qaar
qaarri,qaar
qaarrin,qaar
qaarris,qaar
qaarsan,qaar
qaaray,qaar
qaarsanaan,qaar
qaarsanaansho,qaar
qaarxabaalid,qaar
qaarki,qaar
qaaradeedka,qaar
qaarqaadid,qaarqaad
qaarxabaalid,qaarxabaal
qaayibay,qaayib
qaayibid,qaayib
qaayibo,qaayib
qabaanqabid,qabaanqab
qawqabid,qawqab
qabatinka,qabatin
qabbaanid,qabbaan
qabbaansad,qabbaan
qabbaansasho,qabbaan
qabbaanso,qabbaan
qabbaansi,qabbaan
qabbirid,qabbir
qabbiran,qabbir
qabbiray,qabbir
qabbirasho,qabbir
qabbiro,qabbir
qabbirnaan,qabbir
qabbirnaansho,qabbir
qaboobo,qabo
qaboojiyo,qabo
qaboobid,qabo
qabowday,qabo
qabowga,qabo
qabooba,qabo
qaboobay,qabo
qaboobey,qabo
qaboobiddu,qabo
qaboojinta,qabo
qaboojiyey,qabo
qaboobi,qabo
qabowgu,qabo
qabowdo,qabo
qaboobaha,qabo
qaboojin,qabo
qaboobaan,qabo
qaboobaansho,qabo
qaboobow,qabo
qaboobe,qabo
qabooji,qabo
qaboojisasho,qabo
qaboojiso,qabo
qaboojiye,qabo
qaboone,qabo
qaboono,qabo
qabowsasho,qabo
qabowso,qabo
qaboyaro,qabo
qaboob,qabo
qabowday,qabow
qabowga,qabow
qabowgu,qabow
qabowdo,qabow
qabowsasho,qabow
qabowso,qabow
qadaadka,qadaad
qadaadan,qadaad
qadaaday,qadaad
qadaadid,qadaad
qadaadnaan,qadaad
qadaadnaansho,qadaad
qaddacan,qaddac
qaddacnaan,qaddac
qaddacnaansho,qaddac
qaddarinta,qaddar
qaddarin,qaddar
qaddariso,qaddar
qaddarinayo,qaddar
qaddaran,qaddar
qaddarey,qaddar
qaddari,qaddar
qaddarid,qaddar
qaddaris,qaddar
qaddarjaban,qaddar
qaddarjabi,qaddar
qaddarjabid,qaddar
qaddarjabin,qaddar
qaddarjabnaan,qaddar
qaddarjabnaansho,qaddar
qaddarjabsan,qaddar
qaddarjabsanaan,qaddar
qaddarjabsanaansho,qaddar
qaddarjebi,qaddar
qaddarjebid,qaddar
qaddarjebin,qaddar
qaddarnaan,qaddar
qaddarnaansho,qaddar
qaddariyo,qaddar
qafaalay,qafaal
qafaalan,qafaal
qafaalasho,qafaal
qafaalo,qafaal
qafaalid,qafaal
qafaalnaan,qafaal
qafaalnaansho,qafaal
qaddarjaban,qaddarjab
qaddarjabi,qaddarjab
qaddarjabid,qaddarjab
qaddarjabin,qaddarjab
qaddarjabnaan,qaddarjab
qaddarjabnaansho,qaddarjab
qaddarjabsan,qaddarjab
qaddarjabsanaan,qaddarjab
qaddarjabsanaansho,qaddarjab
qadiid,qadi
qadid,qadi
qadiim,qadi
qadimasho,qadi
qadin,qadi
qadisay,qadi
qadiidi,qadi
qadiidin,qadi
qadiidsan,qadi
qadiidiyey,qadi
qadiidsanaan,qadi
qadiidsanaansho,qadi
qadis,qadi
qafilan,qafil
qafilid,qafil
qafilasho,qafil
qafilo,qafil
qafilnaan,qafil
qafilnaansho,qafil
qunfulan,qunful
qunfulasho,qunful
qunfulnaan,qunful
qunfulo,qunful
qunfulid,qunful
qunfulnaansho,qunful
qufullada,quful
qufulkana,quful
qufulan,quful
qufulasho,quful
qufulid,quful
qufulnaan,quful
qufulnaa,quful
qufulo,quful
qufulad,quful
qufulnaansho,quful
qaflanaan,qaflan
qaflanaansho,qaflan
qajeelid,qajeel
qąlaadid,qąlaad
qalaanqalmadow,qalaanqal
qalaanqalka,qalaanqal
qalanayo,qalan
qalanjo,qalan
qalankiisa,qalan
qaldanaan,qaldan
qaldanaansho,qaldan
qaldanayn,qaldan
qaldhacan,qaldhac
qaldhacnaan,qaldhac
qaldhacnaansho,qaldhac
qallacan,qallac
qallacnaan,qallac
qallaco,qallac
qallacay,qallac
qallacid,qallac
qallacnaansho,qallac
qallaxan,qallax
qallaxnaan,qallax
qallaxnaansho,qallax
qalfaadid,qalfaad
qalindaarasho,qalindaar
qalindaaro,qalindaar
qalindaarid,qalindaar
qalladasho,qallad
qallado,qallad
qallafsan,qallaf
qallafi,qallaf
qallafid,qallaf
qallafin,qallaf
qallafsanaan,qallaf
qallafsanaansho,qallaf
qallajista,qallajis
qallalan,qallal
qallalaan,qallal
qallalo,qallal
qallallaa,qallal
qallalin,qallal
qallala,qallal
qallalantahay,qallal
qallalayl,qallal
qallalaanna,qallal
qallalay,qallal
qallalid,qallal
qallalnaan,qallal
qallalnaansho,qallal
qallibid,qallib
qallibaad,qallib
qallibmid,qallib
qallibnaan,qallib
qallibnaansho,qallib
qalliinka,qalliin
qalloociya,qallooc
qallooca,qallooc
qallooceedu,qallooc
qalloocan,qallooc
qalloocantahay,qallooc
qalloocda,qallooc
qalloocsanka,qallooc
qalloocin,qallooc
qalloocasho,qallooc
qalloocdaan,qallooc
qalloocsamid,qallooc
qalloocsan,qallooc
qallooco,qallooc
qalloocid,qallooc
qallooci,qallooc
qalloocnaan,qallooc
qalloocnaansho,qallooc
qalloocsanaan,qallooc
qalloocsanaansho,qallooc
qalloocsasho,qallooc
qalloocso,qallooc
qalloocsi,qallooc
qalloocshey,qallooc
qalloocmay,qallooc
qalluudid,qalluud
qalluudsan,qalluud
qalluudsanaan,qalluud
qalluudsanaansho,qalluud
galluubid,galluub
galluuban,galluub
galluubnaan,galluub
galluubnaansho,galluub
qalluulid,qalluul
qaloondub,qalo
qalooc,qalo
qaloo,qalo
qalood,qalo
qaloombiyid,qalo
qaloombin,qalo
qaloon,qalo
qaloonfirdhis,qalo
qalow,qalo
qalowle,qalo
qalowlee,qalo
qalowleyn,qalo
qaloombiyid,qaloombi
qaloombin,qaloombi
qalqalloc,qalqal
qalqale,qalqal
qalqali,qalqal
qalqalid,qalqal
qalqalin,qalqal
qalqalli,qalqal
qalqalsan,qalqal
qalqalsanaan,qalqal
qalqalsanaansho,qalqal
qalqalloocan,qalqal
qalqallooc,qalqal
qalqalooc,qalqal
qamaamudan,qamaamud
qamaamuday,qamaamud
qamaamudid,qamaamud
qamaamudnaan,qamaamud
qamaamudnaansho,qamaamud
qamarshiidan,qamarshiid
qamarshiidid,qamarshiid
qamarshiidnaan,qamarshiid
qamarshiidnaansho,qamarshiid
qamiicsanaansho,qamiic
qamiicid,qamiic
qamiicsan,qamiic
qamiicsanaan,qamiic
qamiiri,qamiir
qamiirid,qamiir
qamiirin,qamiir
qamiirsan,qamiir
qamiirsanaan,qamiir
qamiirsanaansho,qamiir
qamiirsasho,qamiir
qamiirsi,qamiir
qamiirso,qamiir
qamiiriyo,qamiir
qamirid,qamir
qamisan,qamis
qamisasho,qamis
qamiso,qamis
qamisid,qamis
qamisnaan,qamis
qamisnaansho,qamis
qammaacid,qammaac
qammaadid,qammaad
qammaadi,qammaad
qammaadin,qammaad
qammaadsan,qammaad
qammaadsanaan,qammaad
qammaadsanaansho,qammaad
qanaanta,qanaan
qanaani,qanaan
qanaanin,qanaan
qanacsan,qanac
qanacsanaan,qanac
qanacsanaansho,qanac
qandacsan,qandac
qandacay,qandac
qandacsanaan,qandac
qandacsanaansho,qandac
qandacsasho,qandac
qandacso,qandac
qandacsi,qandac
qandhow,qandho
qandhood,qandho
qandhoo,qandho
qandiiri,qandiir
qandiirid,qandiir
qandiirin,qandiir
qandoodid,qandood
qandoodsasho,qandood
qaneecaadid,qaneecaad
qaniina,qaniin
qaniinyadeeda,qaniin
qaniinta,qaniin
qaniino,qaniin
qaniinyo,qaniin
qaniinyada,qaniin
qaniinay,qaniin
qaniinya,qaniin
qaniinyadiisu,qaniin
qaniinka,qaniin
qaniinyaduna,qaniin
qaniinid,qaniin
qaniinnimada,qaniin
qaniinin,qaniin
qaniinyedeeda,qaniin
qaniinaaya,qaniin
qaniinsii,qaniin
qaniinsiin,qaniin
qanjirrada,qanjir
qanjirka,qanjir
qanjireed,qanjir
qanjirradu,qanjir
qanjirdhiiga,qanjir
qanjirdhiiqa,qanjir
qanjirbararsarcada,qanjir
qanjirada,qanjir
qanjirid,qanjir
qanjirabarar,qanjir
qanjirku,qanjir
qanjirsan,qanjir
qanjirsanaan,qanjir
qanjirsanaansho,qanjir
qanjirdhiigga,qanjir
qanjirro,qanjir
qanjiro,qanjir
qanjirbararsarcada,qanjirbarar
qaraabeysasho,qaraab
qaraabadiisa,qaraab
qaraabta,qaraab
qaraabannimo,qaraab
qaraabada,qaraab
qaraaban,qaraab
qaraabanimo,qaraab
qaraabid,qaraab
qaraabaggoo,qaraab
qaraabaggooyn,qaraab
qaraabaggooys,qaraab
qaraabakiilid,qaraab
qaraabaqansax,qaraab
qaraabasho,qaraab
qaraabaysad,qaraab
qaraabaysasho,qaraab
qaraabayso,qaraab
qaraabto,qaraab
qaraaba,qaraab
qaraabadeeda,qaraab
qaraabakiilid,qaraabakiil
karaabakiil,karaabakiil
qaraarid,qaraar
qaraaran,qaraar
qarafeysasho,qaraf
qarafeyso,qaraf
qarafo,qaraf
qarafsasho,qaraf
qarafso,qaraf
qaraqmid,qaraq
qaraqid,qaraq
qaraqan,qaraq
qaraxa,qarax
qaraxda,qarax
qaraxyada,qarax
qarbudaad,qarbud
qarbudid,qarbud
qardajeexid,qardajeex
qardajeexsii,qardajeex
qardajeexsiin,qardajeex
qareennimo,qareen
qareensasho,qareen
qareenso,qareen
qariibi,qariib
qariibin,qariib
qariibis,qariib
qariidid,qariid
qarmuunaan,qarmuun
qarmuunaansho,qarmuun
qurmuunaan,qurmuun
qurmuunaansho,qurmuun
qurmuunayn,qurmuun
qarqarid,qarqar
qarqaryood,qarqar
qarqaryada,qarqar
qarqaryo,qarqar
qarqaryeysnaansho,qarqar
qarqarayn,qarqar
qarqaree,qarqar
qarqari,qarqar
qarqarsii,qarqar
qarqarin,qarqar
qarqariye,qarqar
qarqariyo,qarqar
qarqarrootiyid,qarqar
qarqarsiinyo,qarqar
qarqarsiin,qarqar
qarqarsiyid,qarqar
qarqarsinaan,qarqar
qarqarsiyan,qarqar
qarqarsinaansho,qarqar
qarqarsiyey,qarqar
qarqaryeysan,qarqar
qarqaryeysnaan,qarqar
qarqaryoo,qarqar
qarqarrootiyid,qarqarrooti
qarqarsii,qarqarsi
qarqarsiinyo,qarqarsi
qarqarsiin,qarqarsi
qarqarsiyid,qarqarsi
qarqarsinaan,qarqarsi
qarqarsiyan,qarqarsi
qarqarsinaansho,qarqarsi
qarqarsiyey,qarqarsi
qarqoorid,qarqoor
qooqaarid,qooqaar
qooqaarasho,qooqaar
qooqaaro,qooqaar
qooqaarsasho,qooqaar
qooqaarso,qooqaar
qarraacan,qarraac
qarraacid,qarraac
qarraacnaan,qarraac
qarraacnaansho,qarraac
qarraafid,qarraaf
qarraafis,qarraaf
qarrari,qarrar
qarrarid,qarrar
qarrarin,qarrar
tarrarid,tarrar
tarrari,tarrar
tarrarin,tarrar
qarreran,qarrer
qarreri,qarrer
qarrerid,qarrer
qarrerin,qarrer
qarreris,qarrer
qarrernaan,qarrer
qarrernaansho,qarrer
qarririd,qarrir
qarriran,qarrir
qarrirnaan,qarrir
qarrirnaansho,qarrir
qarribid,qarri
qarririd,qarri
qarriran,qarri
qarrirnaan,qarri
qarrirnaansho,qarri
qarroorid,qarroor
qasanta,qasan
qasantahay,qasan
qasanto,qasan
qasanqas,qasan
qarsoontahay,qarsoon
qarsoonyahay,qarsoon
qarsoonay,qarsoon
qarsoonayn,qarsoon
qarsoonaa,qarsoon
qarsoonaan,qarsoon
qarsoonaansho,qarsoon
qaruufid,qaruuf
qaruufsii,qaruuf
qaruufsiin,qaruuf
qaruufo,qaruuf
qasaalan,qasaal
qasaalay,qasaal
qasaalasho,qasaal
qasaalo,qasaal
qasaalid,qasaal
qasaalnaan,qasaal
qasaalnaansho,qasaal
qasaasilid,qasaasil
qasilid,qasil
qasilasho,qasil
qasilo,qasil
qashaafid,qashaaf
qataaro,qataar
qataaray,qataar
qataarid,qataar
qataarmid,qataar
qataarnaan,qataar
qataarnaansho,qataar
qataarasho,qataar
qatindhaafid,qatin
qatinsan,qatin
qatinsanaan,qatin
qatinsanaansho,qatin
qatindhaafid,qatindhaaf
qawadid,qawad
qawadsan,qawad
qawadsanaan,qawad
qawadsanaansho,qawad
qawado,qawad
qawadday,qawad
qawlad,qawl
qawlalan,qawl
qawlalid,qawl
qawlalnaan,qawl
qawlalnaansho,qawl
qawle,qawl
qawley,qawl
qawlid,qawl
qawlallada,qawl
qawlalan,qawlal
qawlalid,qawlal
qawlalnaan,qawlal
qawlalnaansho,qawlal
qawlallada,qawlal
qawrarid,qawrar
qaxaabad,qaxaab
qaxaabnimo,qaxaab
qaxantay,qaxan
qaxanqixid,qaxan
qayaxmid,qayax
qayaxnaan,qayax
qayaxnaansho,qayax
qaybta,qayb
qaybo,qayb
qaybqaateen,qayb
qaybaha,qayb
qaybood,qayb
qaybtiisa,qayb
qaybsaday,qayb
qaybin,qayb
qaybiyo,qayb
qaybqaataan,qayb
qaybteeda,qayb
qaybsamaa,qayb
qaybqaadan,qayb
qaybiyaa,qayb
qaybshay,qayb
qaybsamid,qayb
qaybintooda,qayb
qaybsanayo,qayb
qaybsamin,qayb
qaybeed,qayb
qaybqaadasho,qayb
qaybsamaya,qayb
qaybqaata,qayb
qaybsasho,qayb
qaybsamo,qayb
qaybsanta,qayb
qaybinta,qayb
qaybiya,qayb
qaybisa,qayb
qaybshey,qayb
qaybtaas,qayb
qaybsantahay,qayb
qaybgalaan,qayb
qaybhoosaad,qayb
qaybsama,qayb
qaybinaya,qayb
qaybiyey,qayb
qaybgali,qayb
qaybaheeda,qayb
qaybsanyihiin,qayb
qaybsada,qayb
qaybshaha,qayb
qaybsamay,qayb
qaybinayo,qayb
qaybsanka,qayb
qaybsami,qayb
qaybsamaan,qayb
qaybsado,qayb
qaybsiyeed,qayb
qayboodba,qayb
qaybsh,qayb
qaybsanayey,qayb
qaybinaysay,qayb
qaybineysay,qayb
qaybinayey,qayb
qayb ,qayb
qayb  ,qayb
qaybgelid,qayb
qaybgale,qayb
qaybgeli,qayb
qaybgelin,qayb
qaybi,qayb
qaybid,qayb
qaybis,qayb
qaybiye,qayb
qaybshe,qayb
qayblibaax,qayb
qaybtooda,qayb
qaybqaado,qayb
qaybsad,qayb
qaybiyay,qayb
qaybsanaan,qayb
qaybsanaansho,qayb
qaybso,qayb
qaybsi,qayb
qaybsii,qayb
qaybsiin,qayb
qaybsho,qayb
qaybinteeda,qayb
qaybsana,qayb
qaybgalo,qayb
qaybtii,qayb
qaybisaa,qayb
qaybtaa,qayb
qaybsanto,qayb
qaybgala,qayb
qaybsashadooda,qayb
qaybeedyada,qayb
qaybintu,qayb
qaybyteeda,qayb
qaybihiisa,qayb
qaybint,qayb
qaybgalaan,qaybgal
qaybgali,qaybgal
qaybgale,qaybgal
qaybgalo,qaybgal
qaybgala,qaybgal
qaybsanayo,qaybsan
qaybsanta,qaybsan
qaybsantahay,qaybsan
qaybsanyihiin,qaybsan
qaybsanka,qaybsan
qaybsanayey,qaybsan
qaybsanaan,qaybsan
qaybsanaansho,qaybsan
qaybsana,qaybsan
qaybsanto,qaybsan
qayilo,qayil
qayilaad,qayil
qayilid,qayil
qayilsan,qayil
qayilsanaan,qayil
qayilsanaansho,qayil
qayilsii,qayil
qayilsiin,qayil
qayirmin,qayir
qayiraad,qayir
qayirasho,qayir
qayiro,qayir
qayirid,qayir
qayirmid,qayir
qayirnaan,qayir
qayirnaansho,qayir
qaylakeenid,qaylakeen
qaylaroorid,qaylaroor
qaylarraacid,qaylarraac
qayraansan,qayraan
qayraansanaan,qayraan
qayraansanaansho,qayraan
qisaasan,qisaas
qisaasid,qisaas
qisaasnaan,qisaas
qisaasnaansho,qisaas
qishay,qish
qishid,qish
qiyaastii,qiyaas
qiyaaso,qiyaas
qiyaasay,qiyaas
qiyaasta,qiyaas
qiyaasaa,qiyaas
qiyaastooda,qiyaas
qiyaasid,qiyaas
qiyaasasho,qiyaas
qiyaasan,qiyaas
qiyaasnaan,qiyaas
qiyaasnaansho,qiyaas
qiyaasi,qiyaas
qiyaasteedu,qiyaas
qiyaastoodii,qiyaas
qobtolka,qobtol
qobtolan,qobtol
qobtolay,qobtol
qobtolid,qobtol
qobtolnaan,qobtol
qobtolnaansho,qobtol
qobtollada,qobtol
qodobbada,qodob
qodobaysan,qodob
qodobna,qodob
qodobka,qodob
qodobkan,qodob
qodobo,qodob
qodobku,qodob
qolfaadid,qolfaad
qolqolka,qolqol
qolqolan,qolqol
qolqolid,qolqol
qombobid,qombob
qombobsan,qombob
qombobay,qombob
qombobsanaan,qombob
qombobsanaansho,qombob
qoofalid,qoofal
qoofalan,qoofal
qoofalay,qoofal
qoofalnaan,qoofal
qoofalnaansho,qoofal
qoofalka,qoofal
qoolleyda,qool
qoollayda,qool
qoolad,qool
qoollin,qool
qoolaabasho,qool
qoolaabo,qool
qoolaabid,qool
qoolaabmid,qool
qoolaabnaan,qool
qoolaabnaansho,qool
qoolaati,qool
qoolati,qool
qoolay,qool
qooli,qool
qoolid,qool
qoolin,qool
qoollaalliyid,qool
qoolley,qool
qoolli,qool
qoollis,qool
qoolmid,qool
qoolnaan,qool
qoolnaansho,qool
qooleyda,qool
qoolo,qool
qoolaabasho,qoolaab
qoolaabo,qoolaab
qoolaabid,qoolaab
qoolaabmid,qoolaab
qoolaabnaan,qoolaab
qoolaabnaansho,qoolaab
qoollaalliyid,qoollaalli
qoombin,qoombi
qoonaha,qoon
qoonsado,qoon
qoonsaday,qoon
qoonmay,qoon
qoonmid,qoon
qoonsasho,qoon
qoonaan,qoon
qoonbiyaal,qoon
qooni,qoon
qoon ,qoon
qoondayn,qoon
qoondee,qoon
qoondaysasho,qoon
qoondayso,qoon
qoondaysi,qoon
qoone,qoon
qoonqoon,qoon
qoonsad,qoon
qoonso,qoon
qoonsi,qoon
qoonsimaad,qoon
qooqan,qooq
qooqani,qooq
qooqbaxo,qooq
qooqu,qooq
qooqdo,qooq
qooqa,qooq
qooqaarid,qooq
qooqaarasho,qooq
qooqaaro,qooq
qooqaarsasho,qooq
qooqaarso,qooq
qooqid,qooq
qooqnaan,qooq
qooqnaansho,qooq
qooqay,qooq
ǫoqaar,ǫoqaar
qooraarso,qooraar
qooraarid,qooraar
qooraarsad,qooraar
qooraarsi,qooraar
qooraarsasho,qooraar
qoordiidan,qoordiid
qoordiiday,qoordiid
qoordiidasho,qoordiid
qoordiido,qoordiid
qoordiidid,qoordiid
qoordiidnaan,qoordiid
qoordiidnaansho,qoordiid
qoordiirasho,qoordiir
qoordiirid,qoordiir
qoordiiro,qoordiir
qooryoon ,qooryoon
qooshan,qoosh
qooshay,qoosh
qooshid,qoosh
qooshnaan,qoosh
qooshnaansho,qoosh
qooshey,qoosh
qoqobo,qoqob
qoqoban,qoqob
qoqobid,qoqob
qoqobta,qoqob
qoqobay,qoqob
qoqobka,qoqob
qoqobgoo,qoqob
qoqobgoyn,qoqob
qoqoble,qoqob
qoqobnaan,qoqob
qoqobnaansho,qoqob
qoranyahay,qoran
qoranayaa,qoran
qorantahay,qoran
qoranyihiin,qoran
qoranaaya,qoran
qorijiidid,qorijiid
qoriqaadid,qoriqaad
qorisaarid,qorisaar
qorituurasho,qorituur
qorituurad,qorituur
qorituuro,qorituur
qorituurid,qorituur
qosolbile,qosol
qosolgariirid,qosol
qosolkujaab,qosol
qosolgariirid,qosolgariir
qotonku,qoton
qotonka,qoton
qotonto,qoton
qotonta,qoton
qotonsad,qoton
qotonsasho,qoton
qotonsan,qoton
qotonshay,qoton
qotonsanaan,qoton
qotonsanaansho,qoton
qotonso,qoton
qotonsi,qoton
qubada,qubad
qufaca,qufac
qufaco,qufac
qufacid,qufac
qulqulka,qulqul
qulqulaya,qulqul
qulqula,qulqul
qulqulid,qulqul
qulqulayo,qulqul
qulqulad,qulqul
qulquladayn,qulqul
qulquladee,qulqul
qulquli,qulqul
qulqulin,qulqul
qulubsii,qulub
qulubsiin,qulub
qulubsan,qulub
qulubsanaan,qulub
qulubsanaansho,qulub
qummaatid,qummaati
qumman ,qumman
qummanaan,qumman
qummanaansho,qumman
qunjuraafid,qunjuraaf
quraansaarid,quraansaar
quraaradi,quraarad
quraaradda,quraarad
qurdowalaq,qurdo
qurdowalaqnimo,qurdo
qurmoonaan,qurmoon
qurmoonaansho,qurmoon
qurmoonaans,qurmoon
quruntay,qurun
qurunto,qurun
qurunna,qurun
qurunsan,qurun
qurunsanaan,qurun
qurunsanaansho,qurun
qurunsasho,qurun
qurunso,qurun
qurubyo,qurub
qurubka,qurub
qurubyada,qurub
qurubkan,qurub
qushaashid,qushaash
qushqushid,qushqush
qushuucid,qushuuc
qushuucsan,qushuuc
qushuucsanaan,qushuuc
qushuucsanaansho,qushuuc
quudasho,quud
quudashada,quud
quudkooda,quud
quudan,quud
quuddarrayn,quud
quudin,quud
quudiye,quud
quudiyaan,quud
quudquuto,quud
quudad,quud
quudo,quud
quuddarree,quud
quuddarro,quud
quudi,quud
quudis,quud
quudowsasho,quud
quudowso,quud
quudowsi,quud
quudsasho,quud
quudso,quud
quudsi,quud
quursi,quur
quursasho,quur
quuriwaayidda,quur
quuri,quur
quuriwaayid,quur
quurid,quur
quuris,quur
quuriwaa,quur
quursad,quur
quurso,quur
quuruwalle,quur
quustay,quus
quusa,quus
quusin,quus
quusan,quus
quuso,quus
quusid,quus
quusasho,quus
quusatay,quus
quusad,quus
quuse,quus
quusi,quus
quusadka,quus
quusanin,quus
quxuubnimo,quxuub
raabacad,raabac
raabacid,raabac
raabakhid,raabakh
raabakhsan,raabakh
raabakhay,raabakh
raabakhsanaan,raabakh
raabakhsanaansho,raabakh
raadgoobid,raadgoob
raadgurid,raadgur
raadguurid,raadguur
raadqaadid,raadqaad
raadqaadan,raadqaad
raadqaadnaan,raadqaad
raadqaadnaansho,raadqaad
raadraacyada,raadraac
raadraacid,raadraac
raacayo,raac
raacno,raac
raacsan,raac
raacsiyey,raac
raacsin,raac
raaci,raac
raacaan,raac
raacay,raac
raacid,raac
raaciyo,raac
raacin,raac
raaca,raac
raaco,raac
raacsanaa,raac
raacayaan,raac
raacnimo,raac
raacdayn,raac
raacda,raac
raacsanayn,raac
raacsiyo,raac
raacdareeb,raac
raacana,raac
raacidda,raac
raaceen,raac
raacsiiyo,raac
raacaa,raac
raacsaneyn,raac
raacsiin,raac
raaciyaa,raac
raacdaa,raac
raacsho,raac
raacasho,raac
raacatannimo,raac
raacato,raac
raacdarreeb,raac
raacdee,raac
raacdaysasho,raac
raacdayso,raac
raacdaysi,raac
raacsii,raac
raacis,raac
raaciyad,raac
raaciye,raac
raacsanaan,raac
raacsa,raac
raacsanaansho,raac
raac,raac
raacsantahay,raac
raaciddooda,raac
raacatada,raac
raaciyana,raac
raacaya,raac
raacday,raac
raacsani,raac
raafafka,raaf
raafleyda,raaf
raafdillaac,raaf
raafka,raaf
raafaf,raaf
raafqarrar,raaf
raafid,raaf
raagay,raag
raago,raag
raagid,raag
raage,raag
raagsasho,raag
raagis,raag
raagto,raag
raagey,raag
raageen,raag
raagtay,raag
raagta,raag
raagsad,raag
raagso,raag
raagsi,raag
raagsiino,raag
raagsiinyo,raag
raaga,raag
raagiddu,raag
raarka,raar
raaricin,raar
raaracidda,raar
raaracaan,raar
raaracid,raar
raarkuna,raar
raaricid,raar
raaracmid,raar
raaracsamid,raar
raaracnaan,raar
raaracsanaan,raar
raaracnaansho,raar
raaracsad,raar
raaracsasho,raar
raaracsa,raar
raaracsanaansho,raar
raaracso,raar
raaracsi,raar
raaray,raar
raarasho,raar
raaro,raar
raarbiyood,raar
raarcaw,raar
raardhisme,raar
raargogol,raar
raari,raar
raarici,raar
raaricis,raar
raaracin,raar
raaridid,raar
raarmid,raar
raarnaan,raar
raarnaansho,raar
raarridid,raar
raarrid,raar
raaruq,raar
raaraco,raar
raarow,raar
raaracidda,raarac
raaracaan,raarac
raaracid,raarac
raaracmid,raarac
raaracsamid,raarac
raaracnaan,raarac
raaracsanaan,raarac
raaracnaansho,raarac
raaracsad,raarac
raaracsasho,raarac
raaracsa,raarac
raaracsanaansho,raarac
raaracso,raarac
raaracsi,raarac
raaracin,raarac
raaraco,raarac
raaracsanaan,raaracsan
raaracsanaansho,raaracsan
raaridid,raarid
ratibaadda,ratib
ratibo,ratib
ratibanyihiin,ratib
ratibi,ratib
ratibid,ratib
ratiban,ratib
ratibnaan,ratib
ratibnaansho,ratib
ratibaad,ratib
ratibaa,ratib
raawish,raawis
raawisid,raawis
raawisnimo,raawis
rabbaasid,rabbaas
rabooshid,raboosh
radeebid,radeeb
radeebay,radeeb
radeeban,radeeb
radeebnaan,radeeb
radeebnaansho,radeeb
radiyam,radi
radial,radi
radis,radi
radid,radi
radin,radi
rafaadi,rafaad
rafaadid,rafaad
rafaadin,rafaad
rafaadsan,rafaad
rafaadsanaan,rafaad
rafaadsanaansho,rafaad
rafaaqay,rafaaq
rafaaqid,rafaaq
rafiiqid,rafiiq
rafiiqnimo,rafiiq
ragaadi,ragaad
ragaadid,ragaad
ragaadin,ragaad
ragaadsan,ragaad
ragaaday,ragaad
ragaadsanaan,ragaad
ragaadsanaansho,ragaad
ragaadka,ragaad
rahaamadda,rahaamad
rahaamadan,rahaamad
rahaamadasho,rahaamad
rahaamado,rahaamad
rahaamadid,rahaamad
rahaamadnaan,rahaamad
rahaamadnaansho,rahaamad
rajayn,rajay
rajaynimo,rajay
rajaynnimo,rajay
rajaynaynaa,rajay
rajmiyid,rajmi
rakaadan,rakaad
rakaadiyo,rakaad
rakaadka,rakaad
rakaadyada,rakaad
rakaadku,rakaad
rakaadid,rakaad
rakaad ,rakaad
rakaadasho,rakaad
rakaado,rakaad
rakaadi,rakaad
rakaadin,rakaad
rakaadis,rakaad
rakoocid,rakooc
rakuucid,rakuuc
rakuucsan,rakuuc
rakuucsanaan,rakuuc
rakuucsanaansho,rakuuc
rukuucid,rukuuc
rukuucsanaan,rukuuc
rukuucsan,rukuuc
rukuucsanaansho,rukuuc
ranjile,ranji
ranjiyayn,ranji
ranjiye,ranji
ranjiyee,ranji
ranjiyid,ranji
rinjiyid,rinji
rinjii,rinji
rinjiyo,rinji
rinjile,rinji
rinjiyee,rinji
rinjiyeynta,rinji
rinjiye,rinji
rinjiyan,rinji
rinjiyaysan,rinji
rinjiyanaan,rinji
rinjiya,rinji
rinjiyaysnaan,rinji
rinjiyanaansho,rinji
rinjiyayn,rinji
rinjiyaysnaansho,rinji
raqiisin,raqiis
raqiisi,raqiis
raqiisid,raqiis
raquusid,raquus
ruquusid,ruquus
rarani,raran
raranaysa,raran
rarangubyo,raran
rarangubyood,raran
rarangubyoo,raran
raransan,raran
raransanaan,raran
raransanaansho,raran
raransasho,raran
raranso,raran
rarooyo,raro
rarooy,raro
raroosh,raro
raroy,raro
rarriibid,rarriib
rawaxaad,rawax
rawaxid,rawax
raxanta,raxan
raxanreebta,raxan
raxanraxan,raxan
raxantu,raxan
raxanreeb,raxan
raxanyood,raxan
raxantiisa,raxan
reebo,reeb
reebay,reeb
reebta,reeb
reeban,reeb
reebid,reeb
reebto,reeb
reeba,reeb
reebtana,reeb
reebtoomaan,reeb
reebtay,reeb
reebaan,reeb
reebban,reeb
reebayo,reeb
reebin,reeb
reebeyn,reeb
reebaya,reeb
reebe,reeb
reebanti,reeb
reebasho,reeb
reebbanaan,reeb
reebbanaansho,reeb
reebi,reeb
reebis,reeb
reebnaan,reeb
reebnaansho,reeb
reebtoomid,reeb
reebtoon,reeb
reebaayo,reeb
riinjiyeeyo,riin
riinjiyeyn,riin
riinje,riin
riinka,riin
ribisaarkeedu,ribisaar
ribisaarid,ribisaar
rubisaarid,rubisaar
rubisaarasho,rubisaar
rubisaaro,rubisaar
ribows,ribo
ribosoomka,ribo
ribosoomaysan,ribo
rifaaqay,rifaaq
rifaaqid,rifaaq
rifrifad,rifrif
rifrifasho,rifrif
rifrifmay,rifrif
rifrifay,rifrif
rifrifo,rifrif
rifrifid,rifrif
rifrifmid,rifrif
rifrifnaan,rifrif
rifrifnaansho,rifrif
rigaaxid,rigaax
riyaaxid,riyaax
rigrigan,rigrig
rigrigasho,rigrig
rigrigee,rigrig
rigrigeyn,rigrig
rigrigid,rigrig
rigrignaan,rigrig
rigrignaansho,rigrig
riigga,riig
riigbixid,riig
riiqmay,riiq
riiqay,riiq
riiqasho,riiq
riiqo,riiq
riiqid,riiq
riiqmid,riiq
riiqnaan,riiq
riiqnaansho,riiq
riiqriiqasho,riiq
riiqriiqso,riiq
riiqriiqsi,riiq
riiqriiqsasho,riiq
riiraxyo,riir
riiraxyood,riir
riirin,riir
riirixis,riir
riiraxiyo,riir
riiran,riir
riiray,riir
riiraxanyo,riir
riiraxanyoo,riir
riiraxyoo,riir
riiraxanyood,riir
riire,riir
riirid,riir
riirnaan,riir
riirnaansho,riir
riira,riir
riirinta,riir
riiriyeyaasha,riir
riixid,riix
riixayo,riix
riixo,riix
riixaan,riix
riixay,riix
riixasho,riix
riixdin,riix
riixtin,riix
riixa,riix
riixgubid,riix
riixguub,riix
riixis,riix
riixmid,riix
riixnaan,riix
riixnaansho,riix
riixmaan,riix
riixgubid,riixgub
riixguub,riixguub
rimmayo,rimmay
rimmaybaarid,rimmay
rimmaygacmeed,rimmay
riyaaqid,riyaaq
rogaalcelis,rogaal
rogaalka,rogaal
rogaalkeeda,rogaal
rogaalcelin,rogaal
rogaalceli,rogaal
rogaali,rogaal
rogaalid,rogaal
rogaalin,rogaal
rogaalis,rogaal
roganka,rogan
roganyihiin,rogan
rogantahay,rogan
rognaansho,rognaan
rogrogmadka,rogrog
rogrogaan,rogrog
rogrogi,rogrog
rogrogga,rogrog
rogroga,rogrog
rogrogid,rogrog
rogrogmasho,rogrog
rogrogo,rogrog
rogrogta,rogrog
rogrogad,rogrog
rogrogasho,rogrog
rogrogaa,rogrog
roobdoonid,roobdoon
roobdoonayaan,roobdoon
roobraacid,roobraac
rooreyn,roor
roorid,roor
roorkii,roor
roorin,roor
roora,roor
rooridda,roor
rooro,roor
roori,roor
roorsad,roor
roorsasho,roor
roorso,roor
roorsi,roor
rooriyey,roor
roorta,roor
rooraanoo,roor
rorogsasho,rorog
rorogsi,rorog
rorogso,rorog
rorogid,rorog
ruducsan,ruduc
ruducsanaan,ruduc
ruducsanaansho,ruduc
rundudid,rundud
rundudsan,rundud
runduda,rundud
rundudsanaan,rundud
rundudsanaansho,rundud
rundudsasho,rundud
rundudso,rundud
rundudsi,rundud
ruqurtu,ruqur
ruqurka,ruqur
ruubi,ruub
ruubad,ruub
ruubasho,ruub
ruubo,ruub
ruubid,ruub
ruubin,ruub
ruubis,ruub
ruugid,ruug
ruugaan,ruug
ruugin,ruug
ruugo,ruug
ruugaami,ruug
ruugaamin,ruug
ruugaamis,ruug
ruugan,ruug
ruugay,ruug
ruugcadde,ruug
ruugmaraar,ruug
ruugnaan,ruug
ruugnaansho,ruug
ruuxiga,ruuxi
ruuxin,ruuxi
ruxanayaan,ruxan
saabsaan,saab
saabsan,saab
saabsanaayeen,saab
saabley,saab
saabuun,saab
saabka,saab
saableyda,saab
saabay,saab
saabi,saab
saabuunta,saab
saabsanaa,saab
saabaanka,saab
saabku,saab
saabaan,saab
saaban,saab
saabasho,saab
saabo,saab
saabsasho,saab
saabbilaash,saab
saabbir,saab
saabbuun,saab
saabbuuncadar,saab
saabbuunee,saab
saabbun,saab
saabbuuneyn,saab
saabbuunmadow,saab
saabbuunmaris,saab
saabcaarayn,saab
saabcaaree,saab
saabcaaro,saab
saabid,saab
saabil,saab
saabilid,saab
saabin,saab
saabis,saab
saabnaan,saab
saabsanaan,saab
saabsanaansho,saab
saabnaansho,saab
saabso,saab
saabuunayn,saab
saabcaareeyey,saab
saafi,saaf
saafidda,saaf
saafid,saaf
saafo,saaf
saafiya,saaf
saafinnimo,saaf
saafir,saaf
saafirid,saaf
saafnaan,saaf
saafnaansho,saaf
saafiga,saaf
saagootiyid,saagooti
saagootiga,saagooti
sagootiyid,sagooti
sagootin,sagooti
sagootiyaan,sagooti
saahidid,saahid
saayidcalayn,saayid
saayidcalee,saayid
saayidi,saayid
saayidid,saayid
saayidin,saayid
saangannaan,saangan
saangannaansho,saangan
saamajiidid,saamajiid
saamaxaad,saamax
saamiga,saami
saamigal,saami
saamiyada,saami
saamiggal,saami
saamiyo,saami
saamigalnimada,saami
saamile,saami
saamiley,saami
saamisuge,saami
saamixid,saami
saamiyid,saami
saamiyeynta,saami
sahmile,sahmi
sahmin,sahmi
sahmis,sahmi
sahmiyey,sahmi
sahminta,sahmi
saanqaadid,saanqaad
saaqa,saaq
saaqe,saaq
saaqaadid,saaq
saaqay,saaq
saaqsan,saaq
saaqidad,saaq
saaqmay,saaq
saaqidid,saaq
saaqmid,saaq
saaqnaan,saaq
saaqnaansho,saaq
saaqsanaan,saaq
saaqniin,saaq
saaqo,saaq
saaqsanaansho,saaq
saaquun,saaq
saaquunnimo,saaq
saaqmo,saaq
saaqidad,saaqid
saaqidid,saaqid
saartay,saar
saaray,saar
saarno,saar
saari,saar
saaro,saar
saarid,saar
saaridda,saar
saarayo,saar
saara,saar
saaraa,saar
saarta,saar
saaran,saar
saariddu,saar
saarka,saar
saaraya,saar
saarantahay,saar
saarasho,saar
saarto,saar
saaraysa,saar
saarnayn,saar
saarida,saar
saaruq,saar
saaranto,saar
saarrayn,saar
saaranyahay,saar
saarkeed,saar
saaraan,saar
saariid,saar
saaraayo,saar
saarrayd,saar
saarnaayeen,saar
saartaan,saar
saarin,saar
saarleyda,saar
saaraba,saar
saarkiis,saar
saartaa,saar
saarnaansho,saar
saarsaarid,saar
saarista,saar
saaraana,saar
saarnaa,saar
saarasaare,saar
saardiin,saar
saariq,saar
saarnaan,saar
saarsaaran,saar
saarsaarnaan,saar
saarsaarnaansho,saar
saarsarnaan,saar
saarsasho,saar
saarso,saar
saaruukh,saar
saarsaaray,saar
saarad,saar
saarsaar,saar
saaroo,saar
saareyn,saar
saariddooda,saar
saarata,saar
saarraa,saar
saarayaan,saar
saawirnimo,saawir
saaxiibid,saaxiib
saaxiibbadiisa,saaxiib
saaxiibnimo,saaxiib
saaxiibtinnimo,saaxiib
saaxiibtinimo,saaxiib
saaxiibad,saaxiib
saayiraad,saayir
saayirid,saayir
samaanyaha,samaan
samaansho,samaan
samaanyo,samaan
samaanta,samaan
sabarka,sabar
sabarad,sabar
sabarsii,sabar
sabarsiin,sabar
sabarsiis,sabar
sabburid,sabbur
sabburadaha,sabbur
samirsii,samir
samirsiin,samir
samirto,samir
samirsan,samir
samirsanaan,samir
samirsanaansho,samir
samirsiis,samir
samirsiiyo,samir
samatabbaxsasho,samatabbax
samatabbaxaan,samatabbax
samatabbaxo,samatabbax
samatabbaxdo,samatabbax
samatabbaxa,samatabbax
sabbaarid,sabbaar
sabbakhan,sabbakh
sabbakhid,sabbakh
sabbakhnaan,sabbakh
sabbakhnaansho,sabbakh
sabeenxirid,sabeenxir
subeenxirid,subeenxir
saboolnimo,sabo
saboolow,sabo
saboolid,sabo
sabooloobid,sabo
sabooyin,sabo
saboolna,sabo
saboolnimo,sabool
saboolow,sabool
saboolid,sabool
sabooloobid,sabool
saboolna,sabool
sadcaalid,sadcaal
socdaalid,socdaal
socdaalka,socdaal
saddexanyo,saddexan
saddexjibbaarasho,saddexjibbaar
saddexjibbaarid,saddexjibbaar
saddexjibbaarmid,saddexjibbaar
saddexjibbaarnaan,saddexjibbaar
saddexjibbaarnaansho,saddexjibbaar
saddexjibbaaro,saddexjibbaar
baaranooya,baaran
baarankiima,baaran
baarankayma,baaran
baarandegid,baaran
baarane,baaran
saddexqadid,saddexqad
safanta,safan
safanyihiin,safan
safarro,safar
safarrada,safar
safarra,safar
safarka,safar
sagsaagad,sagsaag
sagsaagan,sagsaag
sagsaagasho,sagsaag
sagsaago,sagsaag
sagsaagid,sagsaag
sagsaagnaan,sagsaag
sagsaagnaansho,sagsaag
sagsaagnimo,sagsaag
sahayna,sahay
sahayasho,sahay
sahaysasho,sahay
sahayid,sahay
sahayo,sahay
sahayso,sahay
sahaya,sahay
sahwin,sahwi
sahwiyid,sahwi
sahwisan,sahwi
sahwiyey,sahwi
sahwisanaan,sahwi
sahwisanaansho,sahwi
sahwisii,sahwi
sahwisiin,sahwi
sakalid,sakal
shakalid,shakal
sakaraadaya,sakaraad
sakaraadid,sakaraad
sakatin,sakati
sakatiyid,sakati
sakatisan,sakati
sakatisanaan,sakati
sakatisanaansho,sakati
sakhraansan,sakhraan
sakhraannimo,sakhraan
sakhraansanaan,sakhraan
sakhraansaan,sakhraan
sakhraansanaansho,sakhraan
salaafid,salaaf
salaaxid,salaax
salaaxmay,salaax
salaaxan,salaax
salaaxasho,salaax
salaaxo,salaax
salaaxay,salaax
salaaxnaan,salaax
salaaxnaansho,salaax
salalka,salal
salali,salal
salalid,salal
salalin,salal
salalsan,salal
salalsanaan,salal
salalsanaansho,salal
seleli,selel
selelid,selel
selelin,selel
selelsan,selel
selelsanaan,selel
seleley,selel
selelsanaansho,selel
salaxaale,salax
salguurid,salguur
salladay,sallad
salladan,sallad
salladid,sallad
salladnaan,sallad
salladnaansho,sallad
sallaxa,sallax
sallaxyo,sallax
sallaxyada,sallax
sallaxan,sallax
sallaxaad,sallax
sallaxaha,sallax
salligaas,salli
sallidan,salli
sallidid,salli
sallixid,salli
sallikaroon,salli
salliga,salli
sallim,salli
sallimid,salli
sallin,salli
salliyid,salli
sallidan,sallid
sallidid,sallid
saloogid,saloog
saloogmid,saloog
saloognaan,saloog
saloognaansho,saloog
saloolay,salool
saloolad,salool
saloolo,salool
saloolasho,salool
saloolid,salool
salsalid,salsal
saluugid,saluug
saluuga,saluug
saluugsan,saluug
saluugo,saluug
saluugay,saluug
saluugmo,saluug
saluugud,saluug
saluugsanaan,saluug
saluugsanaansho,saluug
samow,samo
samoolad,samo
samafalka,samafal
samafale,samafal
samafalid,samafal
samaynaayo,samayn
samayntooda,samayn
samaynayo,samayn
samayneed,samayn
samaynta,samayn
samayntiisa,samayn
samaynaa,samayn
samayntii,samayn
samayntiis,samayn
samayntiisu,samayn
samaynayaa,samayn
samaynaysa,samayn
samaynaya,samayn
samaysanyahay,samaysan
samaysanta,samaysan
samaysantay,samaysan
samaysanoo,samaysan
samaysantahay,samaysan
samaysanyihiin,samaysan
samaysanaya,samaysan
samaysanto,samaysan
samaysantaa,samaysan
samaysanka,samaysan
sambabadu,sambab
sambabka,sambab
sambabada,sambab
sambabbada,sambab
sambabeed,sambab
sambabbadu,sambab
samboorid,samboor
sambuuqo,sambuuq
sammaadid,sammaad
sammiir,sammi
sammin,sammi
sammiyid,sammi
sannifnansho,sannif
sannifaad,sannif
sannifan,sannif
sannifay,sannif
sannifasho,sannif
sannifo,sannif
sannifid,sannif
sannifnaan,sannif
sanqaroor,sanqar
sanqarid,sanqar
sanqari,sanqar
sanqaroorka,sanqar
sanqarin,sanqar
sanqaroormadow,sanqar
sanqartirad,sanqar
sanqartirasho,sanqar
sanqartiro,sanqar
shanqarinayo,shanqar
shanqarta,shanqar
shanqarin,shanqar
shanqara,shanqar
shanqarid,shanqar
shanqari,shanqar
shanqartirasho,shanqar
shanqartiro,shanqar
sharqantirad,sharqan
sharqantirasho,sharqan
sharqantiro,sharqan
sharqartiro,sharqar
sharqartirad,sharqar
sharqartirasho,sharqar
sanqoole,sanqo
santaagid,santaag
santeeci,santeec
santeecid,santeec
santeecin,santeec
santeecis,santeec
santeecsan,santeec
santeecsanaan,santeec
santeecsanaansho,santeec
santeecsasho,santeec
santeecso,santeec
santuuran,santuur
santuuray,santuur
santuurnaan,santuur
santuurnaansho,santuur
sanuunad,sanuun
sanuunadayn,sanuun
sanuunadee,sanuun
sanuunadaysan,sanuun
sanuunadaysnaan,sanuun
sanuuna,sanuun
sanuunadaysnaansho,sanuun
sanuunid,sanuun
sanuunadda,sanuun
saqaafe,saqaaf
saqaafee,saqaaf
saqaafeyn,saqaaf
saqaafid,saqaaf
saqafkiisu,saqaf
saqafaha,saqaf
saqafayn,saqaf
saqafee,saqaf
saqafaysad,saqaf
saqafaysasho,saqaf
saqafeyso,saqaf
saqafaysi,saqaf
saqafayso,saqaf
saqafka,saqaf
sararta,sarar
sararacaddeeye,sarar
sararaggale,sarar
sararcaddeeye,sarar
saqiirka,saqiir
saqiirid,saqiir
saqiirnimo,saqiir
saqiirragawrac,saqiir
saqiirsuuji,saqiir
saqiirsuujin,saqiir
saqiirsuujis,saqiir
siqiirid,siqiir
siqiirsuujin,siqiir
siqiirnimo,siqiir
saraadii,saraad
saraadasha,saraad
saraadi,saraad
saraadid,saraad
saraadin,saraad
saraadis,saraad
sarabka,sarab
saracda,sarac
sarcanyaha,sarcan
sarcanaan,sarcan
sarcanaansho,sarcan
sarcanyihiin,sarcan
sarajoogid,sarajoog
sarajoogsasho,sarajoog
sarajoogso,sarajoog
sarakaca,sarakac
saranseerid,saranseer
sarcoptes,sarco
sarow,saro
sarrifka,sarrif
sarrifasho,sarrif
sarrifa,sarrif
sarrifid,sarrif
sarrifay,sarrif
sarrifo,sarrif
sarrifnaan,sarrif
sarrifnaansho,sarrif
sarriigid,sarriig
sarriigasho,sarriig
sarriigo,sarriig
sarsaro,sarsar
sarsarid,sarsar
sarsarka,sarsar
sawaaban,sawaab
sawaabi,sawaab
sawaabid,sawaab
sawaabin,sawaab
sawaabnaan,sawaab
sawaabnaansho,sawaab
sawaxan,sawax
sawaxid,sawax
sawirnaa,sawir
sawirro,sawir
sawiranyahay,sawir
sawireed,sawir
sawiri,sawir
sawirka,sawir
sawiro,sawir
sawirayo,sawir
sawirasho,sawir
sawirta,sawir
sawirid,sawir
sawirantahay,sawir
sawiray,sawir
sawirle,sawir
sawirmid,sawir
sawirnaan,sawir
sawirnaansho,sawir
sawirnimo,sawir
sawiranyihiin,sawir
sawiranyahay,sawiran
sawirantahay,sawiran
sawiranyihiin,sawiran
sawlacid,sawlac
sawlacsan,sawlac
sawlacsanaan,sawlac
sawlacsanaansho,sawlac
sawlaxid,sawlax
saxansaxada,saxan
saxanka,saxan
saxansaxo,saxan
saxanno,saxan
saxariiri,saxariir
saxariirid,saxariir
saxariirin,saxariir
saxariirsan,saxariir
saxariirsanaan,saxariir
saxariirsanaansho,saxariir
saxariirsa,saxariir
saxiixid,saxiix
saxiixdaan,saxiix
saxiixan,saxiix
saxiixay,saxiix
saxiixasho,saxiix
saxiixo,saxiix
saxiixnaan,saxiix
saxiixnaansho,saxiix
sayaxid,sayax
sayaxu,sayax
sayaxe,sayax
sayaxsan,sayax
sayaxsanaan,sayax
sayaxsanaansho,sayax
saylaandhabasho,saylaan
saylaandhaw,saylaan
sayniska,sayn
saynis,sayn
saynta,sayn
sayniseed,sayn
saynka,sayn
sayncaddaa,sayn
sayncadde,sayn
saynisyahan,sayn
saynisyahannimo,sayn
saynsaabasho,sayn
saynsaabo,sayn
saynsaabid,sayn
saynwaraarin,sayn
saynwaraaryid,sayn
saynsoyik,sayn
saynasoyigga,sayn
sayni,sayn
saynuufiyal,sayn
saynsaabasho,saynsaab
saynsaabo,saynsaab
saynsaabid,saynsaab
saynwaraarin,saynwaraari
seebinaya,seeb
seebiyo,seeb
seebin,seeb
seebid,seeb
seebidda,seeb
seebi,seeb
seedda,seed
seedcodeedyada,seed
seedaha,seed
seedo,seed
seeddi,seed
seeddinnimo,seed
seesar,sees
seeseemmane,sees
seesid,sees
seegseegid,seegseeg
seenyo,seen
seenyoon,seen
seenlaawe,seen
seenyoonaan,seen
seenyoonaansho,seen
seere,seer
seeriddiisuna,seer
seeridda,seer
seeree,seer
seeraar,seer
seeraari,seer
seeraarid,seer
seeraarin,seer
seeraaris,seer
seeran,seer
seerasho,seer
seero,seer
seeraysasho,seer
seerayn,seer
seerid,seer
seerayso,seer
seeri,seer
seeriwale,seer
seeriga,seer
seermaweydo,seer
seernaan,seer
seernaansho,seer
shaaciro,shaac
shaacays,shaac
shaacayn,shaac
shaacbax,shaac
shaacbixi,shaac
shaacbixid,shaac
shaacbixin,shaac
shaaci,shaac
shaacid,shaac
shaacin,shaac
shaacis,shaac
shaacir,shaac
shaacirayn,shaac
shaaciree,shaac
shaacirays,shaac
shaaciroole,shaac
shaaficiga,shaafici
shaaha,shaah
shaahin,shaah
shaahis,shaah
shaahin,shaahi
shaahis,shaahi
shaalka,shaal
shaalcad,shaal
shaalid,shaal
shaamareeri,shaamareer
shaamareerid,shaamareer
shaamareerin,shaamareer
shaamareersan,shaamareer
shaamareersanaan,shaamareer
shaamareersanaansho,shaamareer
shaambin,shaambi
shaambis,shaambi
shaaraqasho,shaaraq
shaaraqo,shaaraq
shaashsaaran,shaashsaar
shaashsaarid,shaashsaar
shaashsaaris,shaashsaar
shaashsaarnaan,shaashsaar
shaashsaarnaansho,shaashsaar
shabbaaxid,shabbaax
shabbaaxtamid,shabbaax
shaday,shad
shada,shad
shadiisu,shad
shadiid,shad
shadaaf,shad
shadni,shad
shadaha,shad
shafka,shaf
shafee,shaf
shafeeco,shaf
shafeecid,shaf
shafeecsad,shaf
shafeecsasho,shaf
shafeecso,shaf
shafeecsi,shaf
shafid,shaf
shafshafayn,shaf
shafshafee,shaf
shafo,shaf
shafshafo,shaf
shafku,shaf
shafeeco,shafeec
shafeecid,shafeec
shafeecsad,shafeec
shafeecsasho,shafeec
shafeecso,shafeec
shafeecsi,shafeec
shahaado,shahaad
shahaadid,shahaad
shahaadosuur,shahaad
shahiidid,shahiid
shahiidnimo,shahiid
shahmaadid,shahmaad
shakaalka,shakaal
shakaalan,shakaal
shakaalay,shakaal
shakaalid,shakaal
shakaalnaan,shakaal
shakaalnaansho,shakaal
shakiyid,shaki
shakin,shaki
shakisan,shaki
shakisnaan,shaki
shakis,shaki
shakisnaansho,shaki
shakiya,shaki
shakisiin,shaki
shalawtirid,shalawtir
shaqallada,shaqal
shaqalka,shaqal
shaqallo,shaqal
shaqalladu,shaqal
shaqala,shaqal
shaqali,shaqal
shaqshaqid,shaqshaq
sharaabka,sharaab
sharaabid,sharaab
sharaftiisa,sharaf
sharafteeda,sharaf
sharafta,sharaf
sharafdhicid,sharaf
sharafjebi,sharaf
sharafjebid,sharaf
sharafjebin,sharaf
sharafka,sharaf
shartan,shartan
sharaxaysa,sharax
sharaxid,sharax
sharaxayo,sharax
sharaxdid,sharax
sharaxda,sharax
sharaxooda,sharax
sharaxsharax,sharax
sharaxa,sharax
sharaxaadda,sharax
sharciga,sharci
sharciyeesan,sharci
sharcigu,sharci
sharciyeysan,sharci
sharciyada,sharci
sharcidarro,sharci
sharciyaysan,sharci
sharcigeeda,sharci
sharciyeysnayn,sharci
sharciyeeyo,sharci
sharciyeynayo,sharci
sharcidejin,sharci
sharcin,sharci
sharciyayn,sharci
sharciyee,sharci
sharciyays,sharci
sharciyeed,sharci
sharciyeeya,sharci
shardiley,shardi
shardid,shardi
shardiiley,shardi
shareerada,shareer
shareerid,shareer
shareermid,shareer
shareernaan,shareer
shareernaansho,shareer
sharraxaadda,sharrax
sharraxaaddood,sharrax
sharraxayo,sharrax
sharraxaad,sharrax
sharraxan,sharrax
sharraxid,sharrax
sharraxnaan,sharrax
sharraxnaansho,sharrax
sharribaad,sharrib
sharribid,sharrib
sharribay,sharrib
sharribasho,sharrib
sharribo,sharrib
sharribmid,sharrib
sharribnaan,sharrib
sharribnaansho,sharrib
shirrabasho,shirrab
shirrabaad,shirrab
shirrabid,shirrab
shirrabnaan,shirrab
shirrabmid,shirrab
shirrabnaansho,shirrab
shirrabo,shirrab
shataarid,shataar
shataaradi,shataar
shataarad,shataar
shitaarid,shitaar
shitaarad,shitaar
shawrid,shawr
shawrin,shawr
shawris,shawr
showrid,showr
shawrid,shawri
shawrin,shawri
shawris,shawri
shaxan,shax
shaxda,shax
shaxanka,shax
shaxaroor,shax
shaxdiisa,shax
shaxanno,shax
shaxeed,shax
shaxaado,shax
shaxaadid,shax
shaxaa,shax
shaxam,shax
shaxartaan,shax
shaxeexid,shax
shaxgaab,shax
shaxgaabnimo,shax
shaxid,shax
shaxiix,shax
shaxshax,shax
shaxyaqaan,shax
shaxyaqaannimo,shax
shaxannda,shax
shaxannada,shax
shaxaado,shaxaad
shaxaadid,shaxaad
shaxeexid,shaxeex
shedan,shed
shedid,shed
shednaan,shed
shednaansho,shed
sheelid,sheel
sheellarayn,sheel
sheellaree,sheel
sheellare,sheel
sheelo,sheel
sheeloobid,sheel
sheelow,sheel
sheelto,sheel
sheexo,sheex
sheexid,sheex
shiiday,shiid
shiidayo,shiid
shiido,shiid
shiidid,shiid
shiidasho,shiid
shiidka,shiid
shiidin,shiid
shiiddo,shiid
shiidey,shiid
shiidana,shiid
shiidaad,shiid
shiidaadi,shiid
shiidaadin,shiid
shiidaado,shiid
shiidmid,shiid
shiidnaan,shiid
shiidnaansho,shiid
shiidana,shiidan
shiilay,shiil
shiilin,shiil
shiilo,shiil
shiilid,shiil
shiileed,shiil
shiilood,shiil
shiileedda,shiil
shiilayo,shiil
shiilmadoobe,shiil
shiilan,shiil
shiilasho,shiil
shiilamadow,shiil
shiilmadow,shiil
shiilaysan,shiil
shiilayn,shiil
shiilee,shiil
shiilaysad,shiil
shiilaysasho,shiil
shiilayso,shiil
shiilaysi,shiil
shiilaysnaan,shiil
shiilnaan,shiil
shiilaysnaansho,shiil
shiilcad,shiil
shiillimaad,shiil
shiilnaansho,shiil
shiilniin,shiil
shiiraar,shiir
shiiraarid,shiir
shiiraarsan,shiir
shiiraarsanaan,shiir
shiiraarsanaansho,shiir
shiiran,shiir
shiirid,shiir
shiishka,shiish
shiisho,shiish
shiishid,shiish
shiishay,shiish
shiishad,shiish
shilinta,shilin
shilintu,shilin
shillin,shillin
shimbireed,shimbir
shimbiraha,shimbir
shimbiro,shimbir
shimbirka,shimbir
shimbircaloolo,shimbir
shimbirlibaax,shimbir
shimbirmalab,shimbir
shimbiryaxaas,shimbir
shimbirada,shimbir
shirkadeed,shir
shiraaca,shir
shirkad,shir
shirqadaha,shir
shiraystay,shir
shiraaq,shir
shirta,shir
shireystay,shir
shirtagaan,shir
shiraan,shir
shirid,shir
shiraysto,shir
shirci,shir
shireystey,shir
shirad,shir
shiratamid,shir
shiroobo,shir
shirrabasho,shir
shirrabaad,shir
shirrabid,shir
shirrabnaan,shir
shirmaa,shir
shirka,shir
shiraacasho,shir
shiraaco,shir
shiraacid,shir
shiraako,shir
shiraakoobid,shir
shiraakow,shir
shiraanshirix,shir
shiran,shir
shiray,shir
shirayn,shir
shiree,shir
shirays,shir
shiraysad,shir
shiraysasho,shir
shirayso,shir
shiraysi,shir
shirbi,shir
shirbid,shir
shirbin,shir
shirbo,shir
shirfid,shir
shiri,shir
shiriid,shir
shirin,shir
shiris,shir
shirix,shir
shirjaraa,shir
shirkadda,shir
shirkiyid,shir
shirko,shir
shirkoobid,shir
shirkow,shir
shirnaan,shir
shirnaansho,shir
shirqoolay,shir
shirqoolid,shir
shirqoolmid,shir
shirrabmid,shir
shirrabnaansho,shir
shirrabo,shir
shirsan,shir
shirsanaan,shir
shirsa,shir
shirsanaansho,shir
shirweyne,shir
shiraacyada,shir
shiraaca,shiraac
shiraacasho,shiraac
shiraaco,shiraac
shiraacid,shiraac
shiraacyada,shiraac
shirkiyid,shirki
shiroobo,shiro
shirqoolay,shirqool
shirqoolid,shirqool
shirqoolmid,shirqool
shixnadan,shixnad
shixnadid,shixnad
shixnadnaan,shixnad
shixnadnaansho,shixnad
shoobid,shoob
shubto,shub
shubi,shub
shubta,shub
shuba,shub
shubo,shub
shubid,shub
shubmid,shub
shubmaan,shub
shubyo,shub
shubay,shub
shubasho,shub
shubashubeeyo,shub
shubma,shub
shubidda,shub
shubayo,shub
shubtaa,shub
shubmo,shub
shubmaya,shub
shubaya,shub
shubmayo,shub
shubiddooda,shub
shubka,shub
shubaako,shub
shubaal,shub
shuban ,shub
shubniin,shub
shubme,shub
shubnaan,shub
shubnaansho,shub
shubis,shub
shuban ,shuban
shucaacid,shucaac
shugriyid,shugri
shugrin,shugri
shugrinaq,shugri
shugrinaqid,shugri
shugrinnaq,shugri
shukulo,shukul
shukulaato,shukul
shukulasho,shukul
shukulid,shukul
shukulnaan,shukul
shukulnaansho,shukul
sukulay,sukul
sukuliye,sukul
sukulan,sukul
sukulasho,sukul
sukulid,sukul
sukulnaan,sukul
sukulo,sukul
sukulnaansho,sukul
shulshulid,shulshul
shulshulmid,shulshul
shulshulnaan,shulshul
shulshulnaansho,shulshul
shushuban,shushub
shushubasho,shushub
shushubo,shushub
shushubi,shushub
shushubin,shushub
shushubis,shushub
shushubnaan,shushub
shushubnaansho,shushub
shushubsad,shushub
shushubsasho,shushub
shushubsan,shushub
shushubsanaan,shushub
shushubnsanaansho,shushub
shushubsanaansho,shushub
shushubso,shushub
shuunley,shuun
shuuran,shuur
shuuray,shuur
shuuri,shuur
shuurid,shuur
shuurin,shuur
shuuris,shuur
shuurnaan,shuur
shuurnaansho,shuur
shuuro,shuur
shuuxid,shuux
shuxid,shux
shuxlee,shux
shuxleyn,shux
sibbaaqan,sibbaaq
sibbaaqasho,sibbaaq
sibbaaqo,sibbaaq
sibbaaqid,sibbaaq
sibbaaqnaan,sibbaaq
sibbaaqnaansho,sibbaaq
sibirka,sibir
sibirayn,sibir
sibiree,sibir
sifsifid,sifsif
siiba,siib
siibashada,siib
siibid,siib
siibay,siib
siibasho,siib
siibi,siib
siibsiibo,siib
siibmid,siib
siibanaya,siib
siibta,siib
siibo,siib
siibto,siib
siibnaan,siib
siibnaansho,siib
siibtaa,siib
siibanaya,siiban
siicid,siic
siicley,siic
siiclow,siic
siinayo,siin
siinayaa,siin
siinaysa,siin
siinin,siin
siinayn,siin
siiniyad,siin
siinaysid,siin
siina,siin
siintiisa,siin
siinta,siin
siinad,siin
siinee,siin
siineyn,siin
siinsad,siin
siinsasho,siin
siinso,siin
siinaya,siin
silacdilyayn,silac
silacdilyee,silac
silacsan,silac
silacsanaan,silac
silacsanaansho,silac
silsilado,silsil
silsillado,silsil
silsiladda,silsil
silsiladdana,silsil
silsillo,silsil
silsilladdu,silsil
silsiladayn,silsil
silsiladee,silsil
silsilid,silsil
silsilado,silsilad
silsiladda,silsilad
silsiladdana,silsilad
silsiladayn,silsilad
silsiladee,silsilad
simanta,siman
simantahay,siman
simanyahay,siman
simanto,siman
simbiirid,simbiir
simbiriirixoo,simbiriirixo
sinjaarid,sinjaar
sinjifaquuqid,sinjifaquuq
siraadsasho,siraad
siraadan,siraad
siraaday,siraad
siraadasho,siraad
siraado,siraad
siraadid,siraad
siraadkorid,siraad
siraadnaan,siraad
siraadnaansho,siraad
siraadkorid,siraadkor
sirgaxmid,sirgax
sirgaxnaan,sirgax
sirgaxid,sirgax
sirgaxnaansho,sirgax
siriqyo,siriq
siriqsan,siriq
siriqsanaan,siriq
siriqsanaansho,siriq
siriqsasho,siriq
siriqso,siriq
siriri,sirir
siririd,sirir
siririn,sirir
siriris,sirir
sirirsan,sirir
siririyey,sirir
sirirsanaan,sirir
sirirsanaansho,sirir
sitaacsasho,sitaac
sitaacso,sitaac
sitaaci,sitaac
sitaacid,sitaac
sitaacin,sitaac
sixirka,sixir
sixirku,sixir
sixirid,sixir
sixirfur,sixir
sixirfuryo,sixir
sixirfuryayn,sixir
sixirfuryee,sixir
sixiroole,sixir
sixirrow,sixir
siyaarooyinka,siyaaro
sodcaalid,sodcaal
soddomaadka,soddomaad
naaday,naad
naadinaayay,naad
naadinayo,naad
naadirka,naad
naadka,naad
naadin,naad
naadirnimo,naad
naado,naad
naad,naad
sogordahid,sogordah
sogordahan,sogordah
sogordahnaan,sogordah
sogordahnaansho,sogordah
sokeeye,soke
sokeysa,soke
sokee,soke
sokeeya,soke
sokeeyennimo,soke
soocin,sooc
soocda,sooc
soocidda,sooc
sooci,sooc
soocaa,sooc
soocid,sooc
sooco,sooc
soocmid,sooc
soocnayn,sooc
soocoyo,sooc
soocmay,sooc
soocaayo,sooc
soocasho,sooc
sooca,sooc
soocnaantooduna,sooc
soociddu,sooc
soocayo,sooc
soocad,sooc
soocay,sooc
soocanti,sooc
soocelin,sooc
soocnaan,sooc
soocnaansho,sooc
soocanta,sooc
soocma,sooc
soocanti,soocan
soocanta,soocan
soogaan,soog
soogan,soog
soogid,soog
soognaan,soog
soognaansho,soog
soohyada,sooh
sooha,sooh
soohyadu,sooh
soohid,sooh
soohan,sooh
soohdimaysan,sooh
soohay,sooh
soohidda,sooh
sooho,sooh
soohayaasha,sooh
soohaas,sooh
sooheed,sooh
soohyo,sooh
soohasho,sooh
soohdimayn,sooh
soohdimee,sooh
soohdimaysasho,sooh
soohdimayso,sooh
soohin,sooh
soohdinta,sooh
soohnaan,sooh
soohnaansho,sooh
soohma,sooh
soohxiriiriye,sooh
soohdinta,soohdin
soojeedid,soojeed
soojeeda,soojeed
soomaaliga,soomaali
soomaaliyeed,soomaali
soomaaligu,soomaali
soomaalida,soomaali
soomaalidu,soomaali
soomaaliya,soomaali
soomaalinnimo,soomaali
soomaaliyayn,soomaali
soomaaliyee,soomaali
soomaaliyoobid,soomaali
soomaaliyow,soomaali
soomaalig,soomaali
soomaaliguse,soomaali
soonqaad,soon
soona,soon
soonayn,soon
soonqaadka,soon
soonka,soon
soongur,soon
soondheere,soon
soonfur,soon
soone,soon
soonge,soon
soorihiisa,soor
soorta,soor
soorahooda,soor
soore,soor
soorto,soor
soorid,soor
sooryooyinka,soor
sooryee,soor
sooran,soor
sooryada,soor
soorgad,soor
sooryayn,soor
sooryays,soor
soormaweydo,soor
soornaan,soor
soornaansho,soor
soorsugaal,soor
sooryaggal,soor
sooro,soor
sooryaggalnimo,soor
sooryo,soor
soortu,soor
sooridda,soor
subagga,subag
subaggii,subag
subagle,subag
subagmadoobe,subag
sudeexid,sudeex
sujuudood,sujuud
sujuudid,sujuud
sulufaadid,sulufaad
sumadda,sumad
summado,summad
summadduna,summad
summaddiisuna,summad
summaddahan,summad
summadda,summad
summadaha,summad
summaddiisu,summad
surbacaadid,surbacaad
susuntu,susun
suubaaneed,suubaan
suubaansalaax,suubaan
suubaansalaaxid,suubaan
suulin,suul
suulogoys,suul
suulalgoys,suul
suulid,suul
suulka,suul
suuldhabaalayn,suul
suuldhabasho,suul
suulgoys,suul
suuldaarid,suul
suuldaaran,suul
suuldhabaalee,suul
suuldhabaalays,suul
suuldhabaale,suul
suuldhabo,suul
suulgoranyayn,suul
suulgoranyee,suul
suulgorayayn,suul
suulgoranyaysan,suul
suulgoranyo,suul
suulgorayaysan,suul
suulgoranyaysnaan,suul
suulgo,suul
suulgoranyaysnaansho,suul
suulgorayaysnaan,suul
suulgoraya,suul
suulgorayee,suul
suulgorayo,suul
suulgorayaysnaansho,suul
suulis,suul
suuliyid,suul
suuldaarid,suuldaar
suuldaaran,suuldaar
suulin,suuli
suulid,suuli
suulis,suuli
suuliyid,suuli
suunka,suun
suunku,suun
suunaari,suun
suuncalye,suun
suuni,suun
suunjeege,suun
suunni,suun
suunogoys,suun
suurtaggeli,suur
suurtowdo,suur
suurtageliyay,suur
suurta,suur
suurtaggelinayn,suur
suuradaha,suur
suuratul,suur
suurtoggeliya,suur
suurtagala,suur
suurtageliya,suur
suurtaggelin,suur
suurtaggelineysa,suur
suurto,suur
suurtagalka,suur
suurtoggal,suur
suurogelinayaa,suur
suurtogelisa,suur
suuraddooda,suur
suurageliyaan,suur
suurad,suur
suuradi,suur
suuradin,suur
suuraggeli,suur
suuraggelid,suur
suuraggelin,suur
suurasho,suur
suurayn,suur
suuree,suur
suurid,suur
suurin,suur
suuris,suur
suuroo,suur
suuroobid,suur
suurtoobid,suur
suurood,suur
suursan,suur
suursanaan,suur
suursanaansho,suur
suurtaggelid,suur
suurtagal,suur
suurtaggalka,suur
suurtaggalka,suurtaggal
suurid,suuri
suurin,suuri
suuris,suuri
suurogelinayaa,suuro
suuroo,suuro
suuroobid,suuro
suurood,suuro
suurtowdo,suurtow
suuska,suus
suusacid,suus
suusacin,suus
suusacay,suus
suusacna,suus
suusaci,suus
suusuci,suus
suusucid,suus
suusucin,suus
suusacsan,suus
suusacsanaan,suus
suusucsanaan,suus
suusacsanaansho,suus
suusacsasho,suus
suusucsasho,suus
suusacso,suus
suusucso,suus
suusucsan,suus
suusucay,suus
suusucsanaansho,suus
suusacid,suusac
suusacin,suusac
suusacay,suusac
suusacna,suusac
suusaci,suusac
suusacsan,suusac
suusacsanaan,suusac
suusacsanaansho,suusac
suusacsasho,suusac
suusacso,suusac
suusuci,suusuc
suusucid,suusuc
suusucin,suusuc
suusucsanaan,suusuc
suusucsasho,suusuc
suusucso,suusuc
suusucsan,suusuc
suusucay,suusuc
suusucsanaansho,suusuc
suuxdini,suuxdin
suxulduubid,suxulduub
lduubasho,lduub
lduubnaan,lduub
lduub,lduub
lduubid,lduub
suyucid,suyuc
suyucsan,suyuc
suyucay,suyuc
suyucsanaan,suyuc
suyucsanaansho,suyuc
taasoo,taas
taaso,taas
taasina,taas
taasna,taas
taasi,taas
taasu,taas
taabbaggeliyay,taab
taabtuhuna,taab
taabta,taab
taabay,taab
taabi,taab
taaban,taab
taabto,taab
taabasha,taab
taabtaa,taab
taabo,taab
taabanayaan,taab
taabtaha,taab
taabteyaasha,taab
taabteen,taab
taabanayo,taab
taabashada,taab
taabteyaashoodu,taab
taabtay,taab
taabid,taab
taabicid,taab
taabacsan,taab
taabacsanaan,taab
taabacsanaansho,taab
taabad,taab
taabbaggelid,taab
taabbaggeli,taab
taabbaggelin,taab
taabbaggudid,taab
taabbaggudi,taab
taabbaggudin,taab
taabbaqaad,taab
taabbaqaadid,taab
taabsii,taab
taabsiin,taab
taabsiis,taab
taabuul,taab
taabanaya,taab
taabte,taab
taabashadooda,taab
taabacsan,taabac
taabacsanaan,taabac
taabacsanaansho,taabac
taabbaggudid,taabbaggud
taabbaggudi,taabbaggud
taabbaggudin,taabbaggud
taadhisaarid,taadhisaar
taagant,taag
taageerey,taag
taagan,taag
taagid,taag
taagneyd,taag
taageerada,taag
taageeraan,taag
taageera,taag
taageerid,taag
taagga,taag
taagnayd,taag
taaganyihiin,taag
taagnaa,taag
taageero,taag
taagantahay,taag
taagidda,taag
taaganyahay,taag
taaga,taag
taagta,taag
taago,taag
taagnaan,taag
taagani,taag
taagnaansho,taag
taageersan,taag
taagto,taag
taagnaadaan,taag
taaggidda,taag
taageeraya,taag
taagi,taag
taagag,taag
taagay,taag
taagayo,taag
taagtaagan,taag
taagnaado,taag
taagtaa,taag
taaganna,taag
taagtay,taag
taagaan,taag
taagtaaganyihiin,taag
taagtaagantahay,taag
taagdaran,taag
taagdarnaan,taag
taagdarnaansho,taag
taagdarni,taag
taagdarno,taag
taagdarree,taag
taagdarreyn,taag
taageer,taag
taageere,taag
taagsad,taag
taagsasho,taag
taagso,taag
taagsi,taag
taahid,taah
taaha,taah
taajirid,taajir
taajirnimo,taajir
taaloogan,taaloog
taaloogasho,taaloog
taaloogo,taaloog
taaloogid,taaloog
taaloognaan,taaloog
taaloognaansho,taaloog
taariikhda,taar
taariikh,taar
taariikhdiis,taar
taariikada,taar
taariikheed,taar
taariikhdooda,taar
taarad,taar
taarasho,taar
taaran,taar
taarashid,taar
taaro,taar
taarid,taar
taarig,taar
taariifo,taar
taariikhdii,taar
taarikh,taar
taarikhda,taar
taariikhee,taar
taariikheyn,taar
taariikhi,taar
taariikhgal,taar
taariikhqore,taar
taariikhyahan,taar
taarnaan,taar
taarnaansho,taar
taarsuus,taar
taarwale,taar
taarka,taar
taarikhada,taar
taariikhdiisa,taar
taariikho,taar
taarasho,taarash
taarashid,taarash
tabaalacsan,tabaalac
tabaalacsanaan,tabaalac
tabaalacsanaansho,tabaalac
tababbaran,tababbar
tababbarid,tababbar
tababbaro,tababbar
tababbaray,tababbar
tababbarka,tababbar
tababbari,tababbar
tababbarnaan,tababbar
tababbarnaansho,tababbar
tacdaarasho,tacdaar
tacdaaro,tacdaar
tacdaarid,tacdaar
tabargabid,tabargab
tabargalid,tabargal
tabarrucid,tabarruc
tacaalo,tacaal
tacaalid,tacaal
tacabka,tacab
tacabbir,tacab
tacabbirid,tacab
tacabkhasaaro,tacab
tacabkordhin,tacab
tacabla,tacab
tacablaawe,tacab
tacabsoosar,tacab
tadcaarid,tadcaar
tadcaaro,tadcaar
tadcaarasho,tadcaar
tamcaarasho,tamcaar
tamcaarid,tamcaar
tamcaaro,tamcaar
tacsiirid,tacsiir
taddawurid,taddawur
tafaafulid,tafaaful
tafaawulid,tafaawul
tafajiidid,tafajiid
tafantoofid,tafantoof
tafaraaruqid,tafaraaruq
tafarruqid,tafarruq
takhasuskiisu,takh
takhtareedka,takh
takhtarku,takh
takhid,takh
takhaatiirtu,takh
takhtareed,takh
takhaatiir,takh
takhtarnimo,takh
takhasusay,takh
takhaatir,takh
takhallus,takh
takhallusid,takh
takhantakhayn,takh
takhantakhee,takh
takhantakhin,takh
takhantakhi,takh
takhan,takh
takhee,takh
takhantakho,takh
takhantakhoo,takh
takhantakhood,takh
takhasusid,takh
takhsiirid,takh
takhtad,takh
takhtaran,takh
takhtarnaan,takh
takhtarnaansho,takh
takhti,takh
tafsiirid,tafsiir
tagrifalid,tagrifal
tahantoogid,tahantoog
toogto,toog
toogta,toog
toogasho,toog
toogashada,toog
toogana,toog
toog,toog
toogad,toog
toogaysasho,toog
toogayso,toog
toogaysi,toog
tooggo,toog
tooghay,toog
tooghayn,toog
tooganaysay,toog
tahbiibid,tahbiib
takhasuskiisu,takhasus
takhasusay,takhasus
takhasusid,takhasus
takhsiirid,takhsiir
takoorid,takoor
takooran,takoor
takooro,takoor
takooray,takoor
takoore,takoor
takooraha,takoor
takooruhu,takoor
takoorin,takoor
takoornaan,takoor
takoornaansho,takoor
takoori,takoor
talaggalay,talaggal
talaggalo,talaggal
talalid,talal
talanteelid,talanteel
teelteelid,teelteel
talaxgabid,talaxgab
tallaalo,tallaal
tallaalantahay,tallaal
tallaaley,tallaal
tallaali,tallaal
tallaalka,tallaal
tallaalay,tallaal
tallaalmid,tallaal
tallaalnaan,tallaal
tallaalnaansho,tallaal
tallaalantahay,tallaalan
eegtallaalan,eegtallaalan
tallantaaliga,tallan
taluulisa,taluul
taluulid,taluul
taluulmid,taluul
taluulnaan,taluul
taluulnaansho,taluul
tamarta,tamar
tamartu,tamar
tamari,tamar
tamaraysan,tamar
tamardarro,tamar
tamareedka,tamar
tamartaas,tamar
tamargudeedka,tamar
tamareed,tamar
tamardanabeed,tamar
tamartaasi,tamar
tamaro,tamar
tamardhigid,tamar
tamarina,tamar
tamiino,tamiin
tamminid,tammin
temminid,temmin
tanaadi,tanaad
tanaadid,tanaad
tanaadin,tanaad
taqliidid,taqliid
taqraaran,taqraar
taqraarid,taqraar
taqraarnaan,taqraar
taqraarnaansho,taqraar
taqraarqan,taqraar
tiqraarid,tiqraar
tiqraarnaan,tiqraar
tiqraaran,tiqraar
tiqraaray,tiqraar
tiqraarnaansho,tiqraar
taqtaqid,taqtaq
taraaraysi,taraar
taraarid,taraar
taraarixin,taraar
taraaraxid,taraar
taraaraysasho,taraar
taraarayso,taraar
taraare,taraar
taraarsii,taraar
taraarsiin,taraar
taraaraxid,taraarax
taranka,taran
taranku,taran
taranta,taran
tarankooda,taran
taransanayo,taran
tarandac,taran
tarandhaafid,taran
taransad,taran
taransasho,taran
taranso,taran
tarantarree,taran
tarantarreyn,taran
taranti,taran
tarantirid,taran
tarandhaafid,tarandhaaf
tarashka,tarash
tarashid,tarash
tariibid,tariib
tarraarro,tarraar
tarraxo,tarrax
tarraxin,tarrax
tarraxan,tarrax
tarraxay,tarrax
tarraxnaan,tarrax
tarraxnaansho,tarrax
tarriiqid,tarriiq
tarriiqmid,tarriiq
tarriiqnaan,tarriiq
tarriiqnaansho,tarriiq
tartansiin,tartan
tartansiiyo,tartan
tartanka,tartan
tartansii,tartan
tasarrufid,tasarruf
tashiilasho,tashiil
tashiilid,tashiil
tashiilo,tashiil
tashiilidda,tashiil
tashiilin,tashiil
tashiilan,tashiil
tashiilad,tashiil
tasniifid,tasniif
tawaawilid,tawaawil
tawakalid,tawakal
tawalid,tawal
wiilkaygiyow,wiil
wiilka,wiil
wiilasha,wiil
wiilashu,wiil
wiilal,wiil
wiilid,wiil
wiilasho,wiil
wiilo,wiil
wiilkii,wiil
wiilnimo,wiil
taxaddarid,taxaddar
taxalluqa,taxalluq
taxalluqid,taxalluq
taxalluqsan,taxalluq
taxalluqsanaan,taxalluq
taxalluqsanaansho,taxalluq
taxanaha,taxan
taxane,taxan
taxana,taxan
taxanyihiin,taxan
taxliilin,taxliil
taxliili,taxliil
tebbedid,tebbed
tebisid,tebis
teedsan,teed
teedid,teed
teedin,teed
teedi,teed
teeda,teed
teedsanaan,teed
teedsanaansho,teed
teermoodaynamik,teer
teeriya,teer
teeriyotambuur,teer
teeri,teer
teermokimistari,teer
teershari,teer
teersi,teer
telefiishinka,telef
telefishan,telef
telefeeshinnada,telef
telefoonnada,telef
telefoon,telef
telefisyoon,telef
telefishinka,telef
telefishinku,telef
telefooniiste,telef
tibaaxo,tibaax
tibaaxaysa,tibaax
tibaaxay,tibaax
tibaaxaa,tibaax
tibaaxi,tibaax
tibaaxid,tibaax
tibaaxaha,tibaax
tibaaxda,tibaax
tidcanaan,tidcan
tidcanaansho,tidcan
tifaftiran,tifaftir
tifaftirid,tifaftir
tifaftiray,tifaftir
tifaftirane,tifaftir
tifaftiro,tifaftir
tifaftire,tifaftir
tifaftirnaan,tifaftir
tifaftirnaansho,tifaftir
tifiqlee,tifiq
tifiqlayn,tifiq
tigtigid,tigtig
tigtigan,tigtig
tigtigay,tigtig
tigtigasho,tigtig
tigtigo,tigtig
tigtignaan,tigtig
tigtignaansho,tigtig
tigtiganyahay,tigtig
tiifowga,tiif
tiifaha,tiif
tiifid,tiif
tiigsasho,tiig
tiigsanayo,tiig
tiigsanaayo,tiig
tiigaaya,tiig
tiigaal,tiig
tiigsahso,tiig
tiigasho,tiig
tiigo,tiig
tiigsad,tiig
tiigso,tiig
tiigsi,tiig
tiigsin,tiig
tiig,tiig
tiillay,tiil
tiilaya,tiil
tiilid,tiil
tiilleen,tiil
tiinka,tiin
tiinno,tiin
tiinta,tiin
tiingaa,tiin
tiingaarasho,tiin
tiingaaro,tiin
tiiniya,tiin
tiirsado,tiir
tiiraanyo,tiir
tiiro,tiir
tiirsan,tiir
tiirin,tiir
tiirada,tiir
tiiriyayaal,tiir
tiiriya,tiir
tiiradoodu,tiir
tiirar,tiir
tiirsanyihiin,tiir
tiirsanaa,tiir
tiiradu,tiir
tiirri,tiir
tiiraanyeysan,tiir
tiirarka,tiir
tiirooyinka,tiir
tiirsanaanta,tiir
tiirsanaado,tiir
tiirsasho,tiir
tiirka,tiir
tiiraanyayn,tiir
tiiraanyee,tiir
tiiraanyaysan,tiir
tiiraanyaysnaan,tiir
tiiraanyaysnaansho,tiir
tiiraanyays,tiir
tiiraanyoo,tiir
tiiraanyood,tiir
tiire,tiir
tiirfoorara,tiir
tiiri,tiir
tiirid,tiir
tiiris,tiir
tiirisboor,tiir
tiiriyey,tiir
tiirsanaan,tiir
tiirsa,tiir
tiirsanaansho,tiir
tiirso,tiir
tiirsimaad,tiir
tiirtaagan,tiir
tiirotaagan,tiir
tiiraanyada,tiir
tiiriyaan,tiir
tiixid,tiix
tilmaameysa,tilmaame
tilmaameyaal,tilmaame
tilmaansado,tilmaan
tilmaansadaa,tilmaan
tilmaantaa,tilmaan
tilmaanid,tilmaan
tilmaansanaan,tilmaan
tilmaantooda,tilmaan
tilmaansad,tilmaan
tilmaansasho,tilmaan
tilmaansan,tilmaan
tilmaansanaansho,tilmaan
tilmaanso,tilmaan
tilmaanteeda,tilmaan
tilmaanta,tilmaan
tilmaanto,tilmaan
tiraabid,tiraab
tirakoobid,tirakoob
tiriska,tiris
tirooyinka,tiro
tirooyin,tiro
tiroborotoon,tiro
tirooy,tiro
tirooyinkaas,tiro
tirobeel,tiro
tirobeed,tiro
tirosin,tiro
tirooyinkaasi,tiro
tirosinka,tiro
tisqaadid,tisqaad
tixraacayo,tixraac
tixraacid,tixraac
tixraaca,tixraac
tiyaaqid,tiyaaq
toganayaasha,togan
toganyahay,togan
toganaha,togan
tolanyahay,tolan
toobke,toob
toobineed,toob
toobinku,toob
toobinka,toob
toobte,toob
toobe,toob
toobiye,toob
toobograafiyeed,toob
toobad,toob
toobadkeenaya,toob
toobadkeenid,toob
toobadla,toob
toobalcaaro,toob
tooban,toob
toobay,toob
toobboon,toob
toobboonaan,toob
toobboonaansho,toob
toobo,toob
toobin ,toob
toobkicid,toob
toobnaan,toob
toobnaansho,toob
toobi,toob
toobineedku,toob
toobadkeenaya,toobadkeen
toobadkeenid,toobadkeen
toobineed,toobin
toobinku,toobin
toobinka,toobin
toobin ,toobin
toobineedku,toobin
toocin,tooci
toodibo,tood
toodimo,tood
toodoobid,tood
toodow,tood
toodraacid,tood
toodraacid,toodraac
tookhid,tookh
toona,toon
toonaansho,toon
toonta,toon
toonyo,toon
toonbaakh,toon
toorreyda,toor
tooriyam,toor
toorrayda,toor
toorray,toor
toorrey,toor
tooran,toor
toorasho,toor
tooro,toor
tooratoore,toor
toorayn,toor
tooree,toor
toore,toor
toorid,toor
toornaado,toor
toornaan,toor
toornaansho,toor
toorri,toor
toorriyaha,toor
toosin,toos
toosan,toos
toosnaa,toos
toosnay,toos
toosi,toos
tooska,toos
tooso,toos
toostoosan,toos
tooshashka,toos
toosh,toos
toosid,toos
tooskayga,toos
toosnayn,toos
toosinta,toos
toosiyo,toos
toosnaan,toos
toosnaansho,toos
toosay,toos
toosiya,toos
toosinina,toos
toosiyaa,toos
toosinayaa,toos
toosinayo,toos
toosisaa,toos
toosiso,toos
toosisid,toos
toosinaysaa,toos
toosinayso,toos
toosinaysid,toos
toosinaa,toos
toosino,toos
toosinaynaa,toos
toosinayno,toos
toosisaan,toos
toosinaysaan,toos
toosiyaan,toos
toosinayaan,toos
toosiyay,toos
toosinayay,toos
toosinayn,toos
toosinaynin,toos
toosisay,toos
toosinaysay,toos
toosinay,toos
toosinaynay,toos
toosiseen,toos
toosinayseen,toos
toosiyeen,toos
toosinayeen,toos
toosinneen,toos
toosinno,toos
tooxyo,toox
tooxiisu,toox
tooxay,toox
tooxid,toox
tooxan,toox
tooxasho,toox
tooxo,toox
tooxi,toox
tooxin,toox
tooxnaan,toox
tooxnaansho,toox
tooxsasho,toox
tooxso,toox
tooxsi,toox
tooxweyn,toox
tortorid,tortor
tuhunsanyahay,tuhun
tuhunsan,tuhun
tuhunsanaan,tuhun
tuhunsanaansho,tuhun
tuhunsii,tuhun
tuhunsiin,tuhun
tukubinayo,tukub
tukubid,tukub
tukube,tukub
tukubo,tukub
tumaaluhu,tumaal
tumaalku,tumaal
tumaali,tumaal
tummaatiyid,tummaati
turjubaanad,turjubaan
turjubaanid,turjubaan
turjubaannimo,turjubaan
turjumaanid,turjumaan
turjumaannimo,turjumaan
turubka,turub
turubku,turub
tuugid,tuug
tuugsi,tuug
tuugmo,tuug
tuugo,tuug
tuugannimo,tuug
tuugnimo,tuug
tuugsad,tuug
tuugsasho,tuug
tuugso,tuug
tuugtamid,tuug
tuulo,tuul
tuullimaadyada,tuul
tuulmidda,tuul
tuulimaadyada,tuul
tuulmay,tuul
tuulada,tuul
tuullimaad,tuul
tuulma,tuul
tuulka,tuul
tuulaan,tuul
tuulan,tuul
tuulid,tuul
tuulimaad,tuul
tuulay,tuul
tuulimaadku,tuul
tuulnaan,tuul
tuulnaansho,tuul
tųurid,tųur
tųurnaan,tųur
tųuray,tųur
tųurniin,tųur
tųurin,tųur
tųuro,tųur
tųurnaansho,tųur
tuunsanaan,tuunsan
tuunsanaansho,tuunsan
tųuran,tųuran
ubucda,ubuc
ubuceed,ubuc
udgoonyihiin,udgoon
udgoonee,udgoon
udgoonayn,udgoon
udgoonaan,udgoon
udgoonaansho,udgoon
udgoonsad,udgoon
udgoonsasho,udgoon
udgoonso,udgoon
udgoonyahay,udgoon
udugga,udug
udullubi,udullub
udullubid,udullub
udullubin,udullub
udullubis,udullub
ugaarta,ugaar
ugaarsada,ugaar
ugaarsiga,ugaar
ugaarsi,ugaar
ugaarsatadu,ugaar
ugaarsashada,ugaar
ugaarsato,ugaar
ugaarsado,ugaar
ugaarsasho,ugaar
ugaarsaduhu,ugaar
ugaarsanayso,ugaar
ugaarsanayo,ugaar
ugaartu,ugaar
ugaartana,ugaar
ugaarso,ugaar
ugaarasho,ugaar
ugaarayn,ugaar
ugaaree,ugaar
ugaarid,ugaar
ugaaro,ugaar
ugaaroobid,ugaar
ugaarow,ugaar
ugaarsad,ugaar
ugaarsatada,ugaar
ugaarsade,ugaar
ugareed,ugar
ugaxleyda,ugax
ugaxda,ugax
ugaxlay,ugax
ugaxnimadii,ugax
hooseeyehiisuba,hooseeye
ugubi,ugub
ugubnimo,ugub
ultansii,ultan
ultansiin,ultan
ultansiis,ultan
umaadad,umaad
umaadid,umaad
ummulnimo,ummul
ummulaha,ummul
ummulinta,ummul
ummuladdoox,ummul
ummulbixi,ummul
ummulbixid,ummul
ummulbixin,ummul
ummuli,ummul
ummulid,ummul
ummulin,ummul
ummulis,ummul
ummuliso,ummul
ummuliye,ummul
ummuliyo,ummul
ummulaya,ummul
ummulow,ummul
ummula,ummul
ummulaysa,ummul
ummulraaco,ummul
ummulraacasho,ummul
ummulraacid,ummul
ummulraaco,ummulraac
ummulraacasho,ummulraac
ummulraacid,ummulraac
unkanaan,unkan
unkanaansho,unkan
unugga,unug
unugyo,unug
unugley,unug
unugleyda,unug
unugyada,unug
unuggu,unug
unugyadiisu,unug
unugyadaas,unug
unugmuruqeed,unug
unugeedka,unug
unugyeed,unug
unugyadu,unug
unugmaniga,unug
ururin,urur
ururka,urur
ururiyey,urur
ururi,urur
ururid,urur
urursanaan,urur
urursanaansho,urur
urursasho,urur
ururso,urur
ururtaa,urur
ururto,urur
ururiyay,urur
ururtay,urur
ururkani,urur
ururaan,urur
urura,urur
ururiya,urur
ururiyo,urur
ururo,urur
urursho,urur
ururay,urur
ururugleeye,urur
ururna,urur
ururrada,urur
urursa,urur
urursiga,urur
urur ,urur
ururis,urur
urursamid,urur
ururro,urur
urursanaan,urursan
urursanaansho,urursan
uumantay,uuman
uumis,uumi
uumiyoobe,uumi
uumiga,uumi
uumibaxu,uumi
uumigeeduna,uumi
uumibiyood,uumi
uumigu,uumi
uumibiyoodka,uumi
uuminayo,uumi
uumibiyooodka,uumi
uumigiisuna,uumi
uumiyo,uumi
uumibixid,uumi
uumid,uumi
uumihoorow,uumi
uumin,uumi
uumitee,uumi
uumito,uumi
uumiteyn,uumi
uumiyey,uumi
uumigiisa,uumi
uumibaxu,uumibax
uurjiifku,uurjiif
uurjiifka,uurjiif
uusmiirid,uusmiir
uusmiirad,uusmiir
uusmiirasho,uusmiir
uusmiiray,uusmiir
uusmiiro,uusmiir
uusmiirmid,uusmiir
uusmiirnaan,uusmiir
uusmiirnaansho,uusmiir
waabaayo,waab
waaberi,waab
waaban,waab
waabaayada,waab
waaberiisasho,waab
waaberiga,waab
waabnaansho,waab
waabaay,waab
waabaayayn,waab
waabaayee,waab
waabaayaysan,waab
waabaayeeyey,waab
waabaayaysnaan,waab
waabaayaysnaansho,waab
waabaayoobid,waab
waabaayow,waab
waabari,waab
waabberi,waab
waabariisasho,waab
waabariiso,waab
waabberiiso,waab
waabariisii,waab
waabberiisii,waab
waabariisiin,waab
waabberiisiin,waab
waabasho,waab
waabo,waab
waabberiisasho,waab
waabbari,waab
waabi,waab
waabid,waab
waabin,waab
waabis,waab
waabjiif,waab
waabnaan,waab
waagu,waag
waagii,waag
waagi,waag
waaga,waag
waageeran,waag
waageerasho,waag
waageerid,waag
waageero,waag
waageernaan,waag
waageernaansho,waag
waageersan,waag
waageersanaan,waag
waageersanaansho,waag
waagid,waag
waagani,waag
waago,waag
waajibtay,waajib
waajibiyey,waajib
waajibka,waajib
waajiba,waajib
waajibaadkeeda,waajib
waajibta,waajib
waajibaysasho,waajib
waajibayso,waajib
waajibi,waajib
waajibid,waajib
waajibin,waajib
waajibaadkii,waajib
waalidkii,waali
waalidkood,waali
waalidkiis,waali
waalidintooda,waali
waalidka,waali
waalidna,waali
waalidkeed,waali
waalidku,waali
waalidnimo,waali
waalidkii,waalid
waalidkood,waalid
waalidkiis,waalid
waalidintooda,waalid
waalidka,waalid
waalidna,waalid
waalidkeed,waalid
waalidku,waalid
waalidnimo,waalid
waaridid,waar
waarayn,waar
waara,waar
waarar,waar
waaray,waar
waaran,waar
waardiye,waar
waaro,waar
waaris,waar
waaridnimo,waar
waarig,waar
waariko,waar
waarikow,waar
waarin,waar
waarri,waar
waarrin,waar
waaridid,waari
waaris,waari
waaridnimo,waari
waarig,waari
waariko,waari
waarikow,waari
waarin,waari
waaridid,waarid
waaridnimo,waarid
waayeelka,waayeel
waayeelnimo,waayeel
waayeeloobid,waayeel
waayeelow,waayeel
waayeelid,waayeel
waayoaragnimo,waayo
wabaxso,wabax
wabaxguul,wabax
wabaxsan,wabax
wabaxsanaan,wabax
wabaxsanaansho,wabax
wabaxsasho,wabax
wabaxtaraar,wabax
wacadfurid,wacadfur
wacadfuryo,wacadfur
wacalnimo,wacal
wacdiga,wacdi
wacdin,wacdi
wacdiyid,wacdi
wadaagaan,wadaag
wadaago,wadaag
wadaagin,wadaag
wadaaga,wadaag
wadaagihiisa,wadaag
wadaagid,wadaag
wadaageheeda,wadaag
wadaagta,wadaag
wadaagaya,wadaag
wadaage,wadaag
wadahadalsii,wadahadal
wadahadalsiin,wadahadal
wadajira,wadajir
wadajirkiisa,wadajir
wadajirka,wadajir
wadartoodaba,wadar
wadareedkiisu,wadar
wadarta,wadar
wadartooda,wadar
wadarteeda,wadar
wadaroobaa,wadar
wadart,wadar
wadartoodu,wadar
wadareed,wadar
wadarayn,wadar
wadaroobaan,wadar
wadaroobbaan,wadar
wadareedda,wadar
wadarooba,wadar
wadaroob,wadar
wadareedka,wadar
waddacid,waddac
waddarid,waddar
wedderid,wedder
wadnabbaabid,wadnabbaab
wahsiga,wahsi
wajaqid,wajaq
walaacad,walaac
walaaca,walaac
walaacid,walaac
walaacsan,walaac
walaacsanaan,walaac
walaacsanaansho,walaac
walaalkay,walaal
walaalkeed,walaal
walaalkii,walaal
walaalo,walaal
walaala,walaal
walaalayn,walaal
walaalee,walaal
walaalnimo,walaal
walaaltinnimo,walaal
walaaltooyo,walaal
walaaloobid,walaal
walaalow,walaal
walaaqid,walaaq
walaaqo,walaaq
walaaqan,walaaq
walaaqay,walaaq
walaaqnaan,walaaq
walaaqnaansho,walaaq
walbahaarid,walbahaar
wallaca,wallac
wallacna,wallac
wallacid,wallac
wallacsan,wallac
wallacsanaan,wallac
wallacsanaansho,wallac
walqalid,walqal
waqlalid,waqlal
walwali,walwal
walwalid,walwal
walwalin,walwal
walwalsan,walwal
walwalsanaan,walwal
walwalsanaansho,walwal
warwareejin,warwar
warwareegid,warwar
warwareeg,warwar
warwareego,warwar
warwari,warwar
warwarid,warwar
warwarin,warwar
warwarsan,warwar
warwarsanaan,warwar
warwarsanaansho,warwar
welwelid,welwel
welwelsan,welwel
welwelin,welwel
welweli,welwel
welwelsanaan,welwel
welwelsanaansho,welwel
werweri,werwer
werwerid,werwer
werwerin,werwer
werwersan,werwer
werwersanaan,werwer
werwersanaansho,werwer
wandharid,wandhar
wandharan,wandhar
wandharay,wandhar
wandharnaan,wandhar
wandharnaansho,wandhar
wankalaalis,wankalaali
wankalaalin,wankalaali
wanqaran,wanqar
wanqareed,wanqar
wanqaranyahay,wanqar
wanqaray,wanqar
wanqarid,wanqar
wanqarnaan,wanqar
wanqarnaansho,wanqar
wansiixi,wansiix
wansiixid,wansiix
wansiixin,wansiix
wansiixsan,wansiix
wansiixay,wansiix
wansiixsanaan,wansiix
wansiixsanaansho,wansiix
waqdhaacid,waqdhaac
waqdhaacin,waqdhaac
waqtiyada,waqti
waqtiga,waqti
waqtiigii,waqti
waqtigiisa,waqti
waqtiyadii,waqti
waqtigii,waqti
waqtigaa,waqti
waqtigaas,waqti
waqtigeeda,waqti
waqtiyeed,waqti
waqtigaan,waqti
waqtiley,waqti
waqtigoodu,waqti
waqtigeedii,waqti
waqtigiiba,waqti
waqtilumis,waqti
waqtiseejin,waqti
waqtiyeysan,waqti
waqtigan,waqti
waqtiyo,waqti
waqtiyaysan,waqti
waqtiqaadasho,waqti
waqtiqaado,waqti
waqtiyeynta,waqti
waqtigana,waqti
waraabshey,waraab
waraabiyey,waraab
waraabinta,waraab
waraabiya,waraab
waraabe,waraab
waraabin,waraab
waraabka,waraab
waraabiyo,waraab
waraabinayo,waraab
waraabowga,waraab
waraabshay,waraab
waraabid,waraab
waraabadadow,waraab
waraabalahadal,waraab
waraabaqandhis,waraab
waraabaha,waraab
waraabi,waraab
waraabis,waraab
waraaboobid,waraab
waraabsan,waraab
waraabsanaan,waraab
waraabsanaansho,waraab
waraabsasho,waraab
waraabso,waraab
waraabowga,waraabow
waranka,waran
warango,waran
warankiino,waran
waranle,waran
waranley,waran
waranweyro,waran
werdiyid,werdi
werdiyo,werdi
wareegtay,wareeg
wareegey,wareeg
wareegsan,wareeg
wareegid,wareeg
wareega,wareeg
wareeggeeduna,wareeg
wareegsanyihiin,wareeg
wareeggooda,wareeg
wareegsanyahay,wareeg
wareegta,wareeg
wareegaysa,wareeg
wareegsantahay,wareeg
wareegiisa,wareeg
wareegga,wareeg
wareegaan,wareeg
wareegsanyih,wareeg
wareegba,wareeg
wareegaya,wareeg
wareegsado,wareeg
wareege,wareeg
wareegidda,wareeg
wareegsasho,wareeg
wareegsamay,wareeg
wareeggeeda,wareeg
wareeggiisa,wareeg
wareegsanna,wareeg
wareegan,wareeg
wareegaalaysasho,wareeg
wareegaalayso,wareeg
wareegaalaysi,wareeg
wareegaysasho,wareeg
wareegayso,wareeg
wareegacadde,wareeg
wareegaalaysanayaa,wareeg
wareegacaddee,wareeg
wareegacaddeyn,wareeg
wareegasho,wareeg
wareegsanaan,wareeg
wareegsanaansho,wareeg
wareegso,wareeg
wareegayo,wareeg
wareegin,wareeg
wareento,wareen
wareerin,wareer
wareerid,wareer
wareeraysan,wareer
wareerto,wareer
wareersan,wareer
wareero,wareer
wareersani,wareer
wareersanaan,wareer
wareeri,wareer
wareeraan,wareer
wareerka,wareer
wareeray,wareer
wareersanaansho,wareer
wareershe,wareer
wargurid,wargur
wargure,wargur
warjaafid,warjaaf
warjeefid,warjeef
warraaqid,warraaq
warsheegid,warsheeg
washirid,washir
washiran,washir
washiray,washir
washirnaan,washir
washirnaansho,washir
wasiirrada,wasiir
wasiirnimo,wasiir
waswaasay,waswaas
waswaasi,waswaas
waswaasid,waswaas
waswaasin,waswaas
wiswisi,wiswis
wiswisid,wiswis
wiswisin,wiswis
waxaraha,waxar
waxaraxir,waxar
waxarawaalis,waxar
waxarcaddeeye,waxar
waxarey,waxar
waxaro,waxar
waxarxir,waxar
webiga,webi
webiyada,webi
webigu,webi
webiyo,webi
webiyadu,webi
webin,webi
webis,webi
weelduwid,weelduw
weelduwan,weelduw
weero,weer
weertan,weer
weerta,weer
weertu,weer
weereynta,weer
weerood,weer
weeraro,weer
weeraraya,weer
weerarid,weer
weeraha,weer
weeri,weer
weerarto,weer
weerarayo,weer
weeraray,weer
weerarey,weer
weeraami,weer
weeraamin,weer
weerargelid,weer
weerarniin,weer
weerasho,weer
weercalaan,weer
weerka,weer
weerdawac,weer
weereyn,weer
weerid,weer
weershe,weer
weereedka,weer
weereed,weer
weerey,weer
weertaa,weer
weereedyo,weer
weeraro,weerar
weeraraya,weerar
weerarid,weerar
weerarto,weerar
weerarayo,weerar
weeraray,weerar
weerarey,weerar
weerargelid,weerar
weerarniin,weerar
rargal,rargal
wegered,weger
wegeredee,weger
wegeredeyn,weger
wehelyeelid,wehelyeel
wejitubid,wejitub
weydaarka,weydaar
weydaarin,weydaar
weydaarasho,weydaar
weydaartaan,weydaar
weydaarsan,weydaar
weydaarid,weydaar
weydaaro,weydaar
weydaari,weydaar
weydaarsanaan,weydaar
weydaarsanaansho,weydaar
weydaarsasho,weydaar
weydaarso,weydaar
weydaarsanayo,weydaar
weylaha,weyl
weylo,weyl
weylood,weyl
weylaalis,weyl
weyladay,weyl
weyneynsiin,weyneyn
weyneynayo,weyneyn
weyraxi,weyrax
weyraxid,weyrax
weyraxin,weyrax
weyraxsan,weyrax
weyraxay,weyrax
weyraxsanaan,weyrax
weyraxsanaansho,weyrax
wiiqay,wiiq
wiiqid,wiiq
wiiqmid,wiiq
wiiqnaan,wiiq
wiiqnaansho,wiiq
wiiqiyad,wiiq
wirwirid,wirwir
wishaarid,wishaar
woodid,wood
xaabka,xaab
xaabley,xaab
xaabsasho,xaab
xaabo,xaab
xaabiis,xaab
xaabid,xaab
xaabay,xaab
xaabtay,xaab
xaabi,xaab
xaabayn,xaab
xaabee,xaab
xaabin,xaab
xaabis,xaab
xaabsad,xaab
xaabso,xaab
xaabsi,xaab
xaadiri,xaadir
xaadirid,xaadir
xaadirin,xaadir
xaadiris,xaadir
xaadirsan,xaadir
xaadiriyey,xaadir
xaadirsanaan,xaadir
xaadirsa,xaadir
xaadirsanaansho,xaadir
xaalufay,xaaluf
xaalufi,xaaluf
xaalufid,xaaluf
xaalufin,xaaluf
xaarasho,xaar
xaarid,xaar
xaaraan,xaar
xaarwalwaal,xaar
xaaraantimaysay,xaar
xaarxaar,xaar
xaaraantiimeeyey,xaar
xaaraantinnimeeyey,xaar
xaarnaansho,xaar
xaaraamayn,xaar
xaaraamee,xaar
xaaraamaysan,xaar
xaaraameeyey,xaar
xaaraamaysnaan,xaar
xaaraamaysnaansho,xaar
xaaraamays,xaar
xaaraantimee,xaar
xaaraami,xaar
xaaraanta,xaar
xaaraannimo,xaar
xaaraantinnimo,xaar
xaaraanquute,xaar
xaaraansan,xaar
xaaraansanaan,xaar
xaaraansanaansho,xaar
xaaraantimayn,xaar
xaaramee,xaar
xaaraanyahan,xaar
xaaro,xaar
xaari,xaar
xaarsii,xaar
xaarsiin,xaar
xaarxaari,xaar
xaarxaarin,xaar
xaarxaaro,xaar
xaaska,xaas
xaashi,xaas
xaashida,xaas
xaaskiisa,xaas
xaaskiis,xaas
xaashiyo,xaas
xaashiya,xaas
xaashiyuhu,xaas
xaasidnimo,xaas
xaashiyaha,xaas
xaashidu,xaas
xaasaami,xaas
xaasaamid,xaas
xaasaamin,xaas
xaasaanqabow,xaas
xaasha,xaas
xaasi,xaas
xaasidad,xaas
xaasil,xaas
xaasin,xaas
xaasoobid,xaas
xaasow,xaas
xaasidid,xaas
xabbaarid,xabbaar
xaasaanqabow,xaasaan
xaasidnimo,xaasid
xaasidad,xaasid
xaasidid,xaasid
xabaalid,xabaal
xabaalmid,xabaal
xabaalay,xabaal
xabaalan,xabaal
xabaalihii,xabaal
xabaalaha,xabaal
xabaalin,xabaal
xabaalaquf,xabaal
xabaalaqode,xabaal
xabaalasho,xabaal
xabaalbilaash,xabaal
xabaalfure,xabaal
xabaalnaan,xabaal
xabaalnaansho,xabaal
xabaalnololi,xabaal
xabaalnololin,xabaal
xawaaladaha,xawaal
xawaalad,xawaal
xabbisid,xabbis
xabbisan,xabbis
xabbisnaan,xabbis
xabbisnaansho,xabbis
xabbisasho,xabbis
xabeebi,xabeeb
xabeebid,xabeeb
xabeebin,xabeeb
xabeebsad,xabeeb
xabeebsasho,xabeeb
xabeebsan,xabeeb
xabeebsanaan,xabeeb
xabeebsanaansho,xabeeb
xabeebso,xabeeb
xabeebku,xabeeb
xagaaga,xagaa
xagaagu,xagaa
xagaayadu,xagaa
xagaabbax,xagaa
xagaafayn,xagaa
xagaafee,xagaa
xagaafe,xagaa
xagaafo,xagaa
xagaafi,xagaa
xagaafid,xagaa
xagaafin,xagaa
xagaafis,xagaa
xagaal,xagaa
xagaali,xagaa
xagaalin,xagaa
xagaalis,xagaa
xagaalsasho,xagaa
xagaalso,xagaa
xagaay,xagaa
xagaayo,xagaa
xagaafso,xagaa
xagaafayn,xagaaf
xagaafee,xagaaf
xagaafe,xagaaf
xagaafo,xagaaf
xagaafi,xagaaf
xagaafid,xagaaf
xagaafin,xagaaf
xagaafis,xagaaf
xagaafso,xagaaf
xagallo,xagal
xagalka,xagal
xagalley,xagal
xagallada,xagal
xagalkaddaac,xagal
xagaldaacid,xagal
xagaldaaco,xagal
xagalkaddaacid,xagal
xagalo,xagal
xagaldaacid,xagaldaac
xagaldaaco,xagaldaac
xaglisid,xaglis
xagxagasho,xagxag
xagxago,xagxag
xagxagid,xagxag
xajiyaan,xaji
xajiyo,xaji
xajin,xaji
xajiinta,xaji
xajiinka,xaji
xajiimoodo,xaji
xajistaan,xaji
xajinaysaa,xaji
xajinayso,xaji
xajisay,xaji
xajiimee,xaji
xajiimooto,xaji
xajiimeyn,xaji
xajiimeysan,xaji
xajiimeysnaan,xaji
xajii,xaji
xajiimeysnaansho,xaji
xajiimo,xaji
xajiimoo,xaji
xajiimood,xaji
xajiinbadeed,xaji
xajiinmadow,xaji
xajiintir,xaji
xajiyid,xaji
xajiinta,xajiin
xajiinka,xajiin
xajiinbadeed,xajiin
xajiinmadow,xajiin
xajiintir,xajiin
xukunkeedu,xukun
xukunka,xukun
xukunayn,xukun
xukuntaa,xukun
xukunkana,xukun
xukunkeeda,xukun
xukunta,xukun
xukunkiisu,xukun
xukunto,xukun
xakaarid,xakaar
xalliyo,xalli
xalliya,xalli
xallinteeda,xalli
xallinteedu,xalli
xallintooda,xalli
xallinta,xalli
xalliyay,xalli
xalliban,xalli
xalliiban,xalli
xallis,xalli
xalliyey,xalli
xallismid,xalli
xallisnaan,xalli
xallisnaansho,xalli
xallinteeda,xallin
xallinteedu,xallin
xallintooda,xallin
xallinta,xallin
xalxalleefsan,xalxal
xalxalid,xalxal
xalxallefsan,xalxal
xalxali,xalxal
xalxalay,xalxal
xalxalin,xalxal
xamaali,xamaal
xamaalid,xamaal
xamaalinnimo,xamaal
xambaarsan,xambaar
xambaarsanaa,xambaar
xambaarasho,xambaar
xambaarid,xambaar
xambaarso,xambaar
xambaarsanyahay,xambaar
xambaarsanayn,xambaar
xambaarad,xambaar
xambaarsasho,xambaar
xambaaraggudub,xambaar
xambaaran,xambaar
xambaaray,xambaar
xambaarnaan,xambaar
xambaarnaansho,xambaar
xambaarsanaan,xambaar
xambaarsad,xambaar
xambaarsanaansho,xambaar
xamdinnaqid,xamdi
xamdiyid,xamdi
xamdinnaqid,xamdinnaq
xammaali,xammaal
xammaalid,xammaal
xammaalinnimo,xammaal
xanaaqa,xanaaq
xanaaqid,xanaaq
xanaaqaan,xanaaq
xanaaqo,xanaaq
xanaaqsan,xanaaq
xanaaqsanaan,xanaaq
xanaaqsanaansho,xanaaq
xanfafid,xanfaf
xannibid,xannib
xannibaadi,xannib
xannibnaa,xannib
xanniba,xannib
xannibo,xannib
xannibaad,xannib
xannibad,xannib
xannibay,xannib
xannibmid,xannib
xannibnaan,xannib
xannibnaansho,xannib
xanshashaqid,xanshashaq
xantiirid,xantiir
xantiirnimo,xantiir
xanuunka,xanuun
xanuunsado,xanuun
xanuuniyo,xanuun
xanuunayaan,xanuun
xanuunayaa,xanuun
xanuunku,xanuun
xanuunsan,xanuun
xanuunid,xanuun
xanuunsasho,xanuun
xanuunjin,xanuun
xanuunsanaya,xanuun
xanuunsada,xanuun
xanuunjiyo,xanuun
xanuunsad,xanuun
xanuunsanaan,xanuun
xanuunsanaansho,xanuun
xanuunso,xanuun
xaqdhawrid,xaqdhawr
xaqiraad,xaqir
xaqiro,xaqir
xaqirid,xaqir
xaqiran,xaqir
xaqiray,xaqir
xaqirnaan,xaqir
xaqirnaansho,xaqir
xaqsoorayo,xaqsoor
xaqsooridda,xaqsoor
xaqsooro,xaqsoor
xaqsooray,xaqsoor
xaqsooran,xaqsoor
xaqsoorid,xaqsoor
xaqsoornaan,xaqsoor
xaqsoornaansho,xaqsoor
xaquuqato,xaquuq
xaquuqid,xaquuq
xaquuqan,xaquuq
xaquuqay,xaquuq
xaquuqnaan,xaquuq
xaquuqnaansho,xaquuq
xarbin,xarbi
xarbiyid,xarbi
radow,radow
xaraarugid,xaraarug
xaraasho,xaraash
xaraashid,xaraash
xarfadka,xarfad
xarfadayn,xarfad
xarfadee,xarfad
xarfadi,xarfad
xarfinta,xarfin
xarkagid,xarkag
xarkagsan,xarkag
xarkagsanaan,xarkag
xarkagsanaansho,xarkag
xargagidda,xargagid
xariira,xariir
xariirta,xariir
xariirin,xariir
xariireed,xariir
xariiranyihiin,xariir
xariiri,xariir
xariirad,xariir
xariirasho,xariir
xariiro,xariir
xariirid,xariir
xąriirid,xąriir
xarriiqda,xarriiq
xarriiqyada,xarriiq
xarriiqid,xarriiq
xarriiqood,xarriiq
xarriiqyadu,xarriiq
xarriiqdani,xarriiq
xarriiqyo,xarriiq
xarriiqaasi,xarriiq
xarriiqaha,xarriiq
xarriiqi,xarriiq
xarriiqo,xarriiq
xarriiqin,xarriiq
xarriiqa,xarriiq
xarriiqdan,xarriiq
xarriiqan,xarriiq
xarriiqnaan,xarriiq
xarriiqnaansho,xarriiq
xarriiqahan,xarriiq
xarshaashid,xarshaash
xarshaasho,xarshaash
xashaashid,xashaash
xasilloonila,xasil
xasilloonayn,xasil
xasill,xasil
xasillooni,xasil
xasilooni,xasil
xasilloon,xasil
xasilid,xasil
xasilin,xasil
xasillan,xasil
xasilloonideeda,xasil
xasilloonaan,xasil
xasillooneyn,xasil
xasilan,xasil
xasilloonidarro,xasil
xasilloonida,xasil
xasildarro,xasil
xasili,xasil
xasillanaan,xasil
xasilloo,xasil
xasillanaansho,xasil
xasilloonaansho,xasil
xayaadka,xayaad
xayaadid,xayaad
xaydaankii,xaydaan
xaylid,xayl
xeebaha,xeeb
xeebeed,xeeb
xeebta,xeeb
xeebeedyada,xeeb
xeebahabariga,xeeb
xeebeedka,xeeb
xeebo,xeeb
xeebad,xeeb
xeebasho,xeeb
xeerarka,xeer
xeeran,xeer
xeerar,xeer
xeerkani,xeer
xeeryaha,xeer
xeerarkiisa,xeer
xeerbeegti,xeer
xeeray,xeer
xeerbeeg,xeer
xeerburis,xeer
xeerjebis,xeer
xeerdhaari,xeer
xeerhoosaad,xeer
xeerid,xeer
xeerjajab,xeer
xeeryan,xeer
xeernaan,xeer
xeernaansho,xeer
xeeryanaan,xeer
xeeryanaansho,xeer
xeeryaqaan,xeer
xeeryid,xeer
xeerarkii,xeer
xeerid,xeeri
xerodhaafid,xerodhaaf
xiddigood,xiddig
xiddigo,xiddig
xiddigaba,xiddig
xiddiga,xiddig
xiddigaha,xiddig
xiddigta,xiddig
xiddigis,xiddig
xiddiguhu,xiddig
xiddiggaas,xiddig
xiddigiye,xiddig
xiddigiska,xiddig
xiddigtadhul,xiddig
xiddigeed,xiddig
xiddigle,xiddig
xiddigga,xiddig
xiddigasheeg,xiddig
xiddigdhul,xiddig
xiddigi,xiddig
xiddigin,xiddig
xididdo,xidid
xididd,xidid
xididdada,xidid
xididdadu,xidid
xididdad,xidid
xididdadiisa,xidid
xididshe,xidid
xididkiisa,xidid
xididkiisana,xidid
xidido,xidid
xididka,xidid
xididku,xidid
xididdadaas,xidid
xididdadiisu,xidid
xididdadiisana,xidid
xididdaduna,xidid
xididbarar,xidid
xididdeysasho,xidid
xididdeyso,xidid
xididi,xidid
xididnimo,xidid
xididid,xidid
xididin,xidid
xididmaskaxeed,xidid
xididxanuun,xidid
xigsinaynta,xigsin
xigsinayn,xigsin
xigsineed,xigsin
xigsinayd,xigsin
xigsineedka,xigsin
xiidanka,xiidan
xiinto,xiin
xiinka,xiin
xiiqdo,xiiq
xiiqayn,xiiq
xiiqley,xiiq
xiiqda,xiiq
xiiqo,xiiq
xiiqaayo,xiiq
xiiqday,xiiq
xiiqi,xiiq
xiiqid,xiiq
xiiqlee,xiiq
xiiqleyn,xiiq
xiiqsan,xiiq
xiiqay,xiiq
xiiqsanaan,xiiq
xiiqsanaansho,xiiq
xiisa,xiis
xiisaalow,xiis
xiisadda,xiis
xiiseeyo,xiis
xiisayn,xiis
xiisadhici,xiis
xiish,xiis
xiiso,xiis
xiiska,xiis
xiisaan,xiis
xiisad,xiis
xiisadhac,xiis
xiisadhicid,xiis
xiisee,xiis
xiisid,xiis
xiisoo,xiis
xiisood,xiis
xijaaban,xijaab
xijaabay,xijaab
xijaabasho,xijaab
xijaabo,xijaab
xijaabid,xijaab
xijaabnaan,xijaab
xijaabnaansho,xijaab
xijiyaa,xiji
xijiyo,xiji
xijinayo,xiji
xijin,xiji
xijiga,xiji
xilafurid,xilafur
xilafursii,xilafur
xilafursiin,xilafur
xilbaxo,xilbax
xilligaasuna,xilli
xilliga,xilli
xilliyada,xilli
xilliyeed,xilli
xilliyeedna,xilli
xilliyadii,xilli
xilliyadu,xilli
xilliyo,xilli
xilligii,xilli
xilliyeedka,xilli
xilligiisa,xilli
xilliigii,xilli
xilliyaddu,xilli
xiloodi,xilo
xiloodin,xilo
xiltirid,xiltir
xiniinyaha,xiniin
xiniinya,xiniin
xiniinyuhu,xiniin
xiniinyo,xiniin
xiniinka,xiniin
xiniintaabasho,xiniin
xiniintaabo,xiniin
xiniinyataabo,xiniin
xiniinyataabasho,xiniin
xirantay,xiran
xiranyahay,xiran
xiranta,xiran
xiranto,xiran
xiranayn,xiran
xirantahay,xiran
xiranaya,xiran
xiranyihiin,xiran
xiranayo,xiran
xirane,xiran
xirantaa,xiran
xirani,xiran
xiriira,xiriir
xiriiriya,xiriir
xiriirfura,xiriir
xiriirka,xiriir
xiriirtaa,xiriir
xiriiriyo,xiriir
xiriirsan,xiriir
xiriirta,xiriir
xiriirin,xiriir
xiriiriso,xiriir
xiriiraan,xiriir
xiriirinta,xiriir
xiriirsamaan,xiriir
xiriiriyaan,xiriir
xiriiriyeyaal,xiriir
xiriirisa,xiriir
xiriiri,xiriir
xiriirfuro,xiriir
xiriirsamid,xiriir
xiriirkuna,xiriir
xiriiriyaal,xiriir
xiriiriyay,xiriir
xiriiriyey,xiriir
xiriirasho,xiriir
xiriirid,xiriir
xiriirfurid,xiriir
xiriirfurad,xiriir
xiriirfurasho,xiriir
xiriirsanaan,xiriir
xiriirsanaansho,xiriir
xiriirsasho,xiriir
xiriirso,xiriir
xiriiro,xiriir
xiriireed,xiriir
xiriiriyaha,xiriir
xiriiriyeyaasha,xiriir
xiriiraa,xiriir
xiriirfura,xiriirfur
xiriirfuro,xiriirfur
xiriirfurid,xiriirfur
xiriirfurad,xiriirfur
xiriirfurasho,xiriirfur
xiriiriyeyaal,xiriiriye
xiriiriyey,xiriiriye
xiriiriyeyaasha,xiriiriye
xirsixirid,xirsixir
xirsixiran,xirsixir
xirsixirnaan,xirsixir
xirsixirnaansho,xirsixir
xisaabta,xisaab
xisaabinta,xisaab
xisaabfallo,xisaab
xisaabfalka,xisaab
xisaabtuu,xisaab
xisaabeed,xisaab
xisaabid,xisaab
xisaabiyo,xisaab
xisaabtamo,xisaab
xisaabtamid,xisaab
xisaabi,xisaab
xisaabfal,xisaab
xisaabo,xisaab
xisaabyahankii,xisaab
xisaabin,xisaab
xisaabay,xisaab
xisaabayo,xisaab
xisaabasho,xisaab
xisaabaad,xisaab
xisaaban,xisaab
xisaabsan,xisaab
xisaabsasho,xisaab
xisaabiye,xisaab
xisaabnaan,xisaab
xisaabsanaan,xisaab
xisaabsanaansho,xisaab
xisaabnaansho,xisaab
xisaabso,xisaab
xoodnaanta,xood
xoodad,xood
xoodka,xood
xooda,xood
xoodo,xood
xoodbeeg,xood
xoodku,xood
xoodanba,xood
xoodaami,xood
xoodaamin,xood
xooday,xood
xoodasho,xood
xoode,xood
xoodi,xood
xoodid,xood
xoodin,xood
xoodmid,xood
xoodsanaan,xood
xoodsanaansho,xood
xoodkaasi,xood
xoodnaansho,xood
xoodsad,xood
xoodsasho,xood
xoodsan,xood
xoodso,xood
xoodsi,xood
xoodanba,xoodan
xoodnaanta,xoodnaan
xoodnaansho,xoodnaan
xoogga,xoog
xoogagga,xoog
xooggan,xoog
xooggaasi,xoog
xoogganeyn,xoog
xooggantahay,xoog
xoogaa,xoog
xoogsan,xoog
xooggiisa,xoog
xoogaysi,xoog
xooggooda,xoog
xooggani,xoog
xoogaggii,xoog
xoogdhabiil,xoog
xoogganyahay,xoog
xooggiisu,xoog
xoogaysan,xoog
xoogid,xoog
xoogganayn,xoog
xooggii,xoog
xoogsade,xoog
xoogan,xoog
xoogsado,xoog
xoogaggu,xoog
xoogag,xoog
xoogna,xoog
xoogsiga,xoog
xoogsi,xoog
xoogsatada,xoog
xooggu,xoog
xoogeysasho,xoog
xoogee,xoog
xoogeyn,xoog
xoogeyso,xoog
xoogoobid,xoog
xoogsasho,xoog
xoogso,xoog
xoogsato,xoog
xoogxaraash,xoog
xoogxaraashnimo,xoog
xoonku,xoon
xoonsamid,xoon
xoonsanaan,xoon
xoonsa,xoon
xoonsanaansho,xoon
xoonshinniyeed,xoon
xoonsanaan,xoonsan
xoonsanaansho,xoonsan
xoorta,xoor
xooray,xoor
xoorka,xoor
xoortii,xoor
xoori,xoor
xoorid,xoor
xoorin,xoor
xoorsato,xoor
xoqado,xoqad
xorgogid,xorgog
xorgogsan,xorgog
xorgogay,xorgog
xorgogsanaan,xorgog
xorgogsanaansho,xorgog
xorjabid,xorjab
xortolid,xortol
xortolan,xortol
xortolay,xortol
xortolasho,xortol
xortolo,xortol
xortolnaan,xortol
xortolnaansho,xortol
xuddunta,xuddun
xudduntu,xuddun
xuddunxirid,xuddun
xuddunxirid,xuddunxir
xumaansho,xumaan
xumaanta,xumaan
xumaanshaha,xumaan
xumaani,xumaan
xundhurta,xundhur
xundhuro,xundhur
xurbintaasina,xurbin
xusulduubid,xusulduub
xuubka,xuub
xuubabka,xuub
xuubkaas,xuub
xuubkii,xuub
xuubab,xuub
xuuble,xuub
xuubsiibasho,xuub
xuubabbays,xuub
xuubdhacsad,xuub
xuubdhacsasho,xuub
xuubdhacso,xuub
xuubdhacsi,xuub
xuubsiibo,xuub
xuubdillaac,xuub
xuubdillaacsad,xuub
xuubdillaacsasho,xuub
xuubdillaacso,xuub
xuubdillaacsi,xuub
xuubin,xuub
xuubeed,xuub
xuubsad,xuub
xuubsasho,xuub
xuubso,xuub
xuubsi,xuub
xuubsiibad,xuub
xuubin,xuubi
yaaba,yaab
yaabo,yaab
yaabid,yaab
yaabaa,yaab
yaabay,yaab
yaabi,yaab
yaabka,yaab
yaabisnimada,yaab
yaabban,yaab
yaabsan,yaab
yaabbanaan,yaab
yaabsanaan,yaab
yaabbanaansho,yaab
yaabin,yaab
yaabsanaansho,yaab
yaabisnimada,yaabis
yaardi,yaar
yaarshey,yaar
yaare,yaar
yaarid,yaar
yabaalid,yabaal
yablasid,yablas
yaboohsasho,yabooh
yaboohid,yabooh
yaboohi,yabooh
yaboohin,yabooh
yaboohis,yabooh
yaboohsad,yabooh
yaboohso,yabooh
yaboohsi,yabooh
yacayda,yacay
yacayan,yacay
yacayid,yacay
yacaynaan,yacay
yacaynaansho,yacay
yagleelid,yagleel
yawyabid,yawyab
yaraansho,yaraan
yaraanta,yaraan
yaraantood,yaraan
yaraynta,yarayn
yaraynaysaa,yarayn
yaxyaxid,yaxyax
yaxyaxi,yaxyax
yaxyaxin,yaxyax
yeelay,yeel
yeela,yeel
yeelid,yeel
yeelasho,yeel
yeele,yeel
yeelaha,yeel
yeelato,yeel
yeeli,yeel
yeelan,yeel
yeelin,yeel
yeelloobid,yeel
yeelanaya,yeel
yeeleysa,yeel
yeelsiiyo,yeel
yeelsiin,yeel
yeelanayo,yeel
yeelanayaa,yeel
yeelo,yeel
yeelayn,yeel
yeelayo,yeel
yeelata,yeel
yeeluhu,yeel
yeelleeyaa,yeel
yeelaa,yeel
yeello,yeel
yeel ,yeel
yeeladiisa,yeel
yeelaale,yeel
yeelaan,yeel
yeelyeelo,yeel
yeeleyso,yeel
yeelyeelid,yeel
yeelayso,yeel
yeelidda,yeel
yeelleeyaan,yeel
yeel  ,yeel
yeelaal,yeel
yeelaali,yeel
yeelaalin,yeel
yeelnaan,yeel
yeelnaansho,yeel
yeelsii,yeel
yeelyeel,yeel
yeelyeelad,yeel
yeelyeelasho,yeel
yeelad,yeel
yeelayaasha,yeel
yeero,yeer
yeerid,yeer
yeeraan,yeer
yeera,yeer
yeerin,yeer
yeerta,yeer
yeeraa,yeer
yeersiin,yeer
yeermo,yeer
yeeray,yeer
yeeriya,yeer
yeerto,yeer
yeeriyey,yeer
yeertay,yeer
yeeriyo,yeer
yeersho,yeer
yeeraya,yeer
yeerasho,yeer
yeeri,yeer
yeersasho,yeer
yeerso,yeer
yeerey,yeer
yibirnimo,yibir
yohoonsan,yohoon
yohoonsanaan,yohoon
yohoonsanaansho,yohoon
yoolgaarid,yoolgaar
yoolyoolid,yoolyool
yooneed,yoon
yoonge,yoon
yoxoobid,yoxoob
yoxoobsasho,yoxoob
yoxoobso,yoxoob
yuubo,yuub
yuuban,yuub
yuubid,yuub
yuubnaan,yuub
yuubnaansho,yuub
yuucid,yuuc
yuucnaan,yuuc
yuucnaansho,yuuc
yuucan,yuuc
yuururid,yuurur
ogaanayaa,ogaa
ogaado,ogaa
ogaadey,ogaa
ogaansho,ogaa
ogaaldiid,ogaa
ogaaldiidid,ogaa
ogaal,ogaa
ogaan,ogaa
ogaadaa,ogaa
ogaaday,ogaa
ogaatdiid,ogaa
ogaada,ogaa
ogaalnimo,ogaa
Adeegasho,Adeeg
Adeege,Adeeg
Adeegid,Adeeg
Adeegsad,Adeeg
Adeegsasho,Adeeg
Afgenbiyid,Afgenbi
Agaagse,Agaag
Agaagsiyid,Agaag
Ardaaggal,Ardaa
Ardaal,Ardaa
Ardaalnimo,Ardaa
Ardayga,Arday
Baaqimo,Baaqi
Baaqin,Baaqi
Baaqid,Baaqi
Baaraandegid,Baaraandeg
Baaris,Baari
Baarid,Baari
Baaritaan,Baari
Baariga,Baari
Baarrimasho,Baarri
Baatir,Baati
Badownimo,Badow
Balian,Bali
Baliagnaan,Bali
Baqtiyid,Baqti
Baraarugid,Baraarug
Baraarugsan,Baraarug
Baraarugsanaan,Baraarug
Beegid,Beeg
Beegsad,Beeg
Beegsasho,Beeg
Beegasho,Beeg
Beridhax,Beri
Beridhaxmo,Beri
Berisamaad,Beri
Bilawaga,Bilaw
Birdhicyo,Birdhi
Buddhige,Buddhig
Bulsheyn,Bulshey
Buuriga,Buuri
Cafiyid,Cafi
Cagaagid,Cagaag
adaygga,adayg
Caqlicetin,Caqli
Caqliggaab,Caqli
Caqlillaawe,Caqli
Caqliga,Caqli
Carraggeddis,Carraggeddi
Carraggeddiyid,Carraggeddi
Carshiga,Carshi
Carshin,Carshi
Cilmiga,Cilmi
Ciyid,Ciyi
Ciyidda,Ciyi
Culays,Culay
Culaysin,Culay
Culayska,Culay
Culayga,Culay
Cuskugid,Cuskug
Dabaaljoogle,Dabaaljoog
Dabaaljoogieyn,Dabaaljoog
Dagaagid,Dagaag
Dagaagnimo,Dagaag
Dangiigid,Dangiig
Dangiigga,Dangiig
Dangiigsad,Dangiig
Dangiigsasho,Dangiig
Dangiigsi,Dangiig
Darandoorriyid,Darandoorri
Darandoorriga,Darandoorri
Darayn,Daray
Deegsiin,Deegsi
Degdegid,Degdeg
Degdegsan,Degdeg
Degdegsiinyo,Degdeg
Delidhac,Deli
Delidhicid,Deli
Denbidhaaf,Denbi
Denbiga,Denbi
Denbidhaafid,Denbi
Denbigii,Denbi
Dersid,Dersi
Dhalid,Dhali
Dhalin,Dhali
Dhaliaandhuux,Dhali
Dhaganwareegid,Dhaganwareeg
Dhasiigid,Dhasiig
Dhaygagid,Dhaygag
Dheegad,Dheeg
Dheegasho,Dheeg
Dheellitir,Dheelli
Dheellitirid,Dheelli
Dheellitiran,Dheelli
Dheellitirnaan,Dheelli
Dheelliyid,Dheelli
Dhegdhegga,Dhegdheg
Dhegdhegid,Dhegdheg
Dheregdhacsiga,Dheregdhacsi
Dhiidhiibsad,Dhiidhi
Dhiidhiibsasho,Dhiidhi
Dhiidhiibsi,Dhiidhi
Dhiidhiiyo,Dhiidhi
Dhiidhiyid,Dhiidhi
Dhillaysi,Dhillay
Dhillaysasho,Dhillay
Dhillaysad,Dhillay
Dhukayasho,Dhukay
abaahiyaan,abaahi
Dhurwaayo,Dhurwaa
Dhuunta,Dhuu
Dhuumasho,Dhuu
Dhuun,Dhuu
Dhuub,Dhuu
Dhuuban,Dhuu
Dhuubid,Dhuu
Dhuubnaan,Dhuu
Dhuubnaansho,Dhuu
Dhuudhi,Dhuu
Dhuug,Dhuu
Dhuugid,Dhuu
Dhuujin,Dhuu
Dhuukis,Dhuu
Dhuukin,Dhuu
Dhuumashow,Dhuu
Dhuumood,Dhuu
Dhuuni,Dhuu
Dhuunirraae,Dhuu
Dhuunirraacnimo,Dhuu
Dhuuntow,Dhuu
Dhuunxir,Dhuu
Dhuunyaale,Dhuu
Dhuunyeerin,Dhuu
Dhuunyid,Dhuu
Dhuur,Dhuu
Dhuurcaso,Dhuu
Dhuuri,Dhuu
Dhuuryid,Dhuu
Dhuuryo,Dhuu
Dhuuso,Dhuu
Dhuux,Dhuu
Dhuuxdheere,Dhuu
Dhuuxa,Dhuu
Dhuuxid,Dhuu
Dhuuxyayn,Dhuu
Dhuureaso,Dhuu
Dhuumaha,Dhuu
Dhuunirraae,Dhuuni
Dhuunirraacnimo,Dhuuni
Dihin,Dihi
Digriyid,Digri
Digriga,Digri
Doobir,Doobi
Dooddiyid,Dooddi
Dugaagad,Dugaag
Dugaagnimo,Dugaag
Dugaagga,Dugaag
Dugsiin,Dugsi
Dugsiyada,Dugsi
Dulmiyid,Dulmi
Dumaalid,Dumaa
Dumaashi,Dumaa
Dureysan,Durey
Duubid,Duubi
Duubis,Duubi
Duugduugid,Duugduug
Ereyga,Erey
Ereyo,Erey
Ereygii,Erey
Ereyada,Erey
Ereyadaasi,Erey
Ereyadaas,Erey
Ereygaan,Erey
Ergeyn,Ergey
Fadhiid,Fadhi
Fadhiidnimo,Fadhi
Fadhiyid,Fadhi
Fadhiga,Fadhi
Fadhiyadiisii,Fadhi
Fadlin,Fadli
Faraatikeen,Faraati
Fiqin,Fiqi
Fuleynnimo,Fuley
Gaardisiin,Gaardi
Gaardiyid,Gaardi
Gaaroodin,Gaaroodi
Gaashaandhigid,Gaashaandhig
Gabayo,Gabay
Gabaygu,Gabay
Gabayaa,Gabay
Gabaye,Gabay
Gabayoox,Gabay
Gabayre,Gabay
Gabbaatiyid,Gabbaati
Gabowsho,Gabow
Garowkaris,Garow
Garowbutaale,Garow
Garowkarin,Garow
Gashiisho,Gashi
Gashin,Gashi
Geddislaha,Geddi
Geddis,Geddi
Geddisad,Geddi
Geddisasho,Geddi
Geddisan,Geddi
Geddisley,Geddi
Geddisnaan,Geddi
Geddiyid,Geddi
Geddisleyda,Geddi
Geeddiga,Geeddi
Geesinnimo,Geesi
Genbiyid,Genbi
Genbise,Genbi
Genbisan,Genbi
Geribbaxan,Geri
Geyid,Geyi
Gocoyo,Gocoy
Gogoldhigga,Gogoldhig
Gogoldhigasho,Gogoldhig
Gooddiyid,Gooddi
Gunaanadseegid,Gunaanadseeg
Gundhig,Gundhi
Gundhigad,Gundhi
Gundhigasho,Gundhi
Gundhigid,Gundhi
Gundhin,Gundhi
Guriga,Guri
Gurid,Guri
Guriggeyn,Guri
Gurin,Guri
Hadid,Hadi
Hadimo,Hadi
Hadiyad,Hadi
Hagagid,Hagag
Halaagid,Halaag
Hamaansiga,Hamaansi
Hamuuman,Hamuu
Hamuumanaan,Hamuu
Hamuuma,Hamuu
Hamuun,Hamuu
Hamuungorgor,Hamuu
Hamuuntir,Hamuu
Hamuuntirad,Hamuu
Hamuuntirasho,Hamuu
Hamuuntirid,Hamuu
Hamuunta,Hamuu
Haraaci,Haraa
Haraan,Haraa
Haraarye,Haraa
Haraati,Haraa
Haraatiyid,Haraa
Haraaryo,Haraa
Haraaryood,Haraa
Haragga,Harag
Harsimo,Harsi
Hiyiwaalc,Hiyi
Hiyikae,Hiyi
Hiyikicid,Hiyi
Hiyiga,Hiyi
Hiyiwaale,Hiyi
Hoobsiin,Hoobsi
Hoobsiis,Hoobsi
Hoogid,Hoog
Hoogaansi,Hoog
Hunguriga,Hunguri
Hunguriyeyn,Hunguri
Hunguriweyni,Hunguri
Hunrin,Hunri
Huurid,Huuri
Isdabajoogid,Isdabajoog
Ishtiraakiyad,Ishtiraaki
Ishtiraakiya,Ishtiraaki
Iskujoogga,Iskujoog
Jaarrin,Jaarri
Jaguugnimo,Jaguug
Jahliga,Jahli
Jeenicalaf,Jeeni
Jeeniqaar,Jeeni
Jeeniwareen,Jeeni
Jilayn,Jilay
Jilays,Jilay
Jilaysan,Jilay
Jilaysmid,Jilay
Jilibdhigid,Jilibdhig
Jinsiyad,Jinsi
Jirsiin,Jirsi
Joogu,Joog
Joogsad,Joog
Joogid,Joog
Joogis,Joog
Joogjoogie,Joog
Joogjoogsad,Joog
Joogjoogsasho,Joog
Joogjoogsi,Joog
Joogsi,Joog
Joogsasho,Joog
Joogteyn,Joog
Joogto,Joog
Jooga,Joog
Kaabid,Kaabi
Kaadsiinyo,Kaadsi
Kaafir,Kaafi
Kaafiyid,Kaafi
Kabayn,Kabay
Kedin,Kedi
Kedis,Kedi
Khaatimo,Khaati
Khaatir,Khaati
Khuurin,Khuuri
Kolayfiiq,Kolay
Kolayga,Kolay
Koranwaayid,Koranwaa
Korjooge,Korjoog
Korjoogeyn,Korjoog
Kufriyid,Kufri
Kuraysad,Kuray
Kuraysasho,Kuray
Kuraysi,Kuray
Laahinnimo,Laahi
Laamin,Laami
Layiignimo,Layiig
Ligligid,Liglig
Liigliiqgad,Liig
Liigliiqasho,Liig
Loogu,Loog
Looga,Loog
Loogid,Loog
Maagid,Maag
Maagasho,Maag
Maageer,Maag
Maalinjoogid,Maalinjoog
Macangagnimo,Macangag
Madowga,Madow
Magaagid,Magaag
Maggowsad,Maggow
Maggowsasho,Maggow
Maglid,Magli
Maraabayn,Maraa
Maraaci,Maraa
Maraaciyid,Maraa
Maraamiir,Maraa
Maraan,Maraa
Maraaciyid,Maraaci
Maragq,Marag
Mardaaddiyid,Mardaaddi
Marmaarriyid,Marmaarri
Maroodiga,Maroodi
Maroodigu,Maroodi
Maroodiyow,Maroodi
Miciin,Mici
Miciindarro,Mici
Miciinid,Mici
Miciinlaawe,Mici
Miciinsad,Mici
Miciinsasho,Mici
Miciinsi,Mici
Miyirdaboolan,Miyi
Miyir,Miyi
Miyirin,Miyi
Miyirsad,Miyi
Miyirsasho,Miyi
Miyirsi,Miyi
Miyirdarro,Miyi
Miyirbeel,Miyi
Miyigii,Miyi
Miyiga,Miyi
Moxoggo,Moxog
Mungaal,Mung
Mungasho,Mung
Naadin,Naadi
Naadir,Naadi
Nabdaaddiyid,Nabdaaddi
Nadiif,Nadi
Nadiifin,Nadi
Nadiifnimo,Nadi
Nadiyayn,Nadi
Neberigu,Neberi
Nebigu,Nebi
Nebinnimo,Nebi
Nebiga,Nebi
Odaynnimo,Oday
Odayoobid,Oday
Orgida,Orgi
Qaalib,Qaali
Qaalimmada,Qaali
Qaalin,Qaali
Qaaliyeyn,Qaali
Qaaliyoobid,Qaali
Qaaraamid,Qaaraami
Qaatil,Qaati
Qaatime,Qaati
Qaatin,Qaati
Qabowga,Qabow
Qaloonbiyid,Qaloonbi
Qaniin,Qani
Qaniinyo,Qani
Qanijiirin,Qani
Qargarsiyan,Qargarsi
Qarsin,Qarsi
Qasdid,Qasdi
Raagsiinyo,Raagsi
Raalliggelin,Raalli
Raallinnimo,Raalli
Raalliyo,Raalli
Raaricid,Raari
Raaricin,Raari
Raarid,Raari
Rajmiyid,Rajmi
Renjiyan,Renji
Renjiyid,Renji
Rootile,Rooti
Rubisaar,Rubi
Rubisaarid,Rubi
Ruugaamin,Ruug
Ruugcadde,Ruug
Ruugid,Ruug
Ruugmaraar,Ruug
Saamisuge,Saami
Saamixid,Saami
Sahwisiin,Sahwi
Sahwiyid,Sahwi
Saloogan,Saloog
Saloogid,Saloog
Saluugmo,Saluug
Saluugid,Saluug
Saluugga,Saluug
Sammiyid,Sammi
Satiilyood,Sati
Satiyayn,Sati
Satiyaysan,Sati
Sebinnimo,Sebi
Shayddaanka,Shay
Shayddaan,Shay
Shugrinnag,Shugri
Shugriyid,Shugri
Sikhile,Sikhi
Sikhinnimo,Sikhi
Sinjibii,Sinji
Sinjidbaan,Sinji
Suufinnimo,Suufi
Tacaddiyid,Tacaddi
Teeriyotanbuur,Teeri
Tigtigan,Tigtig
Tigtigid,Tigtig
Tigtignaan,Tigtig
Tummaatiyid,Tummaati
Turmaagan,Turmaag
Unugga,Unug
Uraano,Uraa
Uraad,Uraa
Uskagga,Uskag
Uskagayn,Uskag
Uskagoobid,Uskag
Waafid,Waafi
Waalid,Waali
Waalidkii,Waali
Waalidku,Waali
aragtidayda,arag
aragtidiisa,arag
aragti,arag
aragagixiyey,arag
aragaggaxo,arag
aragtidoadu,arag
aragtidooda,arag
araggooddu,arag
aragaggax,arag
aragga,arag
araggu,arag
aragtiyari,arag
aragtidi,arag
araggooda,arag
aragtay,arag
aragnimo,arag
araggeeduna,arag
Wadaage,Wadaag
Wadaagid,Wadaag
Wanaagsan,Wanaag
Wanaagsanaan,Wanaag
Wanaagga,Wanaag
Wagtiga,Wagti
Wareegga,Wareeg
Wareegacadde,Wareeg
Wareegid,Wareeg
Wareego,Wareeg
Wareegto,Wareeg
Warsheegid,Warsheeg
Webiga,Webi
Webin,Webi
Wejiga,Weji
Wejitub,Weji
Wejikaduud,Weji
Wejifur,Weji
Wejiggabax,Weji
Wejihid,Weji
Wejiine,Weji
Wejitubid,Weji
Werdiyid,Werdi
Xaajinnimo,Xaaji
Xamdinnaq,Xamdi
Xamdiyid,Xamdi
Xamdinnaqid,Xamdi
Xarigga,Xarig
Xariggii,Xarig
Xiddigasheegid,Xiddigasheeg
Xilliyada,Xilli
Xilliga,Xilli
Xirsixir,Xirsi
Xirsixirid,Xirsi
Xoogga,Xoog
Xoogsi,Xoog
Xoogsato,Xoog
Xoogaa,Xoog
Xoogeyn,Xoog
Xoogoobid,Xoog
Xoogow,Xoog
Xorgogsan,Xorgog
Xuubsiibad,Xuubsi
Xuubsiibasho,Xuubsi
abtiyaal,abti
kodlayaa,kodlay
malgacado,malgacad
xusullo,xusul
fogaanayaa,fogaadey
baaldiyo,baaldi
dulqaatay,dulqaado
farraatiyo,farraati
boorsooyin,boorso
madaxyo,madax
bad,good
gafuurro,gafuur
laamo,laan
walwalayaa,walwaley
cabbey,cab
yimid,kaaley
ciddiyvo,ciddi
qolal,qol
seedo,seed
hirar,hir
urayaa,uray
habaryarooyin,habaryar
mindiyo,mindi
kululaanayaa,kululaaday
masas,mas
qolfo,qolof
lugo,lug
laylyey,layli
simay,sin
oraaho,orah
daloollo,calool
aslay,asal
karaa,awoodey
jeclaaday,jeclaw
geeso,gees
balliyo,balli
afaf,af
isdhimay,isdhin
erayo,eray
ballamay,ballan
dhalaalayaa,dhalaalay
miskiinno,miskiin
bilo,bil
dhiilo,dhiil
awoowayaal,awoowe
masaajiddo,masaajid
guntey,gunud
koobab,koob
baraywal,bare
tegeen,taga
tunag,tanag
xanuuj,xanuuji
dhacdhacayaa,dhacdhacay
doolliyaal,doolli
carabbo,carrab
jirranayaa,jirradey
xiniinyo,xiniin
minan,min
baryey,bari
addoon,addoon
daruuro,daruur
qabuuro,gabri
uugaamey,uugaan
digsiyo,digsi
xargo,xarig
dilindilloonayaa,dilindillooday
dsgaal,dagaal
dabcay,dabac
nabarro,nabar
ceelal,ceel
afat,af
jecel,jeclaaday
gudbayaa,gudbey
buntukhyo,buntukh
hadooyin,hado
fallaaro,fallaar
kaniisado,kaniisad
targallo,targal
waddooyin,waddo
naaso,naas
fatuurado,fatuurad
xarfo,xaraf
dhamay,dhan
doco,doc
socdey,soco
jawaanno,jawaan
dhurwaayo,dhurwaa
xilliyo,xilli
saman,san
tiirar,tiir
dhintay,dhimo
dhego,dheg
geelal,geel
qool,qoolley
dugsiyo,dugsi
naxshey,naxi
farxay,farax
suunniyo,suunni
saaxibbo,saaxiib
janreerayaa,janjeerey
bogorro,boqor
heeso,hees
bilaabay,bilaw
cirfiidyo,cirfiid
gabbaaday,gabbo
khaatiriin,khaatir
muraayado,muraayad
sannado,sannad
jiido,jiid
shanlooyin,shanlo
baqallo,baqal
foolal,fool
darroorayaa,darrooray
xaruumay,xaruun
xeerooyin,xeero
lambarro,lambar
simbiriiriqanayaa,simbiriiriqday
dal,dallad
saxanno,saxan
midabyo,midab
dhagaxyo,dhagax
dheriyo,dheri
hilbo,hilib
salaamay,Salaan
dillaacayaa,dillaacay
kaadinayaa,kaadshey
weylo,weyl
qabiillto,qubtil
barmiillo,barmiil
hindhisanayaa,hindhisay
toddobaadyo,toddobaad
leexanayaa,aday
dalal,dal
aabbayaal,aabbe
qarammo,qaran
gambarro,gambar
idinku,adinku
dukaammo,dukaan
gobollo,g0bol
bishimo,bishin
orday,orod
sakhraansan,sakhraamay
ceeboobey,ceebow
kibrey,kibir
adeerro,adeer
leeyahay,lahaa
macallLimiin,macallin
dabaashay,dabaalo
diiqaq,diiq
caleemo,caleen
gawso,gaws
hurdey,hurud
cawimay,cawin
awr,awr
tuuminayaa,tuumiyey
maroodiyaal,marocdi
noqday,noqo
jabayaa,jabay
tuuggo,tuug
oggolaaday,oggolow
warmo,waran
bisado,bisad
xanuunsanayaa,xanuunsaday
fardho,furas
dinacyo,dhinac
dooroyin,dooro
misko,misig
tumayaa,tunAunay
qoslay,qosol
fandhaallo,fandhaal
shimbiro,shimbir
jasiirado,JaSiirad
mukulaallo,mukulaal
faro,far
guriyo,guri
naago,naag
ulo,ul
lawyo,law
qalimmo,qalin
meelo,meel
dhibico,dhibic
dabooyin,dabo
wanan,wan
gurtay,gurud
albaabbo,albaab
darisyo,daris
baryo,bari
marci,marti
canaananayaa,tay
seefo,seef
qolooyin,qolo
imaanayaa,imid
naylo,nayl
waddanmo,waddan
sambabo,sambab
gabayo,gabay
halaqyo,halaq
warqaado,warqaad
ayaamo,ayaan
furayaal,fure
dermo,derin
baro,bar
dhigay,dhigid
kilakilaynayaa,yey
milmayaa,milmay
xiidmayaal,xiidme
dhulal,dhul
haamo,haan
calammo,calan
qufacayaa,qufacay
xididdo,xidid
fillaanayaa,fillaaday
shabeello,shabeel
dhalooyin,dhalo
qaatay,qaad
timo,tin
birtaawooyin,birtaawo
magacyo,magac
halo,hal
garar,gar
bacramayaa,bacramay
buuro,buur
dameero,dameer
aagaammo,Aapyaan
saliiyo,Salli
ilko,ilig
bislaanayaa,bislaaday
faafayaa,faafay
jinniyo,jinni
shufto,shufti
jaallayaal,jaalle
weerar,weer
dibiyo,dibi
warar,war
qoriyo,qori
qasacado,Gasacad
tukadey,tuko
xaafado,xaafad
miisas,miis
xoogag,xoog
dhabanno,chabar
bakay,bakayle
suuq,suuq
laxo,lax
sabarro,sabar
xaasas,Xaas
ummado,ummad
fishay,filo
kursivo,kursi
arrad,harraaday
jidad,jid
dareemay,dareen
suxullo,suxul
ayeeyayaal,ayeeyo
karayaa,karay
bannooniyo,bamnooni
buugag,buug
qurun,udgoon
ukmo,ukun
buundooyin,buundo
garbo,garab
godad,god
ogaadey,ogoow
lafo,laf
nool,noolaaday
dooxooyin,dooxo
kalagoysyo,kalsgoys
ahaaday,ahaw
webiyo,webi
saqafyo,saqaf
gashay,galo
saco,sac
wiyillo,wiyil
sirwaallo,sirwaal
tiiman,tiin
qarxay,qarax
eeddooyin,eeddo
tukayaal,tuke
jiirar,jiir
yiraahdaa,yiri
jilbo,jilib
tuunshey,tuumi
dariishado,dariishad
qooyey,qoy
kutubbo,kutub
geedo,geed
kobo,kob
naxayaa,naxay
maahmaaho,mrahmaah
noolaaday,noolow
xiddigo,xiddig
sanooyin,sano
gabdho,gabar
feerro,feer
baahanayaa,baahday
laalacshoobey,laalacshcw
laabisyo,laabis
shaydaammo,shaydaan
masawirro,masawir
xukumay,xukun
yanyuuro,yanyuuro
hafayaa,tay
warqado,warqad
tegey,tag
furar,fur
xammaal,Xammuul
dagaallamay,dagaallan
qarar,qar
daallan,daaley
kulmay,kulan
dawocoovin,dawoco
saacado,saacad
codad,cod
dhawaadey,dhawow
xabbado,Xabbad
tilmaamay,tilmaan
maraakiib,markab
kerodhayaa,kororay
agallo,aqal
dambiilo,dambiil
barbarro,barbar
alhaabbo,albaab
gacmo,gacan
qaansooyin,qaanso
indho,il
agoon,agoon
sariiro,sariir
walaalayaal,walaal
beero,beer
toomo,toon
kubbado,kubbad
bixinayaa,bixshey
libaaxyo,libaax
dhacayaa,dhacay
bakado,bakad
baalal,baal
hilmaamay,hilmaan
magaalooyin,magaalo
shunuufo,shunuuf
gawyo,gaw
dugaagado,dugaagad
saaltanayaa,saaltay
jooniyado,jooniyad
amray,amar
geriyo,geri
kelyo,kelli
daawooyin,daawo
jeegag,jeeg
qaxabbo,qaxab
koofiyado,koofiyad
shaqooyin,shago
ayaa,ay
dharaaro,dharaar
ugxo,ugax
waxyaalo,wax
bado,bad
muddey,mud
halaaqoonayaa,halaaqooday
hayaa,hayey
hawlo,hawl
xarriiqyo,xarriiq
xumaaday,xumaw
wiilal,wiil
xabbado,xabbad
taageerkii,taageer
leegada,leego
dhaartii,dhaar
layska,lays
ridey,rid
axmaarana,amxaaro
cadowga,cadow
dawladnimo,dawlad
wiilashii,wiil
maalkiisa ,maal
Awooweyaashii,Awoowe
Biyoobid,Biyo
Bootimaaleysi,Bootimaale
Cadaawennimo,Cadaawe
Camandulleyn,Camandulle
Dhegooleyn,Dhegoole
Dubbeyn,Dubbe
Dubbeys,Dubbe
Dubbeysan,Dubbe
Fahleys,Fahle
Fahleyn,Fahle
Gacantogaaleyn,Gacantogaale
Gacantogaaleys,Gacantogaale
Goleyaashu,Gole
Guddoomiyennimada,Guddoomiye
Hunbaalleyn,Hunbaalle
Jareayn,Jare
Jareexo,Jare
Laafyood,Laafyo
Laxooxeed,Laxoox
Laxooxda,Laxoox
Marmarsiinyood,Marmarsiinyo
Meereyaasha,Meere
Qoodeyn,Qoode
Qoodeysi,Qoode
Qowleysasho,Qowle
Qowlennimo,Qowle
Qowleysate,Qowle
Saddexley,Saddexle
Sandulleyn,Sandulle
Shibbaneyaal,Shibbane
Shibbaneyaasha,Shibbane
Shibbaneyaashu,Shibbane
Siigeyn,Siigo
Sokeeyennimo,Sokeeye
Suuroohid,Suuro
Suurow,Suuro
Tamashleyn,Tamashle
Wadey,Wade
Wadeeco,Wade
Weyneyn,Weyn
Xiloodin,Xilo
Xoghayeyaasha,Xoghaye
